Asset_Class,Management_Type,Name,Dollar_Value,Weighting_Percentage,Security_Identifier,Currency,Listing_Status,Super_Fund,Option_Name,Weighting_Percentage_Clean
Cash,-,SUMITOMO MITSUI BANKING CORP.,556877.0,0.16,-,AUD,,Rest,Sustainable Growth,0.16478896450108532
Cash,-,NBN CO. LTD.,453632.0,0.13,-,AUD,,Rest,Sustainable Growth,0.13423708923973576
Cash,-,PACCAR FINANCIAL PTY. LTD.,416536.0,0.12,-,AUD,,Rest,Sustainable Growth,0.12325977930031959
Cash,-,UNITED OVERSEAS BANK LTD.,393029.0,0.11,-,AUD,,Rest,Sustainable Growth,0.11630367554935303
Cash,-,STANDARD CHARTERED PLC,298179.0,0.08,-,AUD,,Rest,Sustainable Growth,0.0882360173718238
Cash,-,OVERSEAS-CHINESE BANKING CORP. LTD.,214630.0,0.06,-,AUD,,Rest,Sustainable Growth,0.06351250895775537
Cash,-,INDUSTRIAL & COMMERCIAL BANK OF CHINA LTD.,178516.0,0.05,-,AUD,,Rest,Sustainable Growth,0.0528257887951482
Cash,-,TOYOTA FINANCE AUSTRALIA LIMITED,167160.0,0.05,-,AUD,,Rest,Sustainable Growth,0.049465363636855934
Cash,-,BANK OF CHINA LTD.,130723.0,0.04,-,AUD,,Rest,Sustainable Growth,0.03868306251914763
Cash,-,SCENTRE GROUP TRUST 2,123799.0,0.03,-,AUD,,Rest,Sustainable Growth,0.03663413826800148
Cash,-,NATIONAL AUSTRALIA BANK LTD.,117471.0,0.03,-,AUD,,Rest,Sustainable Growth,0.03476158011357444
Cash,-,STATE STREET BANK AND TRUST COMPANY,103773.0,0.03,-,JPY,,Rest,Sustainable Growth,0.03070811905173158
Cash,-,WARTSILA OYJ ABP,95793.0,0.03,-,AUD,,Rest,Sustainable Growth,0.028346707219821368
Cash,-,STATE STREET BANK AND TRUST COMPANY,91348.0,0.03,-,USD,,Rest,Sustainable Growth,0.027031359401169634
Cash,-,AIRSERVICES AUSTRALIA,83518.0,0.02,-,AUD,,Rest,Sustainable Growth,0.024714335009708866
Cash,-,STOCKLAND TRUST MANAGEMENT LTD,71803.0,0.02,-,AUD,,Rest,Sustainable Growth,0.0212476759106076
Cash,-,SCENTRE GROUP TRUST,31937.0,0.01,-,AUD,,Rest,Sustainable Growth,0.009450677904225102
Cash,-,STATE STREET BANK AND TRUST COMPANY,31920.0,0.01,-,GBP,,Rest,Sustainable Growth,0.00944564732764083
Cash,-,STATE STREET BANK AND TRUST COMPANY,18701.0,0.01,-,CAD,,Rest,Sustainable Growth,0.0055339301589665164
Cash,-,STATE STREET BANK AND TRUST COMPANY,16895.0,0.0,-,EUR,,Rest,Sustainable Growth,0.004999505375955259
Cash,-,STATE STREET BANK AND TRUST COMPANY,12290.0,0.0,-,PLN,,Rest,Sustainable Growth,0.0036368109541574504
Cash,-,STATE STREET BANK AND TRUST COMPANY,8741.0,0.0,-,MXN,,Rest,Sustainable Growth,0.0025866041131237002
Cash,-,STATE STREET BANK AND TRUST COMPANY,6378.0,0.0,-,CNY,,Rest,Sustainable Growth,0.0018873539679101887
Cash,-,STATE STREET BANK AND TRUST COMPANY,6117.0,0.0,-,SEK,,Rest,Sustainable Growth,0.001810119821528163
Cash,-,STATE STREET BANK AND TRUST COMPANY,4013.0,0.0,-,SGD,,Rest,Sustainable Growth,0.0011875119901573513
Cash,-,STATE STREET BANK AND TRUST COMPANY,3195.0,0.0,-,NZD,,Rest,Sustainable Growth,0.000945452481573072
Cash,-,STATE STREET BANK AND TRUST COMPANY,2583.0,0.0,-,CZK,,Rest,Sustainable Growth,0.0007643517245393568
Cash,-,STATE STREET BANK AND TRUST COMPANY,2268.0,0.0,-,HUF,,Rest,Sustainable Growth,0.0006711380995955327
Cash,-,STATE STREET BANK AND TRUST COMPANY,2256.0,0.0,-,HKD,,Rest,Sustainable Growth,0.0006675871043595776
Cash,-,STATE STREET BANK AND TRUST COMPANY,1805.0,0.0,-,ILS,,Rest,Sustainable Growth,0.0005341288667415947
Cash,-,STATE STREET BANK AND TRUST COMPANY,1738.0,0.0,-,NOK,,Rest,Sustainable Growth,0.0005143024766741781
Cash,-,STATE STREET BANK AND TRUST COMPANY,594.0,0.0,-,CHF,,Rest,Sustainable Growth,0.0001757742641797824
Cash,-,STATE STREET BANK AND TRUST COMPANY,552.0,0.0,-,DKK,,Rest,Sustainable Growth,0.0001633457808539392
Cash,-,WESTPAC BANKING CORP.,9.0,0.0,-,AUD,,Rest,Sustainable Growth,2.6632464269664e-06
Cash,-,MEMBERS EQUITY BANK LTD,5.0,0.0,-,AUD,,Rest,Sustainable Growth,1.4795813483146665e-06
Cash,-,COMMONWEALTH BANK OF AUSTRALIA LTD.,2.0,0.0,-,AUD,,Rest,Sustainable Growth,5.918325393258667e-07
Cash,-,AUSTRALIA AND NEW ZEALAND BANKING GROUP LIMITED,1.0,0.0,-,AUD,,Rest,Sustainable Growth,2.9591626966293334e-07
Cash,-,STATE STREET BANK AND TRUST COMPANY,-297558.0,-0.08,-,AUD,,Rest,Sustainable Growth,-0.08805225336836311
Fixed Income,Internally,AUSTRALIA AND NEW ZEALAND BANKING GROUP LIMITED,1342938.0,0.38,-,-,,Rest,Sustainable Growth,0.3973972033486003
Fixed Income,Internally,WESTPAC BANKING CORP.,1244329.0,0.35,-,-,,Rest,Sustainable Growth,0.3682171959134081
Fixed Income,Internally,COMMONWEALTH BANK OF AUSTRALIA LTD.,1064939.0,0.3,-,-,,Rest,Sustainable Growth,0.31513277629857456
Fixed Income,Internally,BANK OF TOKYO-MITSUBISHI UFJ LTD.,796841.0,0.22,-,-,,Rest,Sustainable Growth,0.23579821623448144
Fixed Income,Internally,NATIONAL AUSTRALIA BANK LTD.,759171.0,0.21,-,-,,Rest,Sustainable Growth,0.22465105035627875
Fixed Income,Internally,NBN CO. LTD.,749908.0,0.21,-,-,,Rest,Sustainable Growth,0.22190997795039102
Fixed Income,Internally,BENDIGO AND ADELAIDE BANK LTD.,602494.0,0.17,-,-,,Rest,Sustainable Growth,0.17828777697429934
Fixed Income,Internally,CANADIAN IMPERIAL BANK OF COMMERCE,395881.0,0.11,-,-,,Rest,Sustainable Growth,0.1171476287504317
Fixed Income,Internally,OVERSEAS-CHINESE BANKING CORP. LTD.,263527.0,0.07,-,-,,Rest,Sustainable Growth,0.07798192679546383
Fixed Income,Internally,UBS GROUP AG,246999.0,0.07,-,-,,Rest,Sustainable Growth,0.07309102269047486
Fixed Income,Internally,AUSTRALIA T-BILL,241191.0,0.07,-,-,,Rest,Sustainable Growth,0.07137234099627256
Fixed Income,Internally,MACQUARIE BANK LTD,148699.0,0.04,-,-,,Rest,Sustainable Growth,0.044002453382608525
Fixed Income,Internally,BANK OF QUEENSLAND LTD.,143392.0,0.04,-,-,,Rest,Sustainable Growth,0.042432025739507336
Fixed Income,Internally,SUMITOMO MITSUI BANKING CORP.,132991.0,0.04,-,-,,Rest,Sustainable Growth,0.03935420061874316
Fixed Income,Internally,ROYAL BANK OF CANADA,118690.0,0.03,-,-,,Rest,Sustainable Growth,0.03512230204629355
Fixed Income,Internally,FIRSTMAC MORTGAGE FUNDING TRUST NO. 4,98671.0,0.03,-,-,,Rest,Sustainable Growth,0.029198354243911293
Fixed Income,Internally,INDUSTRIAL & COMMERCIAL BANK OF CHINA LTD.,95718.0,0.03,-,-,,Rest,Sustainable Growth,0.02832451349959665
Fixed Income,Internally,NORFINA LTD.,85543.0,0.02,-,-,,Rest,Sustainable Growth,0.025313565455776305
Fixed Income,Internally,APOLLO TRUST,79220.0,0.02,-,-,,Rest,Sustainable Growth,0.023442486882697577
Fixed Income,Internally,MUFG BANK LTD.,66653.0,0.02,-,-,,Rest,Sustainable Growth,0.019723707121843494
Fixed Income,Internally,IDOL TRUST,58962.0,0.02,-,-,,Rest,Sustainable Growth,0.017447815091865874
Fixed Income,Internally,PUMA SERIES 2023-1,47564.0,0.01,-,-,,Rest,Sustainable Growth,0.01407496145024776
Fixed Income,Internally,MIZUHO BANK LTD.,42581.0,0.01,-,-,,Rest,Sustainable Growth,0.012600410678517365
Fixed Income,Internally,LION TRUST,25244.0,0.01,-,-,,Rest,Sustainable Growth,0.007470110311371089
Fixed Income,Internally,PROGRESS TRUST,19689.0,0.01,-,-,,Rest,Sustainable Growth,0.005826295433393494
Fixed Income,Internally,MEDALLION TRUST,18611.0,0.01,-,-,,Rest,Sustainable Growth,0.005507297694696852
Fixed Income,Internally,THE SUPERANNUATION MEMBERS HOME LOAN PROGRAMME,18520.0,0.01,-,-,,Rest,Sustainable Growth,0.005480369314157525
Fixed Income,Internally,RABOBANK UA/AU,16795.0,0.0,-,-,,Rest,Sustainable Growth,0.004969913748988965
Fixed Income,Internally,KINGFISHER TRUST,13311.0,0.0,-,-,,Rest,Sustainable Growth,0.003938941465483305
Fixed Income,Internally,NATIONAL RMBS TRUST,13193.0,0.0,-,-,,Rest,Sustainable Growth,0.003904023345663079
Fixed Income,Internally,WESTPAC SECURITISATION TRUST,12663.0,0.0,-,-,,Rest,Sustainable Growth,0.003747187722741725
Fixed Income,Internally,REDS TRUST,11048.0,0.0,-,-,,Rest,Sustainable Growth,0.003269282947236087
Fixed Income,Internally,TORRENS TRUST,9655.0,0.0,-,-,,Rest,Sustainable Growth,0.002857071583595621
Fixed Income,Externally,UBS ASSET MANAGEMENT (AUSTRALIA) LTD,20686396.0,5.84,-,-,,Rest,Sustainable Growth,6.121441137090225
Equity,-,CommBank,13372538.0,3.77,CBA AU,-,Listed,Rest,Sustainable Growth,3.9571515608858228
Equity,-,Nvidia,8432573.0,2.38,NVDA US,-,Listed,Rest,Sustainable Growth,2.495335545820371
Equity,-,Microsoft,8222731.0,2.32,MSFT US,-,Listed,Rest,Sustainable Growth,2.4332398839617615
Equity,-,NAB,5805981.0,1.64,NAB AU,-,Listed,Rest,Sustainable Growth,1.7180842392538673
Equity,-,Csl,5307886.0,1.5,CSL AU,-,Listed,Rest,Sustainable Growth,1.5706898249161085
Equity,-,Anz,4753242.0,1.34,ANZ AU,-,Listed,Rest,Sustainable Growth,1.4065616414451805
Equity,-,Amazon,4419245.0,1.25,AMZN US,-,Listed,Rest,Sustainable Growth,1.30772649512657
Equity,-,Westpac,4308785.0,1.22,WBC AU,-,Listed,Rest,Sustainable Growth,1.2750395839796023
Equity,-,Macquarie,3490379.0,0.98,MQG AU,-,Listed,Rest,Sustainable Growth,1.0328599333898396
Equity,-,Telstra,3385714.0,0.96,TLS AU,-,Listed,Rest,Sustainable Growth,1.0018878570255687
Equity,-,Broadcom,2396876.0,0.68,AVGO US,-,Listed,Rest,Sustainable Growth,0.709274604764613
Equity,-,Brambles,2307905.0,0.65,BXB AU,-,Listed,Rest,Sustainable Growth,0.6829466383364321
Equity,-,Woolworths,2130341.0,0.6,WOW AU,-,Listed,Rest,Sustainable Growth,0.6304025618300031
Equity,-,Transurban,2084813.0,0.59,TCL AU,-,Listed,Rest,Sustainable Growth,0.616930085904789
Equity,-,Visa,1932696.0,0.55,V US,-,Listed,Rest,Sustainable Growth,0.5719161907124726
Equity,-,Coles,1913317.0,0.54,COL AU,-,Listed,Rest,Sustainable Growth,0.5661816293226746
Equity,-,Qbe Insurance,1707432.0,0.48,QBE AU,-,Listed,Rest,Sustainable Growth,0.5052569081431215
Equity,-,Eli Lilly,1635137.0,0.46,LLY US,-,Listed,Rest,Sustainable Growth,0.48386364142783983
Equity,-,Suncorp,1619572.0,0.46,SUN AU,-,Listed,Rest,Sustainable Growth,0.47925770469053625
Equity,-,Netflix,1571633.0,0.44,NFLX US,-,Listed,Rest,Sustainable Growth,0.4650717746391648
Equity,-,Computershare,1560933.0,0.44,CPU AU,-,Listed,Rest,Sustainable Growth,0.4619054705537715
Equity,-,Bluescope Steel,1538667.0,0.43,BSL AU,-,Listed,Rest,Sustainable Growth,0.4553165988934566
Equity,-,Cochlear,1490015.0,0.42,COH AU,-,Listed,Rest,Sustainable Growth,0.4409196805418156
Equity,-,Mastercard,1465086.0,0.41,MA US,-,Listed,Rest,Sustainable Growth,0.43354278385538836
Equity,-,Capstone Copper,1441705.0,0.41,CSC AU,-,Listed,Rest,Sustainable Growth,0.4266239655543993
Equity,-,Home Depot,1275321.0,0.36,HD US,-,Listed,Rest,Sustainable Growth,0.37738823294280177
Equity,-,Booking,1251597.0,0.35,BKNG US,-,Listed,Rest,Sustainable Growth,0.37036791536131836
Equity,-,Bendigo And Adelaide Bank,1220528.0,0.34,BEN AU,-,Listed,Rest,Sustainable Growth,0.3611740927791607
Equity,-,Amcor,1153020.0,0.33,AMC AU,-,Listed,Rest,Sustainable Growth,0.34119737724675536
Equity,-,Cognizant Technology Solutions,1133074.0,0.32,CTSH US,-,Listed,Rest,Sustainable Growth,0.3352950313320585
Equity,-,Unicredit Spa,1096602.0,0.31,UCG IM,-,Listed,Rest,Sustainable Growth,0.32450237314491204
Equity,-,Abbvie,1092583.0,0.31,ABBV US,-,Listed,Rest,Sustainable Growth,0.3233130856571367
Equity,-,Sims,1071377.0,0.3,SGM AU,-,Listed,Rest,Sustainable Growth,0.3170378852426645
Equity,-,Bank Of America,1052928.0,0.3,BAC US,-,Listed,Rest,Sustainable Growth,0.31157852598365304
Equity,-,Amphenol,1048267.0,0.3,APH US,-,Listed,Rest,Sustainable Growth,0.3101992602507541
Equity,-,Perseus Mining,1004404.0,0.28,PRU AU,-,Listed,Rest,Sustainable Growth,0.2972194849145289
Equity,-,Boston Scientific,986631.0,0.28,BSX US,-,Listed,Rest,Sustainable Growth,0.29196016505380956
Equity,-,Iluka Resources,982723.0,0.28,ILU AU,-,Listed,Rest,Sustainable Growth,0.2908037242719668
Equity,-,Citi Bank,973246.0,0.27,C US,-,Listed,Rest,Sustainable Growth,0.2879993257843712
Equity,-,Parker-Hannifin,971644.0,0.27,PH US,-,Listed,Rest,Sustainable Growth,0.2875252679203712
Equity,-,Jb Hi-Fi,963373.0,0.27,JBH AU,-,Listed,Rest,Sustainable Growth,0.2850777444539891
Equity,-,Technology One,950251.0,0.27,TNE AU,-,Listed,Rest,Sustainable Growth,0.28119473116347204
Equity,-,Verisign,944355.0,0.27,VRSN US,-,Listed,Rest,Sustainable Growth,0.2794500088375394
Equity,-,Te Connectivity,934642.0,0.26,TEL US,-,Listed,Rest,Sustainable Growth,0.2765757741103033
Equity,-,Sonic Healthcare,933268.0,0.26,SHL AU,-,Listed,Rest,Sustainable Growth,0.2761691851557865
Equity,-,Evolution Mining,927922.0,0.26,EVN AU,-,Listed,Rest,Sustainable Growth,0.27458721677816844
Equity,-,Oracle,920007.0,0.26,ORCL US,-,Listed,Rest,Sustainable Growth,0.2722450395037863
Equity,-,James Hardie Industries,909964.0,0.26,JHX AU,-,Listed,Rest,Sustainable Growth,0.26927315240756144
Equity,-,Royal Bank Of Canada,907567.0,0.26,RY CN,-,Listed,Rest,Sustainable Growth,0.2685638411091794
Equity,-,Abbott Laboratories,905238.0,0.26,ABT US,-,Listed,Rest,Sustainable Growth,0.26787465211713446
Equity,-,S&P Global,893653.0,0.25,SPGI US,-,Listed,Rest,Sustainable Growth,0.26444646213308937
Equity,-,Igo,893157.0,0.25,IGO AU,-,Listed,Rest,Sustainable Growth,0.2642996876633365
Equity,-,Rea,873392.0,0.25,REA AU,-,Listed,Rest,Sustainable Growth,0.25845090259344866
Equity,-,Asml Nv,848543.0,0.24,ASML NA,-,Listed,Rest,Sustainable Growth,0.25109767920859444
Equity,-,Wisetech Global,835309.0,0.24,WTC AU,-,Listed,Rest,Sustainable Growth,0.24718152329587517
Equity,-,Cisco Systems,813009.0,0.23,CSCO US,-,Listed,Rest,Sustainable Growth,0.24058259048239175
Equity,-,Applied Materials,807120.0,0.23,AMAT US,-,Listed,Rest,Sustainable Growth,0.23883993957034672
Equity,-,Newmont,802586.0,0.23,NEM AU,-,Listed,Rest,Sustainable Growth,0.237498255203695
Equity,-,Ramsay Health Care,802121.0,0.23,RHC AU,-,Listed,Rest,Sustainable Growth,0.23736065413830174
Equity,-,Pilbara Minerals,793728.0,0.22,PLS AU,-,Listed,Rest,Sustainable Growth,0.23487702888702072
Equity,-,Auckland Airport,791319.0,0.22,AIA AU,-,Listed,Rest,Sustainable Growth,0.23416416659340272
Equity,-,Carsales,788492.0,0.22,CAR AU,-,Listed,Rest,Sustainable Growth,0.23332761129906562
Equity,-,Steadfast,780694.0,0.22,SDF AU,-,Listed,Rest,Sustainable Growth,0.23102005622823407
Equity,-,Chubb,775116.0,0.22,CB US,-,Listed,Rest,Sustainable Growth,0.22936943527605425
Equity,-,Godaddy,771142.0,0.22,GDDY US,-,Listed,Rest,Sustainable Growth,0.22819346402041374
Equity,-,Als,762533.0,0.22,ALQ AU,-,Listed,Rest,Sustainable Growth,0.22564592085488555
Equity,-,Sap Se,758079.0,0.21,SAP GR,-,Listed,Rest,Sustainable Growth,0.2243279097898068
Equity,-,Accenture,756186.0,0.21,ACN US,-,Listed,Rest,Sustainable Growth,0.2237677402913349
Equity,-,Intuit,749032.0,0.21,INTU US,-,Listed,Rest,Sustainable Growth,0.22165075529816625
Equity,-,Metlife,743575.0,0.21,MET US,-,Listed,Rest,Sustainable Growth,0.22003594021461564
Equity,-,Trane Technologies,730066.0,0.21,TT US,-,Listed,Rest,Sustainable Growth,0.21603840732773907
Equity,-,Verizon Communications,717917.0,0.2,VZ US,-,Listed,Rest,Sustainable Growth,0.21244332056760412
Equity,-,Resmed,705641.0,0.2,RMD AU,-,Listed,Rest,Sustainable Growth,0.2088106524412219
Equity,-,Garmin,702107.0,0.2,GRMN US,-,Listed,Rest,Sustainable Growth,0.20776488434423313
Equity,-,American Express,697414.0,0.2,AXP US,-,Listed,Rest,Sustainable Growth,0.20637614929070497
Equity,-,Texas Instruments,694933.0,0.2,TXN US,-,Listed,Rest,Sustainable Growth,0.20564198102567122
Equity,-,Qualcomm,693334.0,0.2,QCOM US,-,Listed,Rest,Sustainable Growth,0.2051688109104802
Equity,-,Snowflake,683046.0,0.19,SNOW US,-,Listed,Rest,Sustainable Growth,0.20212442432818797
Equity,-,Champion Iron,682297.0,0.19,CIA AU,-,Listed,Rest,Sustainable Growth,0.2019027830422104
Equity,-,Comcast,678223.0,0.19,CMCSA US,-,Listed,Rest,Sustainable Growth,0.20069722015960365
Equity,-,Constellation Software,673403.0,0.19,CSU CN,-,Listed,Rest,Sustainable Growth,0.19927090373982828
Equity,-,Church & Dwight,672081.0,0.19,CHD US,-,Listed,Rest,Sustainable Growth,0.19887970243133388
Equity,-,Kla,666260.0,0.19,KLAC US,-,Listed,Rest,Sustainable Growth,0.19715717382562595
Equity,-,Anheuser-Busch Inbev Sa,664576.0,0.19,ABI BB,-,Listed,Rest,Sustainable Growth,0.19665885082751355
Equity,-,Intuitive Surgical,663632.0,0.19,ISRG US,-,Listed,Rest,Sustainable Growth,0.19637950586895175
Equity,-,Agnico Eagle Mines,662225.0,0.19,AEM CN,-,Listed,Rest,Sustainable Growth,0.19596315167753603
Equity,-,Advanced Micro Devices,656105.0,0.19,AMD US,-,Listed,Rest,Sustainable Growth,0.19415214410719886
Equity,-,Atlas Arteria,655906.0,0.19,ALX AU,-,Listed,Rest,Sustainable Growth,0.19409325676953595
Equity,-,Autodesk,654132.0,0.18,ADSK US,-,Listed,Rest,Sustainable Growth,0.19356830130715388
Equity,-,At&T,652628.0,0.18,T US,-,Listed,Rest,Sustainable Growth,0.19312324323758084
Equity,-,Insurance Australia,646363.0,0.18,IAG AU,-,Listed,Rest,Sustainable Growth,0.19126932780814257
Equity,-,Linde,644829.0,0.18,LIN US,-,Listed,Rest,Sustainable Growth,0.1908153922504796
Equity,-,Analog Devices,644762.0,0.18,ADI US,-,Listed,Rest,Sustainable Growth,0.19079556586041221
Equity,-,Scout24 Se,641049.0,0.18,G24 GR,-,Listed,Rest,Sustainable Growth,0.18969682875115373
Equity,-,Mitsubishi Ufj Financial,639267.0,0.18,8306 JP,-,Listed,Rest,Sustainable Growth,0.18916950595861437
Equity,-,Ventia Services,632008.0,0.18,VNT AU,-,Listed,Rest,Sustainable Growth,0.18702144975713117
Equity,-,Progressive,630850.0,0.18,PGR US,-,Listed,Rest,Sustainable Growth,0.18667877871686148
Equity,-,Hydro One,624894.0,0.18,H CN,-,Listed,Rest,Sustainable Growth,0.18491630141474905
Equity,-,Cme,620701.0,0.18,CME US,-,Listed,Rest,Sustainable Growth,0.18367552449605237
Equity,-,Servicenow,619165.0,0.17,NOW US,-,Listed,Rest,Sustainable Growth,0.1832209971058501
Equity,-,Sigma Healthcare,619048.0,0.17,SIG AU,-,Listed,Rest,Sustainable Growth,0.18318637490229955
Equity,-,Sherwin-Williams,617718.0,0.17,SHW US,-,Listed,Rest,Sustainable Growth,0.18279280626364783
Equity,-,Deere &,617715.0,0.17,DE US,-,Listed,Rest,Sustainable Growth,0.18279191851483884
Equity,-,Starbucks,617406.0,0.17,SBUX US,-,Listed,Rest,Sustainable Growth,0.182700480387513
Equity,-,Blackrock,617062.0,0.17,BLK US,-,Listed,Rest,Sustainable Growth,0.18259868519074895
Equity,-,Deterra Royalties,616423.0,0.17,DRR AU,-,Listed,Rest,Sustainable Growth,0.18240959469443435
Equity,-,Dnb Bank Asa,616377.0,0.17,DNB NO,-,Listed,Rest,Sustainable Growth,0.18239598254602984
Equity,-,Aflac,616137.0,0.17,AFL US,-,Listed,Rest,Sustainable Growth,0.18232496264131073
Equity,-,American Water Works,612951.0,0.17,AWK US,-,Listed,Rest,Sustainable Growth,0.18138217340616464
Equity,-,Amgen,611898.0,0.17,AMGN US,-,Listed,Rest,Sustainable Growth,0.18107057357420955
Equity,-,Lynas Rare Earths,589295.0,0.17,LYC AU,-,Listed,Rest,Sustainable Growth,0.1743819781310183
Equity,-,Arista Networks,579433.0,0.16,ANET US,-,Listed,Rest,Sustainable Growth,0.17146365187960244
Equity,-,Caixabank Sa,578950.0,0.16,CABK SM,-,Listed,Rest,Sustainable Growth,0.17132072432135523
Equity,-,Roper Technologies,574075.0,0.16,ROP US,-,Listed,Rest,Sustainable Growth,0.16987813250674846
Equity,-,Thomson Reuters,573337.0,0.16,TRI CN,-,Listed,Rest,Sustainable Growth,0.1696597462997372
Equity,-,Nutrien,568450.0,0.16,NTR CN,-,Listed,Rest,Sustainable Growth,0.16821360348989445
Equity,-,Fisher & Paykel Healthcare,567482.0,0.16,FPH AU,-,Listed,Rest,Sustainable Growth,0.16792715654086074
Equity,-,Sumitomo Mitsui Financial,567348.0,0.16,8316 JP,-,Listed,Rest,Sustainable Growth,0.1678875037607259
Equity,-,Lam Research,562058.0,0.16,LRCX US,-,Listed,Rest,Sustainable Growth,0.16632210669420897
Equity,-,Pro Medicus,561667.0,0.16,PME AU,-,Listed,Rest,Sustainable Growth,0.16620640343277077
Equity,-,Loblaw Cos,559977.0,0.16,L CN,-,Listed,Rest,Sustainable Growth,0.16570630493704042
Equity,-,Mitsubishi Heavy Industries,557715.0,0.16,7011 JP,-,Listed,Rest,Sustainable Growth,0.16503694233506286
Equity,-,Fiserv,556003.0,0.16,FI US,-,Listed,Rest,Sustainable Growth,0.1645303336813999
Equity,-,Abb,552907.0,0.16,ABBN SW,-,Listed,Rest,Sustainable Growth,0.1636141769105235
Equity,-,Tokio Marine,541328.0,0.15,8766 JP,-,Listed,Rest,Sustainable Growth,0.16018776242409635
Equity,-,Mtu Aero Engines Ag,540734.0,0.15,MTX GR,-,Listed,Rest,Sustainable Growth,0.1600119881599166
Equity,-,Twilio,540117.0,0.15,TWLO US,-,Listed,Rest,Sustainable Growth,0.15982940782153454
Equity,-,Electronic Arts,539882.0,0.15,EA US,-,Listed,Rest,Sustainable Growth,0.15975986749816376
Equity,-,Softbank,537765.0,0.15,9434 JP,-,Listed,Rest,Sustainable Growth,0.15913341275528733
Equity,-,Gilead Sciences,535174.0,0.15,GILD US,-,Listed,Rest,Sustainable Growth,0.15836669370059067
Equity,-,Novo Nordisk As,534216.0,0.15,NOVOB DC,-,Listed,Rest,Sustainable Growth,0.1580832059142536
Equity,-,Cigna,526235.0,0.15,CI US,-,Listed,Rest,Sustainable Growth,0.15572149816607372
Equity,-,Sysco,523887.0,0.15,SYY US,-,Listed,Rest,Sustainable Growth,0.15502668676490516
Equity,-,Imdex,519959.0,0.15,IMD AU,-,Listed,Rest,Sustainable Growth,0.15386432765766914
Equity,-,Telenor Asa,517974.0,0.15,TEL NO,-,Listed,Rest,Sustainable Growth,0.15327693386238822
Equity,-,Ameriprise Financial,517877.0,0.15,AMP US,-,Listed,Rest,Sustainable Growth,0.1532482299842309
Equity,-,Bank Of Queensland,516953.0,0.15,BOQ AU,-,Listed,Rest,Sustainable Growth,0.15297480335106237
Equity,-,Pnc Financial Services,512661.0,0.14,PNC US,-,Listed,Rest,Sustainable Growth,0.15170473072166907
Equity,-,Vinci Sa,499649.0,0.14,DG FP,-,Listed,Rest,Sustainable Growth,0.147854268220815
Equity,-,Uber Technologies,491185.0,0.14,UBER US,-,Listed,Rest,Sustainable Growth,0.1453496329143879
Equity,-,Challenger,488942.0,0.14,CGF AU,-,Listed,Rest,Sustainable Growth,0.14468589272153393
Equity,-,Bwp Trust,485985.0,0.14,BWP AU,-,Listed,Rest,Sustainable Growth,0.14381086831214066
Equity,-,Moody'S,478300.0,0.13,MCO US,-,Listed,Rest,Sustainable Growth,0.141536751779781
Equity,-,Cloudflare,470245.0,0.13,NET US,-,Listed,Rest,Sustainable Growth,0.13915314622764607
Equity,-,Eaton,466749.0,0.13,ETN US,-,Listed,Rest,Sustainable Growth,0.13811862294890448
Equity,-,Chipotle Mexican Grill,464472.0,0.13,CMG US,-,Listed,Rest,Sustainable Growth,0.13744482160288196
Equity,-,Unitedhealth,463289.0,0.13,UNH US,-,Listed,Rest,Sustainable Growth,0.13709475265587073
Equity,-,Asx,462246.0,0.13,ASX AU,-,Listed,Rest,Sustainable Growth,0.13678611198661228
Equity,-,3I,461138.0,0.13,III LN,-,Listed,Rest,Sustainable Growth,0.13645823675982574
Equity,-,Adobe,458034.0,0.13,ADBE US,-,Listed,Rest,Sustainable Growth,0.135539712658792
Equity,-,Pfizer,454928.0,0.13,PFE US,-,Listed,Rest,Sustainable Growth,0.13462059672521892
Equity,-,Compass,448009.0,0.13,CPG LN,-,Listed,Rest,Sustainable Growth,0.13257315205542108
Equity,-,Bank Of Nova Scotia,447400.0,0.13,BNS CN,-,Listed,Rest,Sustainable Growth,0.13239293904719637
Equity,-,Aia,443456.0,0.13,1299 HK,-,Listed,Rest,Sustainable Growth,0.13122584527964576
Equity,-,Takeda Pharmaceutical,441453.0,0.12,4502 JP,-,Listed,Rest,Sustainable Growth,0.1306331249915109
Equity,-,Hilton Worldwide,437342.0,0.12,HLT US,-,Listed,Rest,Sustainable Growth,0.1294166132069266
Equity,-,Reece,431514.0,0.12,REH AU,-,Listed,Rest,Sustainable Growth,0.127692013187331
Equity,-,Micron Technology,426968.0,0.12,MU US,-,Listed,Rest,Sustainable Growth,0.12634677782544332
Equity,-,Amadeus It Sa,426401.0,0.12,AMS SM,-,Listed,Rest,Sustainable Growth,0.12617899330054444
Equity,-,Steel Dynamics,425173.0,0.12,STLD US,-,Listed,Rest,Sustainable Growth,0.12581560812139836
Equity,-,L'Oreal Sa,424535.0,0.12,OR FP,-,Listed,Rest,Sustainable Growth,0.12562681354135338
Equity,-,Corning,423992.0,0.12,GLW US,-,Listed,Rest,Sustainable Growth,0.12546613100692644
Equity,-,Hewlett Packard Enterprise,419826.0,0.12,HPE US,-,Listed,Rest,Sustainable Growth,0.12423334382751065
Equity,-,Mac Copper,417025.0,0.12,MAC AU,-,Listed,Rest,Sustainable Growth,0.12340448235618477
Equity,-,Axon Enterprise,415525.0,0.12,AXON US,-,Listed,Rest,Sustainable Growth,0.12296060795169038
Equity,-,Sanofi,415276.0,0.12,SAN FP,-,Listed,Rest,Sustainable Growth,0.1228869248005443
Equity,-,Cadence Design Systems,414789.0,0.12,CDNS US,-,Listed,Rest,Sustainable Growth,0.12274281357721846
Equity,-,Metro,413927.0,0.12,MRU CN,-,Listed,Rest,Sustainable Growth,0.12248773375276899
Equity,-,Nufarm,413122.0,0.12,NUF AU,-,Listed,Rest,Sustainable Growth,0.12224952115569034
Equity,-,Tmx,410557.0,0.12,X CN,-,Listed,Rest,Sustainable Growth,0.1214904959240049
Equity,-,Otis Worldwide,408144.0,0.12,OTIS US,-,Listed,Rest,Sustainable Growth,0.12077644996530826
Equity,-,Ebay,408002.0,0.12,EBAY US,-,Listed,Rest,Sustainable Growth,0.12073442985501612
Equity,-,Ametek,404498.0,0.11,AME US,-,Listed,Rest,Sustainable Growth,0.11969753924611719
Equity,-,Yara International Asa,403608.0,0.11,YAR NO,-,Listed,Rest,Sustainable Growth,0.1194341737661172
Equity,-,Mercadolibre,403607.0,0.11,MELI US,-,Listed,Rest,Sustainable Growth,0.11943387784984752
Equity,-,Blackstone,401726.0,0.11,BX US,-,Listed,Rest,Sustainable Growth,0.11887725934661154
Equity,-,Nib,391030.0,0.11,NHF AU,-,Listed,Rest,Sustainable Growth,0.11571213892629681
Equity,-,Netwealth,389479.0,0.11,NWL AU,-,Listed,Rest,Sustainable Growth,0.11525317279204961
Equity,-,Bank Of Montreal,388545.0,0.11,BMO CN,-,Listed,Rest,Sustainable Growth,0.11497678699618442
Equity,-,Ccl Industries,388315.0,0.11,CCLB CN,-,Listed,Rest,Sustainable Growth,0.11490872625416196
Equity,-,Take-Two Interactive Software,388144.0,0.11,TTWO US,-,Listed,Rest,Sustainable Growth,0.1148581245720496
Equity,-,Synopsys,385295.0,0.11,SNPS US,-,Listed,Rest,Sustainable Growth,0.1140150591197799
Equity,-,United Parcel Service,379557.0,0.11,UPS US,-,Listed,Rest,Sustainable Growth,0.11231709156445398
Equity,-,Aon,377382.0,0.11,AON US,-,Listed,Rest,Sustainable Growth,0.1116734736779371
Equity,-,George Weston,375282.0,0.11,WN CN,-,Listed,Rest,Sustainable Growth,0.11105204951164493
Equity,-,Walt Disney,372949.0,0.11,DIS US,-,Listed,Rest,Sustainable Growth,0.1103616768545213
Equity,-,Yum! Brands,364786.0,0.1,YUM US,-,Listed,Rest,Sustainable Growth,0.1079461123452628
Equity,-,Develop Global,360171.0,0.1,DVP AU,-,Listed,Rest,Sustainable Growth,0.10658045876076835
Equity,-,Pinterest,357363.0,0.1,PINS US,-,Listed,Rest,Sustainable Growth,0.10574952587555483
Equity,-,Nippon Telegraph & Telephone,356169.0,0.1,9432 JP,-,Listed,Rest,Sustainable Growth,0.10539620184957729
Equity,-,Sika Ag,355543.0,0.1,SIKA SW,-,Listed,Rest,Sustainable Growth,0.1052109582647683
Equity,-,Cummins,355281.0,0.1,CMI US,-,Listed,Rest,Sustainable Growth,0.1051334282021166
Equity,-,Singapore Exchange,352076.0,0.1,SGX SP,-,Listed,Rest,Sustainable Growth,0.10418501655784691
Equity,-,Hershey,349590.0,0.1,HSY US,-,Listed,Rest,Sustainable Growth,0.10344936871146486
Equity,-,Paychex,348543.0,0.1,PAYX US,-,Listed,Rest,Sustainable Growth,0.10313954437712776
Equity,-,Vertex Pharmaceuticals,348331.0,0.1,VRTX US,-,Listed,Rest,Sustainable Growth,0.10307681012795922
Equity,-,Liontown Resources,347170.0,0.1,LTR AU,-,Listed,Rest,Sustainable Growth,0.10273325133888056
Equity,-,Verisk Analytics,346743.0,0.1,VRSK US,-,Listed,Rest,Sustainable Growth,0.10260689509173448
Equity,-,Telefonica Sa,341539.0,0.1,TEF SM,-,Listed,Rest,Sustainable Growth,0.10106694682440859
Equity,-,Netapp,338813.0,0.1,NTAP US,-,Listed,Rest,Sustainable Growth,0.10026027907330742
Equity,-,Haleon,336576.0,0.09,HLN LN,-,Listed,Rest,Sustainable Growth,0.09959831437807146
Equity,-,F5,336331.0,0.09,FFIV US,-,Listed,Rest,Sustainable Growth,0.09952581489200403
Equity,-,Snap,335855.0,0.09,SNAP US,-,Listed,Rest,Sustainable Growth,0.09938495874764447
Equity,-,Trimble,334394.0,0.09,TRMB US,-,Listed,Rest,Sustainable Growth,0.09895262507766693
Equity,-,Intercontinental Exchange,333611.0,0.09,ICE US,-,Listed,Rest,Sustainable Growth,0.09872092263852085
Equity,-,Genuine Parts,330328.0,0.09,GPC US,-,Listed,Rest,Sustainable Growth,0.09774942952521745
Equity,-,Broadridge Financial Solutions,327446.0,0.09,BR US,-,Listed,Rest,Sustainable Growth,0.09689659883604887
Equity,-,Gsk,324760.0,0.09,GSK LN,-,Listed,Rest,Sustainable Growth,0.09610176773573421
Equity,-,Terna - Rete Elettrica Nazionale,322905.0,0.09,TRN IM,-,Listed,Rest,Sustainable Growth,0.09555284305550948
Equity,-,Cbre,322044.0,0.09,CBRE US,-,Listed,Rest,Sustainable Growth,0.0952980591473297
Equity,-,Nxp Semiconductors Nv,319125.0,0.09,NXPI US,-,Listed,Rest,Sustainable Growth,0.0944342795561836
Equity,-,Bank Of New York Mellon,318676.0,0.09,BK US,-,Listed,Rest,Sustainable Growth,0.09430141315110493
Equity,-,Essilorluxottica Sa,318393.0,0.09,EL FP,-,Listed,Rest,Sustainable Growth,0.09421766884679034
Equity,-,Bayerische Motoren Werke Ag,315716.0,0.09,BMW3 GR,-,Listed,Rest,Sustainable Growth,0.09342550099290264
Equity,-,Cae,313950.0,0.09,CAE CN,-,Listed,Rest,Sustainable Growth,0.09290291286067791
Equity,-,Prosus Nv,313936.0,0.09,PRX NA,-,Listed,Rest,Sustainable Growth,0.09289877003290263
Equity,-,Softbank,311107.0,0.09,9984 JP,-,Listed,Rest,Sustainable Growth,0.0920616229060262
Equity,-,Sun Hung Kai Properties,310594.0,0.09,16 HK,-,Listed,Rest,Sustainable Growth,0.09190981785968912
Equity,-,Fair Isaac,310509.0,0.09,FICO US,-,Listed,Rest,Sustainable Growth,0.09188466497676777
Equity,-,Wixcom,309954.0,0.09,WIX US,-,Listed,Rest,Sustainable Growth,0.09172043144710483
Equity,-,Mongodb,309412.0,0.09,MDB US,-,Listed,Rest,Sustainable Growth,0.09156004482894753
Equity,-,Sun Life Financial,307893.0,0.09,SLF CN,-,Listed,Rest,Sustainable Growth,0.09111054801532953
Equity,-,Flight Centre Travel,307048.0,0.09,FLT AU,-,Listed,Rest,Sustainable Growth,0.09086049876746435
Equity,-,Agilent Technologies,306308.0,0.09,A US,-,Listed,Rest,Sustainable Growth,0.09064152072791377
Equity,-,Dr Ing Hc F Porsche Ag,305873.0,0.09,P911 GR,-,Listed,Rest,Sustainable Growth,0.0905127971506104
Equity,-,Keyence,305572.0,0.09,6861 JP,-,Listed,Rest,Sustainable Growth,0.09042372635344186
Equity,-,Givaudan Sa,304271.0,0.09,GIVN SW,-,Listed,Rest,Sustainable Growth,0.09003873928661038
Equity,-,Intact Financial,304010.0,0.09,IFC CN,-,Listed,Rest,Sustainable Growth,0.08996150514022835
Equity,-,Jabil,302558.0,0.09,JBL US,-,Listed,Rest,Sustainable Growth,0.08953183471667778
Equity,-,Lifestyle Communities,301193.0,0.08,LIC AU,-,Listed,Rest,Sustainable Growth,0.08912790900858787
Equity,-,Banco Bilbao Vizcaya Argentaria Sa,298355.0,0.08,BBVA SM,-,Listed,Rest,Sustainable Growth,0.08828809863528447
Equity,-,Palo Alto Networks,296263.0,0.08,PANW US,-,Listed,Rest,Sustainable Growth,0.08766904179914962
Equity,-,Service Stream,293800.0,0.08,SSM AU,-,Listed,Rest,Sustainable Growth,0.08694020002696981
Equity,-,G8 Education,289228.0,0.08,GEM AU,-,Listed,Rest,Sustainable Growth,0.08558727084207088
Equity,-,Auto Trader,288375.0,0.08,AUTO LN,-,Listed,Rest,Sustainable Growth,0.0853348542640484
Equity,-,Travelers Cos,286448.0,0.08,TRV US,-,Listed,Rest,Sustainable Growth,0.08476462361240793
Equity,-,Schneider Electric Se,286175.0,0.08,SU FP,-,Listed,Rest,Sustainable Growth,0.08468383847078995
Equity,-,Super Retail,285905.0,0.08,SUL AU,-,Listed,Rest,Sustainable Growth,0.08460394107798096
Equity,-,Lpl Financial,285179.0,0.08,LPLA US,-,Listed,Rest,Sustainable Growth,0.08438910586620565
Equity,-,Amp,282449.0,0.08,AMP AU,-,Listed,Rest,Sustainable Growth,0.08358125445002584
Equity,-,Recruit,281343.0,0.08,6098 JP,-,Listed,Rest,Sustainable Growth,0.08325397105577866
Equity,-,Merck,279119.0,0.08,MRK US,-,Listed,Rest,Sustainable Growth,0.08259585327204828
Equity,-,Akamai Technologies,278977.0,0.08,AKAM US,-,Listed,Rest,Sustainable Growth,0.08255383316175614
Equity,-,Juniper Networks,278761.0,0.08,JNPR US,-,Listed,Rest,Sustainable Growth,0.08248991524750895
Equity,-,Boliden Ab,278727.0,0.08,BOL SS,-,Listed,Rest,Sustainable Growth,0.08247985409434042
Equity,-,Capital One Financial,273246.0,0.08,COF US,-,Listed,Rest,Sustainable Growth,0.08085793702031788
Equity,-,Secom,272067.0,0.08,9735 JP,-,Listed,Rest,Sustainable Growth,0.08050905173838528
Equity,-,Orora,271840.0,0.08,ORA AU,-,Listed,Rest,Sustainable Growth,0.0804418787451718
Equity,-,Dell Technologies,268524.0,0.08,DELL US,-,Listed,Rest,Sustainable Growth,0.0794606203949695
Equity,-,Fortinet,265293.0,0.07,FTNT US,-,Listed,Rest,Sustainable Growth,0.07850451492768858
Equity,-,Cdw,262226.0,0.07,CDW US,-,Listed,Rest,Sustainable Growth,0.07759693972863235
Equity,-,Paccar,261418.0,0.07,PCAR US,-,Listed,Rest,Sustainable Growth,0.07735783938274471
Equity,-,Monster Beverage,260529.0,0.07,MNST US,-,Listed,Rest,Sustainable Growth,0.07709476981901435
Equity,-,Magna International,259197.0,0.07,MG CN,-,Listed,Rest,Sustainable Growth,0.07670060934782333
Equity,-,Apollo Global Management,257238.0,0.07,APO US,-,Listed,Rest,Sustainable Growth,0.07612090937555364
Equity,-,Regions Financial,253669.0,0.07,RF US,-,Listed,Rest,Sustainable Growth,0.07506478420912663
Equity,-,J M Smucker,249581.0,0.07,SJM US,-,Listed,Rest,Sustainable Growth,0.07385507849874456
Equity,-,Doordash,249339.0,0.07,DASH US,-,Listed,Rest,Sustainable Growth,0.07378346676148613
Equity,-,Dbs,248933.0,0.07,DBS SP,-,Listed,Rest,Sustainable Growth,0.07366332475600297
Equity,-,Ford Motor,248533.0,0.07,F US,-,Listed,Rest,Sustainable Growth,0.0735449582481378
Equity,-,Boc Hong Kong,248066.0,0.07,2388 HK,-,Listed,Rest,Sustainable Growth,0.07340676535020522
Equity,-,Cvs Health,248018.0,0.07,CVS US,-,Listed,Rest,Sustainable Growth,0.0733925613692614
Equity,-,Goldman Sachs,246821.0,0.07,GS US,-,Listed,Rest,Sustainable Growth,0.07303834959447486
Equity,-,Ivanhoe Mines,246766.0,0.07,IVN CN,-,Listed,Rest,Sustainable Growth,0.07302207419964339
Equity,-,Great-West Lifeco,243143.0,0.07,GWO CN,-,Listed,Rest,Sustainable Growth,0.0719499695546546
Equity,-,Swisscom Ag,242803.0,0.07,SCMN SW,-,Listed,Rest,Sustainable Growth,0.0718493580229692
Equity,-,Western Digital,242017.0,0.07,WDC US,-,Listed,Rest,Sustainable Growth,0.07161676783501414
Equity,-,Check Point Software Technologies,239734.0,0.07,CHKP US,-,Listed,Rest,Sustainable Growth,0.07094119099137365
Equity,-,Intel,239658.0,0.07,INTC US,-,Listed,Rest,Sustainable Growth,0.07091870135487928
Equity,-,Aercap Nv,237890.0,0.07,AER US,-,Listed,Rest,Sustainable Growth,0.0703955213901152
Equity,-,Life360,236818.0,0.07,360 AU,-,Listed,Rest,Sustainable Growth,0.07007829914903654
Equity,-,Rpm International,235630.0,0.07,RPM US,-,Listed,Rest,Sustainable Growth,0.06972675062067697
Equity,-,Trade Desk,234568.0,0.07,TTD US,-,Listed,Rest,Sustainable Growth,0.06941248754229495
Equity,-,Fidelity National Information Services,232261.0,0.07,FIS US,-,Listed,Rest,Sustainable Growth,0.06872980870818254
Equity,-,Ooh!Media,232149.0,0.07,OML AU,-,Listed,Rest,Sustainable Growth,0.06869666608598031
Equity,-,Ms&Ad Insurance,230728.0,0.07,8725 JP,-,Listed,Rest,Sustainable Growth,0.06827616906678928
Equity,-,Kddi,229141.0,0.06,9433 JP,-,Listed,Rest,Sustainable Growth,0.0678065499468342
Equity,-,Aisin,228725.0,0.06,7259 JP,-,Listed,Rest,Sustainable Growth,0.06768344877865443
Equity,-,Nine Entertainment,227808.0,0.06,NEC AU,-,Listed,Rest,Sustainable Growth,0.06741209355937351
Equity,-,Hongkong Land,227665.0,0.06,HKL SP,-,Listed,Rest,Sustainable Growth,0.06736977753281172
Equity,-,Veeva Systems,226061.0,0.06,VEEV US,-,Listed,Rest,Sustainable Growth,0.06689512783627237
Equity,-,Medibank Pvt,224538.0,0.06,MPL AU,-,Listed,Rest,Sustainable Growth,0.06644444735757572
Equity,-,Monolithic Power Systems,224003.0,0.06,MPWR US,-,Listed,Rest,Sustainable Growth,0.06628613215330606
Equity,-,Reddit,223216.0,0.06,RDDT US,-,Listed,Rest,Sustainable Growth,0.06605324604908133
Equity,-,Spotify Technology Sa,223167.0,0.06,SPOT US,-,Listed,Rest,Sustainable Growth,0.06603874615186785
Equity,-,Microchip Technology,222226.0,0.06,MCHP US,-,Listed,Rest,Sustainable Growth,0.06576028894211502
Equity,-,Ferguson Enterprises,222211.0,0.06,FERG US,-,Listed,Rest,Sustainable Growth,0.06575585019807008
Equity,-,Salesforce,221077.0,0.06,CRM US,-,Listed,Rest,Sustainable Growth,0.06542028114827231
Equity,-,Smiths,220533.0,0.06,SMIN LN,-,Listed,Rest,Sustainable Growth,0.06525930269757567
Equity,-,Tradeweb Markets,217411.0,0.06,TW US,-,Listed,Rest,Sustainable Growth,0.06433545210368799
Equity,-,Bristol-Myers Squibb,217368.0,0.06,BMY US,-,Listed,Rest,Sustainable Growth,0.06432272770409249
Equity,-,Regis Resources,217317.0,0.06,RRL AU,-,Listed,Rest,Sustainable Growth,0.06430763597433968
Equity,-,Treasury Wine Estates,217176.0,0.06,TWE AU,-,Listed,Rest,Sustainable Growth,0.06426591178031721
Equity,-,Logitech International Sa,216437.0,0.06,LOGN SW,-,Listed,Rest,Sustainable Growth,0.0640472296570363
Equity,-,Antofagasta,215040.0,0.06,ANTO LN,-,Listed,Rest,Sustainable Growth,0.06363383462831718
Equity,-,United Utilities,212330.0,0.06,UU LN,-,Listed,Rest,Sustainable Growth,0.06283190153753063
Equity,-,Insignia Financial,210634.0,0.06,IFL AU,-,Listed,Rest,Sustainable Growth,0.06233002754418229
Equity,-,Tyler Technologies,210562.0,0.06,TYL US,-,Listed,Rest,Sustainable Growth,0.06230872157276657
Equity,-,Edp Renovaveis Sa,210513.0,0.06,EDPR PL,-,Listed,Rest,Sustainable Growth,0.06229422167555309
Equity,-,Legal & General,207575.0,0.06,LGEN LN,-,Listed,Rest,Sustainable Growth,0.06142481967528338
Equity,-,Clorox,206894.0,0.06,CLX US,-,Listed,Rest,Sustainable Growth,0.06122330069564293
Equity,-,Hermes International,204898.0,0.06,RMS FP,-,Listed,Rest,Sustainable Growth,0.06063265182139571
Equity,-,Vulcan Steel,204300.0,0.06,VSL AU,-,Listed,Rest,Sustainable Growth,0.06045569389213727
Equity,-,Ramelius Resources,204265.0,0.06,RMS AU,-,Listed,Rest,Sustainable Growth,0.06044533682269907
Equity,-,Republic Services,203741.0,0.06,RSG US,-,Listed,Rest,Sustainable Growth,0.0602902766973957
Equity,-,Thermo Fisher Scientific,202970.0,0.06,TMO US,-,Listed,Rest,Sustainable Growth,0.060062125253485574
Equity,-,Sony,202707.0,0.06,6758 JP,-,Listed,Rest,Sustainable Growth,0.05998429927456422
Equity,-,Nasdaq,202296.0,0.06,NDAQ US,-,Listed,Rest,Sustainable Growth,0.059862677687732756
Equity,-,Societe Generale Sa,201976.0,0.06,GLE FP,-,Listed,Rest,Sustainable Growth,0.05976798448144062
Equity,-,Edwards Lifesciences,200487.0,0.06,EW US,-,Listed,Rest,Sustainable Growth,0.059327365155912505
Equity,-,London Stock Exchange,199359.0,0.06,LSEG LN,-,Listed,Rest,Sustainable Growth,0.058993571603732725
Equity,-,Hoya,197921.0,0.06,7741 JP,-,Listed,Rest,Sustainable Growth,0.058568044007957426
Equity,-,Nn Nv,197642.0,0.06,NN NA,-,Listed,Rest,Sustainable Growth,0.05848548336872146
Equity,-,Mtr,196403.0,0.06,66 HK,-,Listed,Rest,Sustainable Growth,0.05811884311060909
Equity,-,Mccormick &,194848.0,0.05,MKC US,-,Listed,Rest,Sustainable Growth,0.05765869331128324
Equity,-,Gjensidige Forsikring Asa,194705.0,0.05,GJF NO,-,Listed,Rest,Sustainable Growth,0.05761637728472142
Equity,-,Fujitsu,194155.0,0.05,6702 JP,-,Listed,Rest,Sustainable Growth,0.057453623336406814
Equity,-,Mcmillan Shakespeare,192895.0,0.05,MMS AU,-,Listed,Rest,Sustainable Growth,0.057080768836631525
Equity,-,Vodafone,192648.0,0.05,VOD LN,-,Listed,Rest,Sustainable Growth,0.057007677518024776
Equity,-,Fastenal,192412.0,0.05,FAST US,-,Listed,Rest,Sustainable Growth,0.05693784127838433
Equity,-,Orkla Asa,190327.0,0.05,ORK NO,-,Listed,Rest,Sustainable Growth,0.056320855856137116
Equity,-,Novartis Ag,189835.0,0.05,NOVN SW,-,Listed,Rest,Sustainable Growth,0.05617526505146295
Equity,-,Fleetpartners,187801.0,0.05,FPR AU,-,Listed,Rest,Sustainable Growth,0.05557337135896854
Equity,-,East Japan Railway,187650.0,0.05,9020 JP,-,Listed,Rest,Sustainable Growth,0.05552868800224943
Equity,-,Quest Diagnostics,186084.0,0.05,DGX US,-,Listed,Rest,Sustainable Growth,0.05506528312395728
Equity,-,Wsp Global,185210.0,0.05,WSP CN,-,Listed,Rest,Sustainable Growth,0.054806652304271876
Equity,-,Xylem,184448.0,0.05,XYL US,-,Listed,Rest,Sustainable Growth,0.054581164106788725
Equity,-,Fortive,184214.0,0.05,FTV US,-,Listed,Rest,Sustainable Growth,0.0545119196996876
Equity,-,Resona,183936.0,0.05,8308 JP,-,Listed,Rest,Sustainable Growth,0.054429654976721295
Equity,-,Cgi,182619.0,0.05,GIBA CN,-,Listed,Rest,Sustainable Growth,0.05403993324957522
Equity,-,Reliance,181372.0,0.05,RS US,-,Listed,Rest,Sustainable Growth,0.05367092566130554
Equity,-,Z,180986.0,0.05,4689 JP,-,Listed,Rest,Sustainable Growth,0.05355670198121565
Equity,-,Genesis Minerals,180341.0,0.05,GMD AU,-,Listed,Rest,Sustainable Growth,0.053365835987283054
Equity,-,Waste Management,179327.0,0.05,WM US,-,Listed,Rest,Sustainable Growth,0.05306577688984484
Equity,-,Perpetual,179162.0,0.05,PPT AU,-,Listed,Rest,Sustainable Growth,0.05301695070535046
Equity,-,Industrivarden Ab,179110.0,0.05,INDUA SS,-,Listed,Rest,Sustainable Growth,0.05300156305932799
Equity,-,Premier Investments,178164.0,0.05,PMV AU,-,Listed,Rest,Sustainable Growth,0.052721626268226844
Equity,-,Chugai Pharmaceutical,178060.0,0.05,4519 JP,-,Listed,Rest,Sustainable Growth,0.05269085097618191
Equity,-,Coca-Cola Hbc Ag,176224.0,0.05,CCH LN,-,Listed,Rest,Sustainable Growth,0.052147548705080767
Equity,-,Hologic,175251.0,0.05,HOLX US,-,Listed,Rest,Sustainable Growth,0.05185962217469873
Equity,-,Singapore Telecommunications,172283.0,0.05,ST SP,-,Listed,Rest,Sustainable Growth,0.050981342686339144
Equity,-,Super Micro Computer,171864.0,0.05,SMCI US,-,Listed,Rest,Sustainable Growth,0.05085735376935037
Equity,-,Bnp Paribas,171779.0,0.05,BNP FP,-,Listed,Rest,Sustainable Growth,0.05083220088642902
Equity,-,Costar,170509.0,0.05,CSGP US,-,Listed,Rest,Sustainable Growth,0.0504563872239571
Equity,-,Ptc,170104.0,0.05,PTC US,-,Listed,Rest,Sustainable Growth,0.05033654113474361
Equity,-,Ebos,169909.0,0.05,EBO AU,-,Listed,Rest,Sustainable Growth,0.05027883746215934
Equity,-,Block,169792.0,0.05,XYZ AU,-,Listed,Rest,Sustainable Growth,0.050244215258608775
Equity,-,Bt,169711.0,0.05,BTA LN,-,Listed,Rest,Sustainable Growth,0.050220246040766074
Equity,-,Webjet,169251.0,0.05,WEB AU,-,Listed,Rest,Sustainable Growth,0.05008412455672112
Equity,-,Vertiv,168552.0,0.05,VRT US,-,Listed,Rest,Sustainable Growth,0.04987727908422674
Equity,-,Qantas Airways,167977.0,0.05,QAN AU,-,Listed,Rest,Sustainable Growth,0.049707127229170554
Equity,-,Tractor Supply,167529.0,0.05,TSCO US,-,Listed,Rest,Sustainable Growth,0.049574556740361556
Equity,-,Iqvia,167511.0,0.05,IQV US,-,Listed,Rest,Sustainable Growth,0.04956923024750762
Equity,-,Keurig Dr Pepper,167410.0,0.05,KDP US,-,Listed,Rest,Sustainable Growth,0.04953934270427166
Equity,-,Ulta Beauty,165556.0,0.05,ULTA US,-,Listed,Rest,Sustainable Growth,0.048990713940316594
Equity,-,Campbell Soup,165461.0,0.05,CPB US,-,Listed,Rest,Sustainable Growth,0.04896260189469861
Equity,-,Saab Ab,165421.0,0.05,SAABB SS,-,Listed,Rest,Sustainable Growth,0.048950765243912085
Equity,-,Hong Kong Exchanges & Clearing,164771.0,0.05,388 HK,-,Listed,Rest,Sustainable Growth,0.04875841966863119
Equity,-,Credit Agricole Sa,164631.0,0.05,ACA FP,-,Listed,Rest,Sustainable Growth,0.04871699139087837
Equity,-,Prudential,164216.0,0.05,PRU LN,-,Listed,Rest,Sustainable Growth,0.04859418613896826
Equity,-,Paypal,162588.0,0.05,PYPL US,-,Listed,Rest,Sustainable Growth,0.048112434451957
Equity,-,Dollar General,162353.0,0.05,DG US,-,Listed,Rest,Sustainable Growth,0.048042894128586214
Equity,-,Advantest,161374.0,0.05,6857 JP,-,Listed,Rest,Sustainable Growth,0.0477531921005862
Equity,-,Komatsu,161297.0,0.05,6301 JP,-,Listed,Rest,Sustainable Growth,0.04773040654782215
Equity,-,Carlyle,161129.0,0.05,CG US,-,Listed,Rest,Sustainable Growth,0.04768069261451878
Equity,-,Principal Financial,160172.0,0.05,PFG US,-,Listed,Rest,Sustainable Growth,0.04739750074445136
Equity,-,Zip,159796.0,0.05,ZIP AU,-,Listed,Rest,Sustainable Growth,0.0472862362270581
Equity,-,Informa,158228.0,0.04,INF LN,-,Listed,Rest,Sustainable Growth,0.04682223951622662
Equity,-,Mystate,156878.0,0.04,MYS AU,-,Listed,Rest,Sustainable Growth,0.04642275255218165
Equity,-,Veralto,156281.0,0.04,VLTO US,-,Listed,Rest,Sustainable Growth,0.04624609053919288
Equity,-,Target,154117.0,0.04,TGT US,-,Listed,Rest,Sustainable Growth,0.045605727731642294
Equity,-,Fanuc,153113.0,0.04,6954 JP,-,Listed,Rest,Sustainable Growth,0.04530862779690071
Equity,-,Ucb Sa,153081.0,0.04,UCB BB,-,Listed,Rest,Sustainable Growth,0.045299158476271494
Equity,-,Iress,152605.0,0.04,IRE AU,-,Listed,Rest,Sustainable Growth,0.04515830233191194
Equity,-,Asm International Nv,147754.0,0.04,ASM NA,-,Listed,Rest,Sustainable Growth,0.04372281250777705
Equity,-,Expeditors International Of Washington,147613.0,0.04,EXPD US,-,Listed,Rest,Sustainable Growth,0.04368108831375458
Equity,-,Deutsche Post Ag,146891.0,0.04,DHL GR,-,Listed,Rest,Sustainable Growth,0.043467436767057936
Equity,-,American International,146600.0,0.04,AIG US,-,Listed,Rest,Sustainable Growth,0.043381325132586024
Equity,-,Sino Land,145096.0,0.04,83 HK,-,Listed,Rest,Sustainable Growth,0.04293626706301298
Equity,-,Nomura,145032.0,0.04,8604 JP,-,Listed,Rest,Sustainable Growth,0.042917328421754546
Equity,-,Swire Pacific,140991.0,0.04,19 HK,-,Listed,Rest,Sustainable Growth,0.041721530776046636
Equity,-,Sumitomo Electric Industries,140625.0,0.04,5802 JP,-,Listed,Rest,Sustainable Growth,0.04161322542134999
Equity,-,Waters,140590.0,0.04,WAT US,-,Listed,Rest,Sustainable Growth,0.0416028683519118
Equity,-,Snap-On,139756.0,0.04,SNA US,-,Listed,Rest,Sustainable Growth,0.04135607418301291
Equity,-,Henkel Ag & Kgaa,139723.0,0.04,HEN GR,-,Listed,Rest,Sustainable Growth,0.04134630894611403
Equity,-,Dollar Tree,139304.0,0.04,DLTR US,-,Listed,Rest,Sustainable Growth,0.041222320029125264
Equity,-,Mizrahi Tefahot Bank,137564.0,0.04,MZTF IT,-,Listed,Rest,Sustainable Growth,0.04070742571991176
Equity,-,Truist Financial,137421.0,0.04,TFC US,-,Listed,Rest,Sustainable Growth,0.04066510969334996
Equity,-,Fifth Third Bancorp,136609.0,0.04,FITB US,-,Listed,Rest,Sustainable Growth,0.040424825682383654
Equity,-,Nordson,136002.0,0.04,NDSN US,-,Listed,Rest,Sustainable Growth,0.04024520450669826
Equity,-,Downer Group,135565.0,0.04,DOW AU,-,Listed,Rest,Sustainable Growth,0.04011588909685555
Equity,-,Infineon Technologies Ag,134969.0,0.04,IFX GR,-,Listed,Rest,Sustainable Growth,0.039939523000136444
Equity,-,Cyberark Software,134042.0,0.04,CYBR US,-,Listed,Rest,Sustainable Growth,0.039665208618158906
Equity,-,Applovin,133800.0,0.04,APP US,-,Listed,Rest,Sustainable Growth,0.03959359688090048
Equity,-,Heico,132525.0,0.04,HEIA US,-,Listed,Rest,Sustainable Growth,0.03921630363708024
Equity,-,Smartgroup,132053.0,0.04,SIQ AU,-,Listed,Rest,Sustainable Growth,0.03907663115779934
Equity,-,M&T Bank,131810.0,0.04,MTB US,-,Listed,Rest,Sustainable Growth,0.03900472350427124
Equity,-,Darden Restaurants,131554.0,0.04,DRI US,-,Listed,Rest,Sustainable Growth,0.03892896893923753
Equity,-,West Fraser Timber,129966.0,0.04,WFG CN,-,Listed,Rest,Sustainable Growth,0.03845905390301279
Equity,-,Perkinelmer,129942.0,0.04,RVTY US,-,Listed,Rest,Sustainable Growth,0.03845195191254088
Equity,-,Aptiv,128700.0,0.04,APTV US,-,Listed,Rest,Sustainable Growth,0.038084423905619516
Equity,-,Owens Corning,128657.0,0.04,OC US,-,Listed,Rest,Sustainable Growth,0.038071699506024015
Equity,-,Codan,128058.0,0.04,CDA AU,-,Listed,Rest,Sustainable Growth,0.03789444566049592
Equity,-,Humana,128048.0,0.04,HUM US,-,Listed,Rest,Sustainable Growth,0.03789148649779929
Equity,-,Mizuho Financial,127248.0,0.04,8411 JP,-,Listed,Rest,Sustainable Growth,0.03765475348206894
Equity,-,Ricoh,125704.0,0.04,7752 JP,-,Listed,Rest,Sustainable Growth,0.03719785876170937
Equity,-,Emerald Resources Nl,125277.0,0.04,EMR AU,-,Listed,Rest,Sustainable Growth,0.037071502514563294
Equity,-,Kering Sa,124342.0,0.04,KER FP,-,Listed,Rest,Sustainable Growth,0.036794820802428456
Equity,-,Ball,123284.0,0.03,BALL US,-,Listed,Rest,Sustainable Growth,0.03648174138912507
Equity,-,Kellanova,122813.0,0.03,K US,-,Listed,Rest,Sustainable Growth,0.036342364826113825
Equity,-,Datadog,122043.0,0.03,DDOG US,-,Listed,Rest,Sustainable Growth,0.036114509298473374
Equity,-,Allianz Se,121632.0,0.03,ALV GR,-,Listed,Rest,Sustainable Growth,0.035992887711641906
Equity,-,Atlassian,120221.0,0.03,TEAM US,-,Listed,Rest,Sustainable Growth,0.03557534985514751
Equity,-,Avery Dennison,119903.0,0.03,AVY US,-,Listed,Rest,Sustainable Growth,0.035481248481394695
Equity,-,Vat Ag,118501.0,0.03,VACN SW,-,Listed,Rest,Sustainable Growth,0.03506637387132726
Equity,-,Cie Financiere Richemont Sa,118389.0,0.03,CFR SW,-,Listed,Rest,Sustainable Growth,0.03503323124912501
Equity,-,Domino'S Pizza,118292.0,0.03,DPZ US,-,Listed,Rest,Sustainable Growth,0.03500452737096771
Equity,-,Celestica,117383.0,0.03,CLS CN,-,Listed,Rest,Sustainable Growth,0.0347355394818441
Equity,-,Zoetis,117000.0,0.03,ZTS US,-,Listed,Rest,Sustainable Growth,0.034622203550563196
Equity,-,West Pharmaceutical Services,116850.0,0.03,WST US,-,Listed,Rest,Sustainable Growth,0.034577816110113756
Equity,-,Lennox International,115079.0,0.03,LII US,-,Listed,Rest,Sustainable Growth,0.034053748396540705
Equity,-,Propel Funeral Partners,115016.0,0.03,PFP AU,-,Listed,Rest,Sustainable Growth,0.03403510567155194
Equity,-,Telus,114101.0,0.03,T CN,-,Listed,Rest,Sustainable Growth,0.03376434228481035
Equity,-,Pentair,111104.0,0.03,PNR US,-,Listed,Rest,Sustainable Growth,0.03287748122463054
Equity,-,Lendlease,109798.0,0.03,LLC AU,-,Listed,Rest,Sustainable Growth,0.032491014576450754
Equity,-,Corporate Travel Management,109172.0,0.03,CTD AU,-,Listed,Rest,Sustainable Growth,0.03230577099164175
Equity,-,Royalty Pharma,109052.0,0.03,RPRX US,-,Listed,Rest,Sustainable Growth,0.032270261039282204
Equity,-,Toppan,108401.0,0.03,7911 JP,-,Listed,Rest,Sustainable Growth,0.03207761954773163
Equity,-,Wa1 Resources,108320.0,0.03,WA1 AU,-,Listed,Rest,Sustainable Growth,0.03205365032988894
Equity,-,Eiffage Sa,108263.0,0.03,FGR FP,-,Listed,Rest,Sustainable Growth,0.03203678310251815
Equity,-,Ashtead,107942.0,0.03,AHT LN,-,Listed,Rest,Sustainable Growth,0.03194179397995635
Equity,-,Hexagon Ab,107432.0,0.03,HEXAB SS,-,Listed,Rest,Sustainable Growth,0.03179087668242825
Equity,-,Centene,107012.0,0.03,CNC US,-,Listed,Rest,Sustainable Growth,0.03166659184916982
Equity,-,Rivian Automotive,106920.0,0.03,RIVN US,-,Listed,Rest,Sustainable Growth,0.031639367552360825
Equity,-,Arch Capital,106272.0,0.03,ACGL US,-,Listed,Rest,Sustainable Growth,0.031447613809619246
Equity,-,Sumitomo Mitsui Trust,106265.0,0.03,8309 JP,-,Listed,Rest,Sustainable Growth,0.03144554239573161
Equity,-,Hp,106140.0,0.03,HPQ US,-,Listed,Rest,Sustainable Growth,0.031408552862023736
Equity,-,Henkel Ag & Kgaa,106033.0,0.03,HEN3 GR,-,Listed,Rest,Sustainable Growth,0.03137688982116981
Equity,-,Pexa,105810.0,0.03,PXA AU,-,Listed,Rest,Sustainable Growth,0.03131090049303498
Equity,-,Wharf,105785.0,0.03,4 HK,-,Listed,Rest,Sustainable Growth,0.0313035025862934
Equity,-,Atlas Copco Ab,105677.0,0.03,ATCOB SS,-,Listed,Rest,Sustainable Growth,0.031271543629169805
Equity,-,Alnylam Pharmaceuticals,104489.0,0.03,ALNY US,-,Listed,Rest,Sustainable Growth,0.03091999510081024
Equity,-,Ge Healthcare Technologies,102562.0,0.03,GEHC US,-,Listed,Rest,Sustainable Growth,0.030349764449169765
Equity,-,Omnicom,101650.0,0.03,OMC US,-,Listed,Rest,Sustainable Growth,0.03007988881123717
Equity,-,Austal,101627.0,0.03,ASB AU,-,Listed,Rest,Sustainable Growth,0.030073082737034924
Equity,-,United Overseas Bank,101482.0,0.03,UOB SP,-,Listed,Rest,Sustainable Growth,0.030030174877933802
Equity,-,Rb Global,100692.0,0.03,RBA CN,-,Listed,Rest,Sustainable Growth,0.029796401024900082
Equity,-,Sompo,100645.0,0.03,8630 JP,-,Listed,Rest,Sustainable Growth,0.029782492960225924
Equity,-,Bank Hapoalim Bm,99320.0,0.03,POLI IT,-,Listed,Rest,Sustainable Growth,0.029390403902922538
Equity,-,Nintendo,98926.0,0.03,7974 JP,-,Listed,Rest,Sustainable Growth,0.02927381289267534
Equity,-,Isuzu Motors,97408.0,0.03,7202 JP,-,Listed,Rest,Sustainable Growth,0.028824611995327012
Equity,-,Jb Hunt Transport Services,96463.0,0.03,JBHT US,-,Listed,Rest,Sustainable Growth,0.028544971120495536
Equity,-,Nec,93968.0,0.03,6701 JP,-,Listed,Rest,Sustainable Growth,0.02780666002768652
Equity,-,Northern Trust,91371.0,0.03,NTRS US,-,Listed,Rest,Sustainable Growth,0.027038165475371877
Equity,-,Neuren Pharmaceuticals,91214.0,0.03,NEU AU,-,Listed,Rest,Sustainable Growth,0.0269917066210348
Equity,-,Idp Education,90863.0,0.03,IEL AU,-,Listed,Rest,Sustainable Growth,0.02688784001038311
Equity,-,Telix Pharmaceuticals,90279.0,0.03,TLX AU,-,Listed,Rest,Sustainable Growth,0.026715024908899956
Equity,-,Associated British Foods,90077.0,0.03,ABF LN,-,Listed,Rest,Sustainable Growth,0.026655249822428045
Equity,-,Gwa,89736.0,0.03,GWA AU,-,Listed,Rest,Sustainable Growth,0.026554342374472982
Equity,-,Bayerische Motoren Werke Ag,89595.0,0.03,BMW GR,-,Listed,Rest,Sustainable Growth,0.02651261818045051
Equity,-,Adyen Nv,89456.0,0.03,ADYEN NA,-,Listed,Rest,Sustainable Growth,0.026471485818967362
Equity,-,Carvana,88025.0,0.02,CVNA US,-,Listed,Rest,Sustainable Growth,0.026048029637079705
Equity,-,Galderma Ag,87753.0,0.02,GALD SW,-,Listed,Rest,Sustainable Growth,0.02596754041173139
Equity,-,Yakult Honsha,86997.0,0.02,2267 JP,-,Listed,Rest,Sustainable Growth,0.02574382771186621
Equity,-,Estee Lauder Cos,86926.0,0.02,EL US,-,Listed,Rest,Sustainable Growth,0.025722817656720142
Equity,-,Nice,86484.0,0.02,NICE IT,-,Listed,Rest,Sustainable Growth,0.025592022665529124
Equity,-,Telecom Italia Spa,86482.0,0.02,TIT IM,-,Listed,Rest,Sustainable Growth,0.0255914308329898
Equity,-,Zensho,85632.0,0.02,7550 JP,-,Listed,Rest,Sustainable Growth,0.025339902003776307
Equity,-,Olympus,85562.0,0.02,7733 JP,-,Listed,Rest,Sustainable Growth,0.025319187864899898
Equity,-,Capricorn Metals,84697.0,0.02,CMM AU,-,Listed,Rest,Sustainable Growth,0.02506322029164146
Equity,-,Allstate,84453.0,0.02,ALL US,-,Listed,Rest,Sustainable Growth,0.024991016721843708
Equity,-,Eqt Ab,83860.0,0.02,EQT SS,-,Listed,Rest,Sustainable Growth,0.02481553837393359
Equity,-,Be Semiconductor Industries Nv,83677.0,0.02,BESI NA,-,Listed,Rest,Sustainable Growth,0.024761385696585272
Equity,-,Insulet,82883.0,0.02,PODD US,-,Listed,Rest,Sustainable Growth,0.024526428178472906
Equity,-,Pure Storage,82397.0,0.02,PSTG US,-,Listed,Rest,Sustainable Growth,0.024382612871416718
Equity,-,Toromont Industries,81376.0,0.02,TIH CN,-,Listed,Rest,Sustainable Growth,0.02408048236009086
Equity,-,Fujikura,80940.0,0.02,5803 JP,-,Listed,Rest,Sustainable Growth,0.023951462866517823
Equity,-,Crh,80686.0,0.02,CRH US,-,Listed,Rest,Sustainable Growth,0.023876300134023438
Equity,-,Keycorp,80657.0,0.02,KEY US,-,Listed,Rest,Sustainable Growth,0.02386771856220321
Equity,-,Illumina,80421.0,0.02,ILMN US,-,Listed,Rest,Sustainable Growth,0.02379788232256276
Equity,-,Ia Financial,80395.0,0.02,IAG CN,-,Listed,Rest,Sustainable Growth,0.023790188499551522
Equity,-,Deckers Outdoor,80246.0,0.02,DECK US,-,Listed,Rest,Sustainable Growth,0.023746096975371746
Equity,-,Zebra Technologies,80157.0,0.02,ZBRA US,-,Listed,Rest,Sustainable Growth,0.023719760427371745
Equity,-,Domino'S Pizza Enterprises,79813.0,0.02,DMP AU,-,Listed,Rest,Sustainable Growth,0.023617965230607697
Equity,-,Align Technology,79427.0,0.02,ALGN US,-,Listed,Rest,Sustainable Growth,0.023503741550517803
Equity,-,Builders Firstsource,79137.0,0.02,BLDR US,-,Listed,Rest,Sustainable Growth,0.023417925832315552
Equity,-,Descartes Systems,79059.0,0.02,DSG CN,-,Listed,Rest,Sustainable Growth,0.023394844363281847
Equity,-,Williams-Sonoma,79049.0,0.02,WSM US,-,Listed,Rest,Sustainable Growth,0.023391885200585216
Equity,-,Nidec,78368.0,0.02,6594 JP,-,Listed,Rest,Sustainable Growth,0.02319036622094476
Equity,-,Best Buy,77662.0,0.02,BBY US,-,Listed,Rest,Sustainable Growth,0.022981449334562726
Equity,-,Mitsubishi Electric,77605.0,0.02,6503 JP,-,Listed,Rest,Sustainable Growth,0.02296458210719194
Equity,-,Dexcom,77508.0,0.02,DXCM US,-,Listed,Rest,Sustainable Growth,0.022935878229034635
Equity,-,Lundin Mining,77277.0,0.02,LUN CN,-,Listed,Rest,Sustainable Growth,0.022867521570742497
Equity,-,Vulcan Materials,76862.0,0.02,VMC US,-,Listed,Rest,Sustainable Growth,0.022744716318832382
Equity,-,Teradyne,75793.0,0.02,TER US,-,Listed,Rest,Sustainable Growth,0.022428381826562704
Equity,-,Empire,75732.0,0.02,EMPA CN,-,Listed,Rest,Sustainable Growth,0.02241033093411327
Equity,-,Halma,75109.0,0.02,HLMA LN,-,Listed,Rest,Sustainable Growth,0.022225975098113256
Equity,-,Dai-Ichi Life,74209.0,0.02,8750 JP,-,Listed,Rest,Sustainable Growth,0.02195965045541662
Equity,-,Tokyo Electron,73981.0,0.02,8035 JP,-,Listed,Rest,Sustainable Growth,0.02189218154593347
Equity,-,Unipol Assicurazioni Spa,73019.0,0.02,UNI IM,-,Listed,Rest,Sustainable Growth,0.021607510094517727
Equity,-,Tjx Cos,72942.0,0.02,TJX US,-,Listed,Rest,Sustainable Growth,0.021584724541753683
Equity,-,Toyota Industries,72609.0,0.02,6201 JP,-,Listed,Rest,Sustainable Growth,0.021486184423955924
Equity,-,Capitaland Investment,72025.0,0.02,CLI SP,-,Listed,Rest,Sustainable Growth,0.02131336932247277
Equity,-,Quanta Services,72008.0,0.02,PWR US,-,Listed,Rest,Sustainable Growth,0.021308338745888503
Equity,-,Axa Sa,71381.0,0.02,CS FP,-,Listed,Rest,Sustainable Growth,0.021122799244809844
Equity,-,Nippon Paint,71308.0,0.02,4612 JP,-,Listed,Rest,Sustainable Growth,0.02110119735712445
Equity,-,Capgemini Se,70992.0,0.02,CAP FP,-,Listed,Rest,Sustainable Growth,0.02100768781591096
Equity,-,Severn Trent,70728.0,0.02,SVT LN,-,Listed,Rest,Sustainable Growth,0.02092956592071995
Equity,-,Mitsui Fudosan,69597.0,0.02,8801 JP,-,Listed,Rest,Sustainable Growth,0.02059488461973117
Equity,-,Bellevue Gold,69406.0,0.02,BGL AU,-,Listed,Rest,Sustainable Growth,0.02053836461222555
Equity,-,Hub24,69331.0,0.02,HUB AU,-,Listed,Rest,Sustainable Growth,0.020516170892000828
Equity,-,Burlington Stores,68557.0,0.02,BURL US,-,Listed,Rest,Sustainable Growth,0.02028713169928172
Equity,-,Resmed,68394.0,0.02,RMD US,-,Listed,Rest,Sustainable Growth,0.020238897347326663
Equity,-,Emcor,66080.0,0.02,EME US,-,Listed,Rest,Sustainable Growth,0.019554147099326635
Equity,-,Mediobanca Banca Di Credito Finanziario Spa,65675.0,0.02,MB IM,-,Listed,Rest,Sustainable Growth,0.019434301010113144
Equity,-,Zurich Insurance Ag,64555.0,0.02,ZURN SW,-,Listed,Rest,Sustainable Growth,0.01910287478809066
Equity,-,Factset Research Systems,64466.0,0.02,FDS US,-,Listed,Rest,Sustainable Growth,0.01907653824009066
Equity,-,United Therapeutics,63972.0,0.02,UTHR US,-,Listed,Rest,Sustainable Growth,0.01893035560287717
Equity,-,Entegris,63724.0,0.02,ENTG US,-,Listed,Rest,Sustainable Growth,0.018856968368000764
Equity,-,Ora Banda Mining,63718.0,0.02,OBM AU,-,Listed,Rest,Sustainable Growth,0.018855192870382786
Equity,-,Futu,63299.0,0.02,FUTU US,-,Listed,Rest,Sustainable Growth,0.01873120395339402
Equity,-,Singapore Technologies Engineering,62967.0,0.02,STE SP,-,Listed,Rest,Sustainable Growth,0.01863295975186592
Equity,-,Crown,62948.0,0.02,CCK US,-,Listed,Rest,Sustainable Growth,0.01862733734274233
Equity,-,Dynatrace,62806.0,0.02,DT US,-,Listed,Rest,Sustainable Growth,0.01858531723245019
Equity,-,Bouygues Sa,62705.0,0.02,EN FP,-,Listed,Rest,Sustainable Growth,0.018555429689214236
Equity,-,Credit,62270.0,0.02,CCP AU,-,Listed,Rest,Sustainable Growth,0.018426706111910857
Equity,-,Ch Robinson Worldwide,62231.0,0.02,CHRW US,-,Listed,Rest,Sustainable Growth,0.018415165377394002
Equity,-,Iph,61369.0,0.02,IPH AU,-,Listed,Rest,Sustainable Growth,0.018160085552944554
Equity,-,Alstom Sa,61165.0,0.02,ALO FP,-,Listed,Rest,Sustainable Growth,0.018099718633933316
Equity,-,Air Products & Chemicals,60617.0,0.02,APD US,-,Listed,Rest,Sustainable Growth,0.017937556518158027
Equity,-,Straumann Ag,60099.0,0.02,STMN SW,-,Listed,Rest,Sustainable Growth,0.01778427189047263
Equity,-,Ralliant,57096.0,0.02,RAL US,-,Listed,Rest,Sustainable Growth,0.01689563533267484
Equity,-,Sig Ag,57047.0,0.02,SIGN SW,-,Listed,Rest,Sustainable Growth,0.016881135435461356
Equity,-,Vestas Wind Systems As,56216.0,0.02,VWS DC,-,Listed,Rest,Sustainable Growth,0.01663522901537146
Equity,-,Nokia Oyj,56067.0,0.02,NOKIA FH,-,Listed,Rest,Sustainable Growth,0.01659113749119168
Equity,-,Investor Ab,55263.0,0.02,INVEB SS,-,Listed,Rest,Sustainable Growth,0.016353220810382686
Equity,-,Partners Ag,55217.0,0.02,PGHN SW,-,Listed,Rest,Sustainable Growth,0.01633960866197819
Equity,-,Watsco,55126.0,0.02,WSO US,-,Listed,Rest,Sustainable Growth,0.01631268028143886
Equity,-,Pinnacle Investment Management,54896.0,0.02,PNI AU,-,Listed,Rest,Sustainable Growth,0.01624461953941639
Equity,-,Iperionx,54767.0,0.02,IPX AU,-,Listed,Rest,Sustainable Growth,0.01620644634062987
Equity,-,Ipsen Sa,54521.0,0.02,IPN FP,-,Listed,Rest,Sustainable Growth,0.016133650938292787
Equity,-,Breville,54183.0,0.02,BRG AU,-,Listed,Rest,Sustainable Growth,0.016033631239146716
Equity,-,Nextdc,53402.0,0.02,NXT AU,-,Listed,Rest,Sustainable Growth,0.015802520632539965
Equity,-,Guzman Y Gomez,53285.0,0.02,GYG AU,-,Listed,Rest,Sustainable Growth,0.015767898428989402
Equity,-,Idex,52869.0,0.01,IEX US,-,Listed,Rest,Sustainable Growth,0.015644797260809622
Equity,-,Gold Road Resources,52647.0,0.01,GOR AU,-,Listed,Rest,Sustainable Growth,0.01557910384894445
Equity,-,Silex Systems,51366.0,0.01,SLX AU,-,Listed,Rest,Sustainable Growth,0.015200035107506234
Equity,-,Australian Ethical Investment,49383.0,0.01,AEF AU,-,Listed,Rest,Sustainable Growth,0.014613233144764636
Equity,-,Hang Seng Bank,48196.0,0.01,11 HK,-,Listed,Rest,Sustainable Growth,0.014261980532674735
Equity,-,Infomedia,48174.0,0.01,IFM AU,-,Listed,Rest,Sustainable Growth,0.014255470374742151
Equity,-,Nuix,47556.0,0.01,NXL AU,-,Listed,Rest,Sustainable Growth,0.014072594120090456
Equity,-,Amotiv,47166.0,0.01,AOV AU,-,Listed,Rest,Sustainable Growth,0.013957186774921915
Equity,-,Astellas Pharma,46693.0,0.01,4503 JP,-,Listed,Rest,Sustainable Growth,0.013817218379371344
Equity,-,Polynovo,46268.0,0.01,PNV AU,-,Listed,Rest,Sustainable Growth,0.013691453964764599
Equity,-,Pool,45387.0,0.01,POOL US,-,Listed,Rest,Sustainable Growth,0.013430751731191555
Equity,-,Arb,44723.0,0.01,ARB AU,-,Listed,Rest,Sustainable Growth,0.013234263328135366
Equity,-,Unibail-Rodamco-Westfield,44300.0,0.01,URW AU,-,Listed,Rest,Sustainable Growth,0.013109090746067946
Equity,-,Inpost Sa,44026.0,0.01,INPST NA,-,Listed,Rest,Sustainable Growth,0.013028009688180301
Equity,-,Audinate,43940.0,0.01,AD8 AU,-,Listed,Rest,Sustainable Growth,0.013002560888989292
Equity,-,Dai Nippon Printing,42924.0,0.01,7912 JP,-,Listed,Rest,Sustainable Growth,0.012701909959011751
Equity,-,Mesoblast,42635.0,0.01,MSB AU,-,Listed,Rest,Sustainable Growth,0.012616390157079162
Equity,-,Asics,42621.0,0.01,7936 JP,-,Listed,Rest,Sustainable Growth,0.012612247329303881
Equity,-,Siteminder,42320.0,0.01,SDR AU,-,Listed,Rest,Sustainable Growth,0.01252317653213534
Equity,-,Yamaha Motor,42316.0,0.01,7272 JP,-,Listed,Rest,Sustainable Growth,0.012521992867056686
Equity,-,Japan Post Bank,41561.0,0.01,7182 JP,-,Listed,Rest,Sustainable Growth,0.012298576083461172
Equity,-,Dick'S Sporting Goods,40983.0,0.01,DKS US,-,Listed,Rest,Sustainable Growth,0.012127536479595996
Equity,-,Eagers Automotive,40861.0,0.01,APE AU,-,Listed,Rest,Sustainable Growth,0.012091434694697117
Equity,-,Pantoro,39892.0,0.01,PNR AU,-,Listed,Rest,Sustainable Growth,0.011804691829393737
Equity,-,Zimmer Biomet,39321.0,0.01,ZBH US,-,Listed,Rest,Sustainable Growth,0.011635723639416201
Equity,-,Idexx Laboratories,38651.0,0.01,IDXX US,-,Listed,Rest,Sustainable Growth,0.011437459738742037
Equity,-,Bapcor,37687.0,0.01,BAP AU,-,Listed,Rest,Sustainable Growth,0.011152196454786968
Equity,-,Mitsubishi Chemical,37142.0,0.01,4188 JP,-,Listed,Rest,Sustainable Growth,0.01099092208782067
Equity,-,Nick Scali,36930.0,0.01,NCK AU,-,Listed,Rest,Sustainable Growth,0.010928187838652128
Equity,-,Mondaycom,34399.0,0.01,MNDY US,-,Listed,Rest,Sustainable Growth,0.010179223760135242
Equity,-,Sbi,31369.0,0.01,8473 JP,-,Listed,Rest,Sustainable Growth,0.009282597463056555
Equity,-,Cettire,30599.0,0.01,CTT AU,-,Listed,Rest,Sustainable Growth,0.009054741935416097
Equity,-,Tis,30171.0,0.01,3626 JP,-,Listed,Rest,Sustainable Growth,0.008928089772000361
Equity,-,Bunzl,28189.0,0.01,BNZL LN,-,Listed,Rest,Sustainable Growth,0.008341583725528427
Equity,-,Collins Foods,27734.0,0.01,CKF AU,-,Listed,Rest,Sustainable Growth,0.008206941822831793
Equity,-,Stmicroelectronics Nv,18217.0,0.01,STMPA FP,-,Listed,Rest,Sustainable Growth,0.005390706684449656
Equity,-,Monash Ivf,17300.0,0.0,MVF AU,-,Listed,Rest,Sustainable Growth,0.005119351465168747
Equity,-,Healius,16068.0,0.0,HLS AU,-,Listed,Rest,Sustainable Growth,0.004754782620944013
Equity,-,Accent,14029.0,0.0,AX1 AU,-,Listed,Rest,Sustainable Growth,0.004151409347101291
Equity,-,Ofx,12251.0,0.0,OFX AU,-,Listed,Rest,Sustainable Growth,0.003625270219640596
Equity,-,Judo Capital,6244.0,0.0,JDO AU,-,Listed,Rest,Sustainable Growth,0.0018477011877753558
Property,-,GOODMAN GROUP,3037278.0,0.86,GMG AU,-,Listed,Rest,Sustainable Growth,0.8987799756892947
Property,-,SCENTRE GROUP TRUST,1748495.0,0.49,SCG AU,-,Listed,Rest,Sustainable Growth,0.5174081179242905
Property,-,STOCKLAND,907926.0,0.26,SGP AU,-,Listed,Rest,Sustainable Growth,0.26867007504998835
Property,-,GPT GROUP,766320.0,0.22,GPT AU,-,Listed,Rest,Sustainable Growth,0.22676655576809907
Property,-,MIRVAC GROUP,571071.0,0.16,MGR AU,-,Listed,Rest,Sustainable Growth,0.16898920003268098
Property,-,"PROLOGIS, INC.",386211.0,0.11,PLD US,-,Listed,Rest,Sustainable Growth,0.11428611842279114
Property,-,AMERICAN TOWER CORP.,364915.0,0.1,AMT US,-,Listed,Rest,Sustainable Growth,0.1079842855440493
Property,-,"SIMON PROPERTY GROUP, INC.",288179.0,0.08,SPG US,-,Listed,Rest,Sustainable Growth,0.08527685467519446
Property,-,PUBLIC STORAGE,263182.0,0.07,PSA US,-,Listed,Rest,Sustainable Growth,0.07787983568243012
Property,-,ARENA REIT,256585.0,0.07,ARF AU,-,Listed,Rest,Sustainable Growth,0.07592767605146374
Property,-,"ANNALY CAPITAL MANAGEMENT, INC.",237296.0,0.07,NLY US,-,Listed,Rest,Sustainable Growth,0.07021974712593543
Property,-,"CROWN CASTLE, INC.",218659.0,0.06,CCI US,-,Listed,Rest,Sustainable Growth,0.06470475560822733
Property,-,CHARTER HALL LONG WALE REIT,205986.0,0.06,CLW AU,-,Listed,Rest,Sustainable Growth,0.06095460872278898
Property,-,WAYPOINT REIT LTD.,205602.0,0.06,WPR AU,-,Listed,Rest,Sustainable Growth,0.06084097687523842
Property,-,"EQUINIX, INC.",178118.0,0.05,EQIX US,-,Listed,Rest,Sustainable Growth,0.05270801411982236
Property,-,INGENIA COMMUNITIES GROUP,137284.0,0.04,INA AU,-,Listed,Rest,Sustainable Growth,0.040624569164406134
Property,-,"WELLTOWER, INC.",123644.0,0.03,WELL US,-,Listed,Rest,Sustainable Growth,0.03658827124620373
Property,-,SBA COMMUNICATIONS CORP.,123603.0,0.03,SBAC US,-,Listed,Rest,Sustainable Growth,0.036576138679147545
Property,-,KLEPIERRE SA,110222.0,0.03,LI FP,-,Listed,Rest,Sustainable Growth,0.03261648307478784
Property,-,NATIONAL STORAGE REIT,108564.0,0.03,NSR AU,-,Listed,Rest,Sustainable Growth,0.032125853899686696
Property,-,"IRON MOUNTAIN, INC.",87908.0,0.02,IRM US,-,Listed,Rest,Sustainable Growth,0.026013407433529142
Property,-,CHARTER HALL GROUP,85453.0,0.02,CHC AU,-,Listed,Rest,Sustainable Growth,0.025286932991506642
Property,-,RURAL FUNDS GROUP,72294.0,0.02,RFF AU,-,Listed,Rest,Sustainable Growth,0.0213929707990121
Property,-,UNIBAIL-RODAMCO-WESTFIELD,66310.0,0.02,URW FP,-,Listed,Rest,Sustainable Growth,0.019622207841349108
Property,-,LINK REIT,61132.0,0.02,823 HK,-,Listed,Rest,Sustainable Growth,0.01808995339703444
Property,-,CROMWELL PROPERTY GROUP,50910.0,0.01,CMW AU,-,Listed,Rest,Sustainable Growth,0.015065097288539936
Property,-,HMC CAPITAL LTD.,43918.0,0.01,HMC AU,-,Listed,Rest,Sustainable Growth,0.012996050731056705
Property,-,ABACUS GROUP,43673.0,0.01,ABG AU,-,Listed,Rest,Sustainable Growth,0.012923551244989286
Property,-,GROWTHPOINT PROPERTIES AUSTRALIA LTD.,38677.0,0.01,GOZ AU,-,Listed,Rest,Sustainable Growth,0.011445153561753272
Property,-,CHARTER HALL SOCIAL INFRASTRUCTURE REIT,22194.0,0.01,CQE AU,-,Listed,Rest,Sustainable Growth,0.006567565688899143
Property,-,CAPITALAND INTEGRATED COMMERCIAL TRUST,1831.0,0.0,CICT SP,-,Listed,Rest,Sustainable Growth,0.000541822689752831
Property,Internally,REST 140 WILLIAM STREET TRUST,,,-,-,Unlisted,Rest,Sustainable Growth,
Property,Internally,REST 52 MARTIN PLACE TRUST,,,-,-,Unlisted,Rest,Sustainable Growth,
Property,Internally,REST 717 BOURKE STREET TRUST,,,-,-,Unlisted,Rest,Sustainable Growth,
Property,Internally,REST QQT TRUST,,,-,-,Unlisted,Rest,Sustainable Growth,
Property,Externally,ALTIS ASSET MANAGEMENT PTY LTD,4482401.0,1.26,-,-,Unlisted,Rest,Sustainable Growth,1.326415383053402
Property,Externally,GPT FUNDS MANAGEMENT LIMITED,3559060.0,1.0,-,-,Unlisted,Rest,Sustainable Growth,1.0531837587065596
Property,Externally,QIC RETAIL PTY LTD,2774009.0,0.78,-,-,Unlisted,Rest,Sustainable Growth,0.820874395291404
Property,Externally,CHARTER HALL INVESTMENT MANAGEMENT LIMITED,2143287.0,0.6,-,-,Unlisted,Rest,Sustainable Growth,0.6342334938570593
Property,Externally,FIL INVESTMENTS INTERNATIONAL,265905.0,0.08,-,-,Unlisted,Rest,Sustainable Growth,0.0786856156847223
Infrastructure,Internally,COLLGAR RENEWABLES PTY LTD,,,-,-,Unlisted,Rest,Sustainable Growth,
Infrastructure,Internally,COLLGAR WIND FARM PTY LTD,,,-,-,Unlisted,Rest,Sustainable Growth,
Infrastructure,Externally,QUINBROOK INFRASTRUCTURE PARTNERS (JERSEY) LIMITED,17212503.0,4.86,-,-,Unlisted,Rest,Sustainable Growth,5.093459679322049
Infrastructure,Externally,PALISADE IMPACT PTY LIMITED,3289079.0,0.93,-,-,Unlisted,Rest,Sustainable Growth,0.9732919883066911
Infrastructure,Externally,OCTOPUS AUST OASIS MANAGER PTY LTD,2162537.0,0.61,-,-,Unlisted,Rest,Sustainable Growth,0.6399298820480708
Alternatives,Externally,WARAKIRRI ASSET MANAGEMENT LTD,3505559.0,0.99,-,-,Unlisted,Rest,Sustainable Growth,1.0373519423633228
Alternatives,Externally,CIBUS CAPITAL LLP,132939.0,0.04,-,-,Unlisted,Rest,Sustainable Growth,0.039338812972720696
,,,,,,,,Rest,Sustainable Growth,
The Value (Aud) And Weighting (%) Sub Totals May Not Sum Due To The Rounding Of Individual Disclosure Values And Weightings.,,,,,,,,Rest,Sustainable Growth,
