Effective Date,Option,Asset Class,Internal/External,Name/kind of investment item,Units,Value (AUD),Weighting,Currency,Security Identifier
30/06/2025,Australian Shares,Cash,,Australia & New Zealand Banking Group Ltd,,419269.850674,0.00021082,AUD,
30/06/2025,Australian Shares,Cash,,Australia Treasury Bill,,1048174.431388,0.00052706,AUD,
30/06/2025,Australian Shares,Cash,,Bank of America Corp,,-0.001316,0,AUD,
30/06/2025,Australian Shares,Cash,,Bank of Nova Scotia/Australia,,262043.607847,0.00013176,AUD,
30/06/2025,Australian Shares,Cash,,Bank of Queensland Ltd,,0.040615,0,AUD,
30/06/2025,Australian Shares,Cash,,Bendigo & Adelaide Bank Ltd,,0.0427,0,AUD,
30/06/2025,Australian Shares,Cash,,Canadian Imperial Bank of Commerce/Sydney,,73372.219398,0.00003689,AUD,
30/06/2025,Australian Shares,Cash,,Citigroup Inc,,844344.003229,0.00042456,AUD,
30/06/2025,Australian Shares,Cash,,Commonwealth Bank of Australia,,804619.433439,0.00040459,AUD,
30/06/2025,Australian Shares,Cash,,Cooperatieve Rabobank UA/Australia,,52408.771369,0.00002635,AUD,
30/06/2025,Australian Shares,Cash,,Credit Agricole Corporate & Investment Bank SA/Sydney,,262043.607847,0.00013176,AUD,
30/06/2025,Australian Shares,Cash,,Credit Union Australia Ltd,,0.063747,0,AUD,
30/06/2025,Australian Shares,Cash,,Defence Bank Ltd,,0.010959,0,AUD,
30/06/2025,Australian Shares,Cash,,Goldman Sachs Group Inc/The,,0.000011,0,AUD,
30/06/2025,Australian Shares,Cash,,JPMorgan Chase & Co,,24144718.018858,0.01214077,AUD,
30/06/2025,Australian Shares,Cash,,Macquarie Bank Ltd,,0.060123,0,AUD,
30/06/2025,Australian Shares,Cash,,Macquarie Group Ltd,,227388.770332,0.00011434,AUD,
30/06/2025,Australian Shares,Cash,,Mitsubishi UFJ Financial Group Inc,,0.011992,0,AUD,
30/06/2025,Australian Shares,Cash,,Mizuho Bank Ltd/Sydney,,0.010962,0,AUD,
30/06/2025,Australian Shares,Cash,,MUFG Bank Ltd/Sydney,,0.012644,0,AUD,
30/06/2025,Australian Shares,Cash,,MyState Bank Ltd,,0.043704,0,AUD,
30/06/2025,Australian Shares,Cash,,National Australia Bank Ltd,,821769.048852,0.00041321,AUD,
30/06/2025,Australian Shares,Cash,,Newcastle Greater Mutual Group Ltd,,0.031122,0,AUD,
30/06/2025,Australian Shares,Cash,,Norfina Ltd,,878370.272217,0.00044167,AUD,
30/06/2025,Australian Shares,Cash,,Oversea-Chinese Banking Corp Ltd/Sydney,,290606.361102,0.00014613,AUD,
30/06/2025,Australian Shares,Cash,,Police & Nurses Ltd,,0.029234,0,AUD,
30/06/2025,Australian Shares,Cash,,Royal Bank of Canada,,547749.498316,0.00027543,AUD,
30/06/2025,Australian Shares,Cash,,Royal Bank of Canada/Sydney,,0.035303,0,AUD,
30/06/2025,Australian Shares,Cash,,Standard Chartered Bank/Australia,,262043.607847,0.00013176,AUD,
30/06/2025,Australian Shares,Cash,,Sumitomo Mitsui Banking Corp/Sydney,,1420276.403777,0.00071416,AUD,
30/06/2025,Australian Shares,Cash,,Teachers Mutual Bank Ltd,,0.040304,0,AUD,
30/06/2025,Australian Shares,Cash,,Telstra Group Ltd,,0.027626,0,AUD,
30/06/2025,Australian Shares,Cash,,UBS AG/Australia,,0.063263,0,AUD,
30/06/2025,Australian Shares,Cash,,UBS Group AG,,90061.464275,0.00004529,AUD,
30/06/2025,Australian Shares,Cash,,United Overseas Bank Ltd/Sydney,,262043.611568,0.00013176,AUD,
30/06/2025,Australian Shares,Cash,,Westpac Banking Corp,,1205400.668911,0.00060612,AUD,
30/06/2025,Australian Shares,Cash,,JPMorgan Chase & Co,,7675.841546,0.00000386,EUR,
30/06/2025,Australian Shares,Cash,,JPMorgan Chase & Co,,49968.81632,0.00002513,GBP,
30/06/2025,Australian Shares,Cash,,JPMorgan Chase & Co,,77941.788314,0.00003919,USD,
30/06/2025,Australian Shares,Cash Total,,,,34052290.620418,0.01712263,,
30/06/2025,Australian Shares,Listed Equity,,a2 Milk Co Ltd/The,362390.906501,2902751.161075,0.0014596,,NZATME0002S8
30/06/2025,Australian Shares,Listed Equity,,Accent Group Ltd,199297.508208,278020.024399,0.0001398,,AU000000AX19
30/06/2025,Australian Shares,Listed Equity,,AGL Energy Ltd,70518.639281,686146.360208,0.00034502,,AU000000AGL7
30/06/2025,Australian Shares,Listed Equity,,Ainsworth Game Technology Ltd,77482.942334,70122.063261,0.00003526,,AU000000AGI3
30/06/2025,Australian Shares,Listed Equity,,Air New Zealand Ltd,442453.370317,241137.087272,0.00012125,,NZAIRE0001S2
30/06/2025,Australian Shares,Listed Equity,,Alcoa Corp,94137.361782,4236181.28021,0.00213009,,AU0000339426
30/06/2025,Australian Shares,Listed Equity,,Alpha HPA Ltd,1140341.640533,974992.102656,0.00049026,,AU0000033060
30/06/2025,Australian Shares,Listed Equity,,ALS Ltd,430411.255885,7360032.475637,0.00370087,,AU000000ALQ6
30/06/2025,Australian Shares,Listed Equity,,Amcor PLC,937113.536876,13307012.223644,0.00669121,,AU000000AMC4
30/06/2025,Australian Shares,Listed Equity,,Amotiv Ltd,48487.709167,388386.550424,0.00019529,,AU0000340770
30/06/2025,Australian Shares,Listed Equity,,Amplitude Energy Ltd,6418943.395856,1347978.11313,0.00067781,,AU0000361909
30/06/2025,Australian Shares,Listed Equity,,AMP Ltd,1310301.423641,1650979.793787,0.00083017,,AU000000AMP6
30/06/2025,Australian Shares,Listed Equity,,Ampol Ltd,200066.474086,5149711.042982,0.00258945,,AU0000088338
30/06/2025,Australian Shares,Listed Equity,,Ansell Ltd,240408.068314,7281960.389216,0.00366161,,AU000000ANN9
30/06/2025,Australian Shares,Listed Equity,,ANZ Group Holdings Ltd,1812733.257899,52859301.800347,0.02657942,,AU000000ANZ3
30/06/2025,Australian Shares,Listed Equity,,ARB Corp Ltd,141723.802443,4634368.339895,0.00233031,,AU000000ARB5
30/06/2025,Australian Shares,Listed Equity,,Aristocrat Leisure Ltd,424248.202937,27648255.385429,0.01390246,,AU000000ALL7
30/06/2025,Australian Shares,Listed Equity,,ASX Ltd,99844.373444,6965143.491439,0.00350231,,AU000000ASX7
30/06/2025,Australian Shares,Listed Equity,,AUB Group Ltd,159463.84145,5657777.09465,0.00284492,,AU000000AUB9
30/06/2025,Australian Shares,Listed Equity,,Auckland International Airport Ltd,1214906.306178,8625834.773862,0.00433736,,NZAIAE0002S6
30/06/2025,Australian Shares,Listed Equity,,Audinate Group Ltd,13445.434144,100571.8474,0.00005057,,AU000000AD88
30/06/2025,Australian Shares,Listed Equity,,Aurizon Holdings Ltd,792478.0992,2401208.640575,0.00120741,,AU000000AZJ1
30/06/2025,Australian Shares,Listed Equity,,Austal Ltd,162091.802749,1017936.521264,0.00051185,,AU000000ASB3
30/06/2025,Australian Shares,Listed Equity,,Australian Clinical Labs Ltd,179415.478158,498775.02928,0.0002508,,AU0000148496
30/06/2025,Australian Shares,Listed Equity,,AVZ Minerals Ltd,510625.597302,0.005387,0,,AU000000AVZ6
30/06/2025,Australian Shares,Listed Equity,,Baby Bunting Group Ltd,47573.742534,87535.686262,0.00004402,,AU000000BBN2
30/06/2025,Australian Shares,Listed Equity,,Bank of Queensland Ltd,356037.502243,2769971.76745,0.00139283,,AU000000BOQ8
30/06/2025,Australian Shares,Listed Equity,,Bapcor Ltd,205589.223002,1027946.115011,0.00051689,,AU000000BAP9
30/06/2025,Australian Shares,Listed Equity,,Beach Energy Ltd,1254212.721603,1655560.792515,0.00083247,,AU000000BPT9
30/06/2025,Australian Shares,Listed Equity,,Beacon Lighting Group Ltd,520994.290299,1880789.387979,0.00094572,,AU000000BLX0
30/06/2025,Australian Shares,Listed Equity,,Bega Cheese Ltd,58353.902239,318612.306223,0.00016021,,AU000000BGA8
30/06/2025,Australian Shares,Listed Equity,,Bellevue Gold Ltd,1497151.368109,1347436.231298,0.00067754,,AU0000019374
30/06/2025,Australian Shares,Listed Equity,,Bendigo & Adelaide Bank Ltd,272884.361187,3449258.325404,0.0017344,,AU000000BEN6
30/06/2025,Australian Shares,Listed Equity,,BHP Group Ltd,3389688.155484,124571039.714039,0.06263847,,AU000000BHP4
30/06/2025,Australian Shares,Listed Equity,,Block Inc,71116.305837,7300088.794134,0.00367073,,AU0000380420
30/06/2025,Australian Shares,Listed Equity,,BlueScope Steel Ltd,364605.637407,8426036.280482,0.00423689,,AU000000BSL0
30/06/2025,Australian Shares,Listed Equity,,Boss Energy Ltd,153103.926265,714995.335657,0.00035952,,AU000000BOE4
30/06/2025,Australian Shares,Listed Equity,,Brambles Ltd,1111403.720282,26029075.129001,0.01308829,,AU000000BXB1
30/06/2025,Australian Shares,Listed Equity,,Breville Group Ltd,266568.61989,7861108.600546,0.00395283,,AU000000BRG2
30/06/2025,Australian Shares,Listed Equity,,Brickworks Ltd,15731.344407,541158.247584,0.00027211,,AU000000BKW4
30/06/2025,Australian Shares,Listed Equity,,Capral Ltd,19742.689347,209272.507083,0.00010523,,AU000000CAA9
30/06/2025,Australian Shares,Listed Equity,,Capricorn Metals Ltd,218134.484319,2083184.32525,0.00104749,,AU000000CMM9
30/06/2025,Australian Shares,Listed Equity,,Capstone Copper Corp,415042.697086,3909702.20655,0.00196593,,AU0000318552
30/06/2025,Australian Shares,Listed Equity,,CAR Group Ltd,406494.599506,15211027.913524,0.00764861,,AU000000CAR3
30/06/2025,Australian Shares,Listed Equity,,Catalyst Metals Ltd,35690.873259,186306.358415,0.00009368,,AU000000CYL6
30/06/2025,Australian Shares,Listed Equity,,Challenger Ltd,358980.235287,2900560.30112,0.0014585,,AU000000CGF5
30/06/2025,Australian Shares,Listed Equity,,Champion Iron Ltd,267874.021565,1117034.669924,0.00056168,,AU000000CIA2
30/06/2025,Australian Shares,Listed Equity,,Chorus Ltd,298199.405306,2328937.355437,0.00117107,,NZCNUE0001S2
30/06/2025,Australian Shares,Listed Equity,,Chrysos Corp Ltd,16650.428511,78257.014001,0.00003935,,AU0000218190
30/06/2025,Australian Shares,Listed Equity,,Clarity Pharmaceuticals Ltd,484458.573349,1211146.433372,0.000609,,AU0000165375
30/06/2025,Australian Shares,Listed Equity,,Cleanaway Waste Management Ltd,2764265.889247,7518803.218751,0.0037807,,AU000000CWY3
30/06/2025,Australian Shares,Listed Equity,,Clinuvel Pharmaceuticals Ltd,7036.522238,73039.100829,0.00003673,,AU000000CUV3
30/06/2025,Australian Shares,Listed Equity,,Cochlear Ltd,62779.059727,18860085.123234,0.00948348,,AU000000COH5
30/06/2025,Australian Shares,Listed Equity,,Codan Ltd,61548.640348,1237743.157405,0.00062238,,AU000000CDA3
30/06/2025,Australian Shares,Listed Equity,,Coles Group Ltd,986500.353806,20558667.373322,0.01033758,,AU0000030678
30/06/2025,Australian Shares,Listed Equity,,Collins Foods Ltd,82711.728341,769219.073568,0.00038679,,AU000000CKF7
30/06/2025,Australian Shares,Listed Equity,,Commonwealth Bank of Australia,1093165.290512,201962287.42212,0.10155336,,AU000000CBA7
30/06/2025,Australian Shares,Listed Equity,,Computershare Ltd,328316.378446,13096540.336205,0.00658538,,AU000000CPU5
30/06/2025,Australian Shares,Listed Equity,,Credit Corp Group Ltd,44333.4641,599831.769272,0.00030162,,AU000000CCP3
30/06/2025,Australian Shares,Listed Equity,,CSL Ltd,393373.419506,94205066.503379,0.04736944,,AU000000CSL8
30/06/2025,Australian Shares,Listed Equity,,Data#3 Ltd,78237.950163,595390.800738,0.00029938,,AU000000DTL4
30/06/2025,Australian Shares,Listed Equity,,Deep Yellow Ltd,623042.574988,1040481.10023,0.00052319,,AU000000DYL4
30/06/2025,Australian Shares,Listed Equity,,Deterra Royalties Ltd,394513.708716,1483371.544772,0.00074589,,AU0000107484
30/06/2025,Australian Shares,Listed Equity,,Domain Holdings Australia Ltd,25859.268579,113522.189061,0.00005708,,AU000000DHG9
30/06/2025,Australian Shares,Listed Equity,,Domino's Pizza Enterprises Ltd,56004.923258,1079214.871189,0.00054267,,AU000000DMP0
30/06/2025,Australian Shares,Listed Equity,,Downer EDI Ltd,561611.89563,3543771.061428,0.00178193,,AU000000DOW2
30/06/2025,Australian Shares,Listed Equity,,Dyno Nobel Ltd,1451179.107396,3903671.798894,0.0019629,,AU0000390544
30/06/2025,Australian Shares,Listed Equity,,Eagers Automotive Ltd,112094.061876,1956041.379735,0.00098356,,AU000000APE3
30/06/2025,Australian Shares,Listed Equity,,EBOS Group Ltd,21265.784765,756849.279782,0.00038057,,NZEBOE0001S6
30/06/2025,Australian Shares,Listed Equity,,EBR Systems Inc,1536714.517807,1836373.84878,0.00092339,,AU0000182552
30/06/2025,Australian Shares,Listed Equity,,Elders Ltd,95389.832574,600955.945218,0.00030218,,AU000000ELD6
30/06/2025,Australian Shares,Listed Equity,,Emeco Holdings Ltd,85078.709368,70615.328775,0.00003551,,AU000000EHL7
30/06/2025,Australian Shares,Listed Equity,,Emerald Resources NL,290707.376335,1139572.915233,0.00057302,,AU000000EMR4
30/06/2025,Australian Shares,Listed Equity,,Endeavour Group Ltd/Australia,920250.631159,3690205.030947,0.00185556,,AU0000154833
30/06/2025,Australian Shares,Listed Equity,,Environmental Group Ltd/The,899154.033018,229284.278868,0.00011529,,AU000000EGL9
30/06/2025,Australian Shares,Listed Equity,,EQT Holdings Ltd,6640.429587,225774.605945,0.00011353,,AU000000EQT1
30/06/2025,Australian Shares,Listed Equity,,Evolution Mining Ltd,2317905.652177,18056485.030461,0.0090794,,AU000000EVN4
30/06/2025,Australian Shares,Listed Equity,,EVT Ltd,32314.833587,538041.979229,0.00027055,,AU000000EVT1
30/06/2025,Australian Shares,Listed Equity,,Fisher & Paykel Healthcare Corp Ltd,514173.657664,17291660.107239,0.00869482,,NZFAPE0001S2
30/06/2025,Australian Shares,Listed Equity,,FleetPartners Group Ltd,142214.251402,435175.609291,0.00021882,,AU0000272924
30/06/2025,Australian Shares,Listed Equity,,Fletcher Building Ltd,1298580.271627,3506166.733393,0.00176302,,NZFBUE0001S0
30/06/2025,Australian Shares,Listed Equity,,Flight Centre Travel Group Ltd,87840.895034,1096254.37002,0.00055123,,AU000000FLT9
30/06/2025,Australian Shares,Listed Equity,,Flutter Entertainment PLC,4092.295312,1784411.853963,0.00089726,,IE00BWT6H894
30/06/2025,Australian Shares,Listed Equity,,Fortescue Ltd,1129875.653303,17264499.982464,0.00868117,,AU000000FMG4
30/06/2025,Australian Shares,Listed Equity,,Freightways Group Ltd,8718.076427,89719.302693,0.00004511,,NZFREE0001S0
30/06/2025,Australian Shares,Listed Equity,,G8 Education Ltd,714801.018208,843465.201486,0.00042412,,AU000000GEM7
30/06/2025,Australian Shares,Listed Equity,,Generation Development Group Ltd,70830.035529,389565.195411,0.00019589,,AU0000005126
30/06/2025,Australian Shares,Listed Equity,,Genesis Minerals Ltd,1147198.860295,4932955.099267,0.00248045,,AU000000GMD9
30/06/2025,Australian Shares,Listed Equity,,Gentrack Group Ltd,15351.057965,176997.698332,0.000089,,NZGTKE0002S9
30/06/2025,Australian Shares,Listed Equity,,GenusPlus Group Ltd,29323.957583,117589.06991,0.00005913,,AU0000117160
30/06/2025,Australian Shares,Listed Equity,,Gold Road Resources Ltd,463895.065194,1516936.863184,0.00076277,,AU000000GOR5
30/06/2025,Australian Shares,Listed Equity,,GQG Partners Inc,90293.061833,204062.319742,0.00010261,,AU0000180499
30/06/2025,Australian Shares,Listed Equity,,GrainCorp Ltd,108221.33493,841961.985753,0.00042337,,AU000000GNC9
30/06/2025,Australian Shares,Listed Equity,,Greatland Resources Ltd,139950.80146,988317.5785,0.00049696,,AU0000397705
30/06/2025,Australian Shares,Listed Equity,,Guzman y Gomez Ltd,48789.243723,1380247.704911,0.00069403,,AU0000336679
30/06/2025,Australian Shares,Listed Equity,,Hansen Technologies Ltd,30985.949426,154310.028143,0.00007759,,AU000000HSN3
30/06/2025,Australian Shares,Listed Equity,,Harvey Norman Holdings Ltd,530818.694084,2797414.517823,0.00140663,,AU000000HVN7
30/06/2025,Australian Shares,Listed Equity,,Healius Ltd,62149.590894,48787.428852,0.00002453,,AU0000033359
30/06/2025,Australian Shares,Listed Equity,,Helia Group Ltd,151487.675971,852875.615719,0.00042885,,AU0000251498
30/06/2025,Australian Shares,Listed Equity,,Helloworld Travel Ltd,31160.036364,44558.852001,0.00002241,,AU000000HLO6
30/06/2025,Australian Shares,Listed Equity,,HMC Capital Ltd,917671.779696,4680126.076448,0.00235332,,AU0000058943
30/06/2025,Australian Shares,Listed Equity,,HUB24 Ltd,132733.95728,11835886.970636,0.00595148,,AU000000HUB4
30/06/2025,Australian Shares,Listed Equity,,IDP Education Ltd,344389.559316,1263909.68269,0.00063554,,AU000000IEL5
30/06/2025,Australian Shares,Listed Equity,,IGO Ltd,578482.65565,2412272.674059,0.00121297,,AU000000IGO4
30/06/2025,Australian Shares,Listed Equity,,Iluka Resources Ltd,407506.811598,1548525.884072,0.00077865,,AU000000ILU1
30/06/2025,Australian Shares,Listed Equity,,Imdex Ltd,408570.769189,1111312.492194,0.0005588,,AU000000IMD5
30/06/2025,Australian Shares,Listed Equity,,Immutep Ltd,4220894.489146,1013014.677395,0.00050938,,AU000000IMM6
30/06/2025,Australian Shares,Listed Equity,,Imricor Medical Systems Inc,632607.768703,961563.808428,0.00048351,,AU0000054942
30/06/2025,Australian Shares,Listed Equity,,Infomedia Ltd,106868.471436,126639.139101,0.00006368,,AU000000IFM0
30/06/2025,Australian Shares,Listed Equity,,Infratil Ltd,79358.260369,776917.369012,0.00039066,,NZIFTE0003S3
30/06/2025,Australian Shares,Listed Equity,,Inghams Group Ltd,79990.757862,283967.19041,0.00014279,,AU000000ING6
30/06/2025,Australian Shares,Listed Equity,,Insignia Financial Ltd,304491.397811,1105303.774054,0.00055578,,AU000000IFL2
30/06/2025,Australian Shares,Listed Equity,,Insurance Australia Group Ltd,1743343.025496,15742387.520229,0.0079158,,AU000000IAG3
30/06/2025,Australian Shares,Listed Equity,,Integral Diagnostics Ltd,516509.083555,1311933.072231,0.00065968,,AU000000IDX2
30/06/2025,Australian Shares,Listed Equity,,Intelligent Monitoring Group Ltd,190356.429511,94226.433057,0.00004738,,AU0000199713
30/06/2025,Australian Shares,Listed Equity,,IPD Group Ltd/Australia,152008.833374,452986.323454,0.00022778,,AU0000189318
30/06/2025,Australian Shares,Listed Equity,,IPH Ltd,122234.991803,559836.262456,0.0002815,,AU000000IPH9
30/06/2025,Australian Shares,Listed Equity,,IRESS Ltd,95718.89064,765751.125123,0.00038505,,AU000000IRE2
30/06/2025,Australian Shares,Listed Equity,,James Hardie Industries PLC,324349.926268,13525391.925375,0.00680102,,AU000000JHX1
30/06/2025,Australian Shares,Listed Equity,,JB Hi-Fi Ltd,107689.768493,11883565.953162,0.00597545,,AU000000JBH7
30/06/2025,Australian Shares,Listed Equity,,Johns Lyng Group Ltd,10735.779931,34032.422381,0.00001711,,AU000000JLG8
30/06/2025,Australian Shares,Listed Equity,,Judo Capital Holdings Ltd,997616.174785,1561269.314436,0.00078506,,AU0000182271
30/06/2025,Australian Shares,Listed Equity,,Jumbo Interactive Ltd,9668.0168,94746.564644,0.00004764,,AU000000JIN0
30/06/2025,Australian Shares,Listed Equity,,Karoon Energy Ltd,639015.321617,1226909.417504,0.00061693,,AU000000KAR6
30/06/2025,Australian Shares,Listed Equity,,Kelsian Group Ltd,224348.779899,850281.875816,0.00042755,,AU0000186678
30/06/2025,Australian Shares,Listed Equity,,KMD Brands Ltd,615495.745805,153873.936451,0.00007737,,NZKMDE0001S3
30/06/2025,Australian Shares,Listed Equity,,Life360 Inc,204777.975002,6589755.23557,0.00331355,,AU0000045098
30/06/2025,Australian Shares,Listed Equity,,Lifestyle Communities Ltd,274024.527213,1918171.690491,0.00096452,,AU000000LIC9
30/06/2025,Australian Shares,Listed Equity,,Light & Wonder Inc,24348.262205,3589420.814218,0.00180488,,AU0000278103
30/06/2025,Australian Shares,Listed Equity,,Liontown Resources Ltd,895244.278866,626670.995206,0.00031511,,AU000000LTR4
30/06/2025,Australian Shares,Listed Equity,,Lottery Corp Ltd/The,820515.943995,4373349.981491,0.00219907,,AU0000219529
30/06/2025,Australian Shares,Listed Equity,,Lovisa Holdings Ltd,67963.676598,2153089.274615,0.00108264,,AU000000LOV7
30/06/2025,Australian Shares,Listed Equity,,Lycopodium Ltd,8631.302165,89420.290431,0.00004496,,AU000000LYL7
30/06/2025,Australian Shares,Listed Equity,,Lynas Rare Earths Ltd,1598356.816827,13761852.192877,0.00691992,,AU000000LYC6
30/06/2025,Australian Shares,Listed Equity,,MAC Copper Ltd,39217.875459,721608.908455,0.00036285,,AU0000319733
30/06/2025,Australian Shares,Listed Equity,,Macmahon Holdings Ltd,739182.91912,225450.79078,0.00011336,,AU000000MAH3
30/06/2025,Australian Shares,Listed Equity,,Macquarie Group Ltd,276127.639179,63158674.90932,0.03175828,,AU000000MQG1
30/06/2025,Australian Shares,Listed Equity,,Macquarie Technology Group Ltd,3674.476203,244499.64652,0.00012294,,AU000000MAQ4
30/06/2025,Australian Shares,Listed Equity,,Mader Group Ltd,30256.758469,203627.984498,0.00010239,,AU0000056269
30/06/2025,Australian Shares,Listed Equity,,Magellan Financial Group Ltd,108653.368973,930072.838407,0.00046767,,AU000000MFG4
30/06/2025,Australian Shares,Listed Equity,,Magellan Financial Group Ltd,1895.772891,81.518055,0.00000004,,AU0000215808
30/06/2025,Australian Shares,Listed Equity,,Magontec Ltd,74995.713244,13874.20695,0.00000698,,AU000000MGL2
30/06/2025,Australian Shares,Listed Equity,,Mainfreight Ltd,10620.290297,660592.387749,0.00033217,,NZMFTE0001S9
30/06/2025,Australian Shares,Listed Equity,,McMillan Shakespeare Ltd,9747.701955,151576.765408,0.00007622,,AU000000MMS5
30/06/2025,Australian Shares,Listed Equity,,Medibank Pvt Ltd,1078658.926269,5447227.577657,0.00273905,,AU000000MPL3
30/06/2025,Australian Shares,Listed Equity,,Megaport Ltd,170471.660302,2461610.774754,0.00123778,,AU000000MP15
30/06/2025,Australian Shares,Listed Equity,,Mesoblast Ltd,426400.235186,705692.390131,0.00035485,,AU000000MSB8
30/06/2025,Australian Shares,Listed Equity,,Metcash Ltd,1681705.213583,6575467.385108,0.00330636,,AU000000MTS0
30/06/2025,Australian Shares,Listed Equity,,Monadelphous Group Ltd,54234.696507,952361.270668,0.00047888,,AU000000MND5
30/06/2025,Australian Shares,Listed Equity,,Monash IVF Group Ltd,60492.339352,42647.099243,0.00002144,,AU000000MVF3
30/06/2025,Australian Shares,Listed Equity,,Nanosonics Ltd,245654.440223,994900.482904,0.00050027,,AU000000NAN9
30/06/2025,Australian Shares,Listed Equity,,National Australia Bank Ltd,1953701.292968,76897682.891225,0.03866672,,AU000000NAB4
30/06/2025,Australian Shares,Listed Equity,,Netwealth Group Ltd,196065.931893,6585854.652291,0.00331159,,AU000000NWL7
30/06/2025,Australian Shares,Listed Equity,,Neuren Pharmaceuticals Ltd,179530.897654,2533180.965894,0.00127377,,NZNEUE0001S8
30/06/2025,Australian Shares,Listed Equity,,Newmont Corp,158405.968202,13830425.083687,0.0069544,,AU0000297962
30/06/2025,Australian Shares,Listed Equity,,News Corp,17143.211904,889732.697832,0.00044739,,AU000000NWS2
30/06/2025,Australian Shares,Listed Equity,,NexGen Energy Ltd,315249.854509,3344800.956345,0.00168188,,AU0000159329
30/06/2025,Australian Shares,Listed Equity,,NEXTDC Ltd,408425.32777,5922167.252672,0.00297786,,AU000000NXT8
30/06/2025,Australian Shares,Listed Equity,,nib holdings Ltd/Australia,250579.805798,1774105.025047,0.00089208,,AU000000NHF0
30/06/2025,Australian Shares,Listed Equity,,Nickel Industries Ltd,483889.072254,336302.905216,0.0001691,,AU0000018236
30/06/2025,Australian Shares,Listed Equity,,Nick Scali Ltd,36838.682402,670832.406549,0.00033732,,AU000000NCK1
30/06/2025,Australian Shares,Listed Equity,,Nine Entertainment Co Holdings Ltd,2166714.083983,3520910.387819,0.00177043,,AU000000NEC4
30/06/2025,Australian Shares,Listed Equity,,Northern Star Resources Ltd,948569.750571,17595968.8731,0.00884784,,AU000000NST8
30/06/2025,Australian Shares,Listed Equity,,NRW Holdings Ltd,224674.614732,671777.098048,0.00033779,,AU000000NWH5
30/06/2025,Australian Shares,Listed Equity,,Nufarm Ltd,582832.541852,1433768.052956,0.00072095,,AU000000NUF3
30/06/2025,Australian Shares,Listed Equity,,Nuix Ltd,209917.99559,459720.410341,0.00023116,,AU0000119307
30/06/2025,Australian Shares,Listed Equity,,NVIDIA Corp,13517.728592,3258817.335591,0.00163864,,US67066G1040
30/06/2025,Australian Shares,Listed Equity,,Objective Corp Ltd,16208.30153,310551.057316,0.00015616,,AU000000OCL7
30/06/2025,Australian Shares,Listed Equity,,OFX Group Ltd,80157.253689,60117.940267,0.00003023,,AU000000OFX5
30/06/2025,Australian Shares,Listed Equity,,Omni Bridgeway Ltd,392011.885989,525295.927225,0.00026414,,AU0000082489
30/06/2025,Australian Shares,Listed Equity,,oOh!media Ltd,507489.299202,875419.041572,0.00044019,,AU000000OML6
30/06/2025,Australian Shares,Listed Equity,,Ora Banda Mining Ltd,135878.803325,103947.284544,0.00005227,,AU0000050130
30/06/2025,Australian Shares,Listed Equity,,Orica Ltd,364425.438174,7102651.790008,0.00357145,,AU000000ORI1
30/06/2025,Australian Shares,Listed Equity,,Origin Energy Ltd,1255568.945086,13547588.917474,0.00681218,,AU000000ORG5
30/06/2025,Australian Shares,Listed Equity,,Orora Ltd,1817249.124344,3434600.84501,0.00172703,,AU000000ORA8
30/06/2025,Australian Shares,Listed Equity,,Paladin Energy Ltd,169321.289948,1366422.809879,0.00068708,,AU000000PDN8
30/06/2025,Australian Shares,Listed Equity,,Peet Ltd,363748.752452,618372.879169,0.00031094,,AU000000PPC5
30/06/2025,Australian Shares,Listed Equity,,Perenti Ltd,226850.086331,367497.139857,0.00018479,,AU0000061897
30/06/2025,Australian Shares,Listed Equity,,Perpetual Ltd,49794.596038,899290.404447,0.00045219,,AU000000PPT9
30/06/2025,Australian Shares,Listed Equity,,Perseus Mining Ltd,635374.459777,2160273.163241,0.00108626,,AU000000PRU3
30/06/2025,Australian Shares,Listed Equity,,PEXA Group Ltd,120775.438339,1642545.961404,0.00082593,,AU0000158594
30/06/2025,Australian Shares,Listed Equity,,Pilbara Minerals Ltd,2934859.636242,3918037.615281,0.00197012,,AU000000PLS0
30/06/2025,Australian Shares,Listed Equity,,Pinnacle Investment Management Group Ltd,288247.033717,5920594.072549,0.00297707,,AU000000PNI7
30/06/2025,Australian Shares,Listed Equity,,PolyNovo Ltd,379530.323115,453538.737469,0.00022805,,AU000000PNV0
30/06/2025,Australian Shares,Listed Equity,,Praemium Ltd,84884.431935,54326.036438,0.00002732,,AU000000PPS1
30/06/2025,Australian Shares,Listed Equity,,Premier Investments Ltd,58805.506744,1189635.401432,0.00059819,,AU000000PMV2
30/06/2025,Australian Shares,Listed Equity,,Pro Medicus Ltd,23756.237192,6772428.098834,0.0034054,,AU000000PME8
30/06/2025,Australian Shares,Listed Equity,,PWR Holdings Ltd,16133.821036,111807.37978,0.00005622,,AU000000PWH0
30/06/2025,Australian Shares,Listed Equity,,PYC Therapeutics Ltd,1060171.851995,1372922.548333,0.00069035,,AU000000PYC7
30/06/2025,Australian Shares,Listed Equity,,Qantas Airways Ltd,475686.555085,5108873.601614,0.00256891,,AU000000QAN2
30/06/2025,Australian Shares,Listed Equity,,QBE Insurance Group Ltd,1128766.022058,26401837.255943,0.01327572,,AU000000QBE9
30/06/2025,Australian Shares,Listed Equity,,Qube Holdings Ltd,2129026.066587,9112231.564993,0.00458193,,AU000000QUB5
30/06/2025,Australian Shares,Listed Equity,,Ramelius Resources Ltd,1100380.396229,2772958.598497,0.00139434,,AU000000RMS4
30/06/2025,Australian Shares,Listed Equity,,Ramsay Health Care Ltd,275997.367445,10126343.41156,0.00509186,,AU000000RHC8
30/06/2025,Australian Shares,Listed Equity,,REA Group Ltd,69212.778949,16644981.209478,0.00836965,,AU000000REA9
30/06/2025,Australian Shares,Listed Equity,,Redox Ltd/Australia,78920.876972,170469.094259,0.00008572,,AU0000284895
30/06/2025,Australian Shares,Listed Equity,,Reece Ltd,244343.82087,3506333.829479,0.0017631,,AU000000REH4
30/06/2025,Australian Shares,Listed Equity,,Regal Partners Ltd,24340.225443,52818.289212,0.00002656,,AU0000226300
30/06/2025,Australian Shares,Listed Equity,,Regis Resources Ltd,451357.107208,1981457.700642,0.00099634,,AU000000RRL8
30/06/2025,Australian Shares,Listed Equity,,Reliance Worldwide Corp Ltd,1162845.960639,4767668.438618,0.00239734,,AU000000RWC7
30/06/2025,Australian Shares,Listed Equity,,ResMed Inc,571440.827536,22486196.563527,0.01130681,,AU000000RMD6
30/06/2025,Australian Shares,Listed Equity,,Resolute Mining Ltd,274745.8897,167594.992717,0.00008427,,AU000000RSG6
30/06/2025,Australian Shares,Listed Equity,,Ridley Corp Ltd,63930.376903,187955.308095,0.00009451,,AU000000RIC6
30/06/2025,Australian Shares,Listed Equity,,Rio Tinto Ltd,297565.140033,31878153.451693,0.0160294,,AU000000RIO1
30/06/2025,Australian Shares,Listed Equity,,RPMGlobal Holdings Ltd,123870.573509,360463.36891,0.00018125,,AU000000RUL2
30/06/2025,Australian Shares,Listed Equity,,Salt Lake Potash Ltd,2819774.847075,0.027835,0,,AU000000SO44
30/06/2025,Australian Shares,Listed Equity,,Sandfire Resources Ltd,707297.667498,7935879.829326,0.00399042,,AU000000SFR8
30/06/2025,Australian Shares,Listed Equity,,Santos Ltd,1549293.327326,11867586.887321,0.00596742,,AU000000STO6
30/06/2025,Australian Shares,Listed Equity,,SEEK Ltd,472258.839356,11357825.086512,0.00571109,,AU000000SEK6
30/06/2025,Australian Shares,Listed Equity,,Service Stream Ltd,105049.980821,208524.211929,0.00010485,,AU000000SSM2
30/06/2025,Australian Shares,Listed Equity,,SGH Ltd,199526.987653,10788424.222422,0.00542478,,AU0000364754
30/06/2025,Australian Shares,Listed Equity,,Sigma Healthcare Ltd,6923248.533273,20700513.114486,0.01040891,,AU000000SIG5
30/06/2025,Australian Shares,Listed Equity,,Sims Ltd,283933.956468,4355546.892222,0.00219011,,AU000000SGM7
30/06/2025,Australian Shares,Listed Equity,,SiteMinder Ltd,114411.400166,506842.502735,0.00025486,,AU0000183543
30/06/2025,Australian Shares,Listed Equity,,Skellerup Holdings Ltd,19590.972256,85472.824248,0.00004298,,NZSKXE0001S8
30/06/2025,Australian Shares,Listed Equity,,SKYCITY Entertainment Group Ltd,612963.023547,505694.494875,0.00025428,,NZSKCE0001S2
30/06/2025,Australian Shares,Listed Equity,,SKY Network Television Ltd,13434.845351,37483.21853,0.00001885,,NZSKTE0001S6
30/06/2025,Australian Shares,Listed Equity,,SmartGroup Corp Ltd,109364.861891,806019.032135,0.00040529,,AU000000SIQ4
30/06/2025,Australian Shares,Listed Equity,,Songtradr Inc,13267.837292,456811.637951,0.0002297,,
30/06/2025,Australian Shares,Listed Equity,,Sonic Healthcare Ltd,194831.900648,5219546.61836,0.00262456,,AU000000SHL7
30/06/2025,Australian Shares,Listed Equity,,South32 Ltd,1099493.349028,3199525.645671,0.00160883,,AU000000S320
30/06/2025,Australian Shares,Listed Equity,,Spark New Zealand Ltd,153096.985808,344468.218068,0.00017321,,NZTELE0001S4
30/06/2025,Australian Shares,Listed Equity,,Spartan Resources Ltd/Australia,204999.959588,406924.92023,0.00020462,,AU0000294233
30/06/2025,Australian Shares,Listed Equity,,SRG Global Ltd,154916.466272,267230.904769,0.00013437,,AU0000032914
30/06/2025,Australian Shares,Listed Equity,,Stanmore Resources Ltd,262851.118364,491531.591342,0.00024716,,AU000000SMR4
30/06/2025,Australian Shares,Listed Equity,,Steadfast Group Ltd,850872.008094,5113740.768644,0.00257136,,AU000000SDF8
30/06/2025,Australian Shares,Listed Equity,,Step One Clothing Ltd,46821.399809,32306.765868,0.00001624,,AU0000181174
30/06/2025,Australian Shares,Listed Equity,,Suncorp Group Ltd,797766.798145,17239740.507921,0.00866872,,AU000000SUN6
30/06/2025,Australian Shares,Listed Equity,,Super Retail Group Ltd,163244.455131,2324601.041059,0.00116889,,AU000000SUL0
30/06/2025,Australian Shares,Listed Equity,,Supply Network Ltd,4177.009681,156178.391974,0.00007853,,AU000000SNL5
30/06/2025,Australian Shares,Listed Equity,,Tabcorp Holdings Ltd,1078147.893323,770875.744624,0.00038762,,AU000000TAH8
30/06/2025,Australian Shares,Listed Equity,,Technology One Ltd,264236.121117,10836323.327018,0.00544886,,AU000000TNE8
30/06/2025,Australian Shares,Listed Equity,,Telix Pharmaceuticals Ltd,398255.671567,9725403.499673,0.00489026,,AU000000TLX2
30/06/2025,Australian Shares,Listed Equity,,Telstra Group Ltd,7703942.089716,37287079.714227,0.01874919,,AU000000TLS2
30/06/2025,Australian Shares,Listed Equity,,Temple & Webster Group Ltd,184440.766707,3932277.146195,0.00197728,,AU000000TPW5
30/06/2025,Australian Shares,Listed Equity,,TPG Telecom Ltd,332052.255643,1769838.522578,0.00088993,,AU0000090128
30/06/2025,Australian Shares,Listed Equity,,Treasury Wine Estates Ltd,589855.397366,4606770.653431,0.00231644,,AU000000TWE9
30/06/2025,Australian Shares,Listed Equity,,Tyro Payments Ltd,149231.540662,131323.755783,0.00006603,,AU0000066508
30/06/2025,Australian Shares,Listed Equity,,Universal Store Holdings Ltd,13241.913951,103022.090539,0.0000518,,AU0000113565
30/06/2025,Australian Shares,Listed Equity,,Vanguard Australian Shares Index ETF,42339.196011,4503196.887737,0.00226436,,AU000000VAS1
30/06/2025,Australian Shares,Listed Equity,,Vault Minerals Ltd,3305424.209274,1388278.167895,0.00069807,,AU0000355588
30/06/2025,Australian Shares,Listed Equity,,Ventia Services Group Pty Ltd,351364.772772,1820069.522959,0.00091519,,AU0000184459
30/06/2025,Australian Shares,Listed Equity,,Virgin Australia Holdings Ltd,510272.163904,1576740.986462,0.00079284,,AU0000400616
30/06/2025,Australian Shares,Listed Equity,,Viva Energy Group Ltd,926435.882259,2001101.505679,0.00100622,,AU0000016875
30/06/2025,Australian Shares,Listed Equity,,WEB Travel Group Ltd,243772.599055,1084788.065793,0.00054547,,AU000000WEB7
30/06/2025,Australian Shares,Listed Equity,,Wesfarmers Ltd,735691.395718,62349845.787138,0.03135158,,AU000000WES1
30/06/2025,Australian Shares,Listed Equity,,West African Resources Ltd,533006.532933,1209924.829758,0.00060839,,AU000000WAF6
30/06/2025,Australian Shares,Listed Equity,,Westgold Resources Ltd,534402.88674,1533736.284944,0.00077121,,AU000000WGX6
30/06/2025,Australian Shares,Listed Equity,,Westpac Banking Corp,1989232.630151,67355416.856907,0.03386855,,AU000000WBC1
30/06/2025,Australian Shares,Listed Equity,,WiseTech Global Ltd,164026.442904,17883803.069837,0.00899257,,AU000000WTC3
30/06/2025,Australian Shares,Listed Equity,,Woodside Energy Group Ltd,1592102.791242,37621388.957054,0.01891729,,AU0000224040
30/06/2025,Australian Shares,Listed Equity,,Woolworths Group Ltd,790528.736268,24593348.9853,0.01236635,,AU000000WOW2
30/06/2025,Australian Shares,Listed Equity,,Worley Ltd,849082.440555,11105998.322461,0.00558447,,AU000000WOR2
30/06/2025,Australian Shares,Listed Equity,,Xero Ltd,118768.008266,21354487.886308,0.01073775,,NZXROE0001S2
30/06/2025,Australian Shares,Listed Equity,,Xero Ltd,8444.998082,1518410.655182,0.00076351,,AU0000403172
30/06/2025,Australian Shares,Listed Equity,,Zillow Group Inc,23480.271146,2509793.231521,0.00126201,,US98954M2008
30/06/2025,Australian Shares,Listed Equity,,Zip Co Ltd,1437868.553423,4414256.459007,0.00221964,,AU0000218307
30/06/2025,Australian Shares,Listed Equity Total,,,144956736.987937,1789623962.875298,0.89988251,,
30/06/2025,Australian Shares,Listed Infrastructure,,APA Group,523627.385566,4278035.740074,0.00215114,,AU000000APA1
30/06/2025,Australian Shares,Listed Infrastructure,,Atlas Arteria Ltd,507623.834478,2583805.317495,0.00129922,,AU0000013559
30/06/2025,Australian Shares,Listed Infrastructure,,Transurban Group,2139849.04647,29915089.66965,0.0150423,,AU000000TCL6
30/06/2025,Australian Shares,Listed Infrastructure Total,,,3171100.266514,36776930.727219,0.01849267,,
30/06/2025,Australian Shares,Listed Property,,Abacus Group,155270.8319,173903.331728,0.00008744,,AU0000291882
30/06/2025,Australian Shares,Listed Property,,Abacus Storage King,228409.330987,350608.323513,0.0001763,,AU0000286213
30/06/2025,Australian Shares,Listed Property,,Arena REIT,220011.647708,816243.212996,0.00041043,,AU000000ARF6
30/06/2025,Australian Shares,Listed Property,,BWP Trust,357949.38052,1259981.819432,0.00063356,,AU000000BWP3
30/06/2025,Australian Shares,Listed Property,,Centuria Capital Group,657715.005446,1108249.785074,0.00055726,,AU000000CNI5
30/06/2025,Australian Shares,Listed Property,,Centuria Industrial REIT,386804.617186,1206830.405621,0.00060683,,AU000000CIP0
30/06/2025,Australian Shares,Listed Property,,Charter Hall Group,423773.343162,8132210.455288,0.00408915,,AU000000CHC0
30/06/2025,Australian Shares,Listed Property,,Charter Hall Long Wale REIT,320241.585107,1306585.667237,0.00065699,,AU000000CLW0
30/06/2025,Australian Shares,Listed Property,,Charter Hall Retail REIT,247743.643036,951335.589257,0.00047836,,AU000000CQR9
30/06/2025,Australian Shares,Listed Property,,Dexus,617933.012935,4109254.536335,0.00206627,,AU000000DXS1
30/06/2025,Australian Shares,Listed Property,,Dexus Industria REIT,49147.973023,133682.486624,0.00006722,,AU0000192833
30/06/2025,Australian Shares,Listed Property,,DigiCo Infrastructure REIT,62765.702124,210892.759138,0.00010604,,AU0000367088
30/06/2025,Australian Shares,Listed Property,,Goodman Group,1782058.396368,61017679.491631,0.03068172,,AU000000GMG2
30/06/2025,Australian Shares,Listed Property,,GPT Group/The,798496.112177,3864721.183082,0.00194331,,AU000000GPT8
30/06/2025,Australian Shares,Listed Property,,HomeCo Daily Needs REIT,632263.50007,793490.693037,0.00039899,,AU0000113136
30/06/2025,Australian Shares,Listed Property,,Ingenia Communities Group,141920.034576,776302.58913,0.00039035,,AU000000INA9
30/06/2025,Australian Shares,Listed Property,,Lendlease Corp Ltd,611847.151855,3291737.676981,0.0016552,,AU000000LLC3
30/06/2025,Australian Shares,Listed Property,,Mirvac Group,3364578.427297,7402072.540054,0.00372201,,AU000000MGR9
30/06/2025,Australian Shares,Listed Property,,National Storage REIT,460804.558243,1059850.483958,0.00053293,,AU000000NSR2
30/06/2025,Australian Shares,Listed Property,,Region Group,1032738.715509,2272025.17412,0.00114245,,AU0000253502
30/06/2025,Australian Shares,Listed Property,,Scentre Group,3505463.606832,12479450.440681,0.00627508,,AU000000SCG8
30/06/2025,Australian Shares,Listed Property,,Stockland,1902426.859674,10197007.967529,0.0051274,,AU000000SGP0
30/06/2025,Australian Shares,Listed Property,,Vicinity Ltd,1897147.117905,4685953.381225,0.00235625,,AU000000VCX7
30/06/2025,Australian Shares,Listed Property,,Waypoint REIT Ltd,266363.690317,655254.678179,0.00032948,,AU0000088064
30/06/2025,Australian Shares,Listed Property Total,,,20123874.243958,128255324.671849,0.06449105,,
