Effective Date,Option,Asset Class,Internal/External,Name/kind of investment item,Units,Value (AUD),Weighting,% Ownership / Property Held,Currency,Security Identifier
30/06/2025,Sustainable Growth,Cash,,JPMorgan Chase & Co,,366.904246,0.00000015,,ARS,
30/06/2025,Sustainable Growth,Cash,,Australia & New Zealand Banking Group Ltd,,8136490.542,0.00339152,,AUD,
30/06/2025,Sustainable Growth,Cash,,Australia Treasury Bill,,5357679.281,0.00223324,,AUD,
30/06/2025,Sustainable Growth,Cash,,Bank of America Corp,,-100965.2058,-0.00004209,,AUD,
30/06/2025,Sustainable Growth,Cash,,Bank of Nova Scotia/Australia,,1339419.82,0.00055831,,AUD,
30/06/2025,Sustainable Growth,Cash,,Bank of Queensland Ltd,,3116048.544,0.00129886,,AUD,
30/06/2025,Sustainable Growth,Cash,,Barclays Bank PLC,,-502593.832,-0.0002095,,AUD,
30/06/2025,Sustainable Growth,Cash,,Bendigo & Adelaide Bank Ltd,,3276021.07,0.00136554,,AUD,
30/06/2025,Sustainable Growth,Cash,,Canadian Imperial Bank of Commerce/Sydney,,1080940.759,0.00045057,,AUD,
30/06/2025,Sustainable Growth,Cash,,Citigroup Inc,,464090.0574,0.00019345,,AUD,
30/06/2025,Sustainable Growth,Cash,,Commonwealth Bank of Australia,,25619406.55,0.01067891,,AUD,
30/06/2025,Sustainable Growth,Cash,,Cooperatieve Rabobank UA/Australia,,4088573.523,0.00170424,,AUD,
30/06/2025,Sustainable Growth,Cash,,Credit Agricole Corporate & Investment Bank SA/Sydney,,1339419.82,0.00055831,,AUD,
30/06/2025,Sustainable Growth,Cash,,Credit Union Australia Ltd,,4890757.432,0.00203861,,AUD,
30/06/2025,Sustainable Growth,Cash,,Defence Bank Ltd,,840775.6587,0.00035046,,AUD,
30/06/2025,Sustainable Growth,Cash,,Goldman Sachs Group Inc/The,,59174.90351,0.00002467,,AUD,
30/06/2025,Sustainable Growth,Cash,,HSBC Holdings PLC,,-13666.47003,-0.0000057,,AUD,
30/06/2025,Sustainable Growth,Cash,,JPMorgan Chase & Co,,13678269.82,0.0057015,,AUD,
30/06/2025,Sustainable Growth,Cash,,Macquarie Bank Ltd,,4612725.365,0.00192272,,AUD,
30/06/2025,Sustainable Growth,Cash,,Macquarie Group Ltd,,788538.9952,0.00032869,,AUD,
30/06/2025,Sustainable Growth,Cash,,Merrill Lynch,,3755.72165,0.00000157,,AUD,
30/06/2025,Sustainable Growth,Cash,,Mitsubishi UFJ Financial Group Inc,,920019.0089,0.00038349,,AUD,
30/06/2025,Sustainable Growth,Cash,,Mizuho Bank Ltd/Sydney,,841045.8009,0.00035057,,AUD,
30/06/2025,Sustainable Growth,Cash,,MUFG Bank Ltd/Sydney,,970104.0699,0.00040437,,AUD,
30/06/2025,Sustainable Growth,Cash,,MyState Bank Ltd,,3353011.803,0.00139763,,AUD,
30/06/2025,Sustainable Growth,Cash,,National Australia Bank Ltd,,25205713.2,0.01050647,,AUD,
30/06/2025,Sustainable Growth,Cash,,Newcastle Greater Mutual Group Ltd,,2387761.688,0.00099529,,AUD,
30/06/2025,Sustainable Growth,Cash,,Norfina Ltd,,12063263.82,0.00502832,,AUD,
30/06/2025,Sustainable Growth,Cash,,Oversea-Chinese Banking Corp Ltd/Sydney,,1485416.581,0.00061916,,AUD,
30/06/2025,Sustainable Growth,Cash,,Police & Nurses Ltd,,2242895.106,0.0009349,,AUD,
30/06/2025,Sustainable Growth,Cash,,Royal Bank of Canada,,2579997.427,0.00107542,,AUD,
30/06/2025,Sustainable Growth,Cash,,Royal Bank of Canada/Sydney,,2708539.068,0.001129,,AUD,
30/06/2025,Sustainable Growth,Cash,,SSB Bank,,-4287.52001,-0.00000179,,AUD,
30/06/2025,Sustainable Growth,Cash,,Standard Chartered Bank/Australia,,1339419.82,0.00055831,,AUD,
30/06/2025,Sustainable Growth,Cash,,Sumitomo Mitsui Banking Corp/Sydney,,11037943.47,0.00460093,,AUD,
30/06/2025,Sustainable Growth,Cash,,Teachers Mutual Bank Ltd,,3092194.503,0.00128892,,AUD,
30/06/2025,Sustainable Growth,Cash,,Telstra Group Ltd,,2119522.735,0.00088348,,AUD,
30/06/2025,Sustainable Growth,Cash,,Toronto-Dominion Bank/The,,21705.57005,0.00000905,,AUD,
30/06/2025,Sustainable Growth,Cash,,UBS AG/Australia,,4853675.454,0.00202315,,AUD,
30/06/2025,Sustainable Growth,Cash,,UBS Group AG,,127984.0637,0.00005335,,AUD,
30/06/2025,Sustainable Growth,Cash,,United Overseas Bank Ltd/Sydney,,1624885.098,0.0006773,,AUD,
30/06/2025,Sustainable Growth,Cash,,Westpac Banking Corp,,11747811.63,0.00489683,,AUD,
30/06/2025,Sustainable Growth,Cash,,Barclays Bank PLC,,55575.9901,0.00002317,,CAD,
30/06/2025,Sustainable Growth,Cash,,Citigroup Inc,,-5574.328531,-0.00000232,,CAD,
30/06/2025,Sustainable Growth,Cash,,Goldman Sachs Group Inc/The,,7438.047811,0.0000031,,CAD,
30/06/2025,Sustainable Growth,Cash,,JPMorgan Chase & Co,,-964507.9389,-0.00040203,,CAD,
30/06/2025,Sustainable Growth,Cash,,Merrill Lynch,,-472.188527,-0.0000002,,CAD,
30/06/2025,Sustainable Growth,Cash,,Barclays Bank PLC,,2137.181996,0.00000089,,CHF,
30/06/2025,Sustainable Growth,Cash,,Citigroup Inc,,4265.613944,0.00000178,,CHF,
30/06/2025,Sustainable Growth,Cash,,JPMorgan Chase & Co,,616603.0368,0.00025702,,CHF,
30/06/2025,Sustainable Growth,Cash,,JPMorgan Chase & Co,,7.685501,0,,CZK,
30/06/2025,Sustainable Growth,Cash,,JPMorgan Chase & Co,,223449.3991,0.00009314,,DKK,
30/06/2025,Sustainable Growth,Cash,,Barclays Bank PLC,,703146.7931,0.00029309,,EUR,
30/06/2025,Sustainable Growth,Cash,,Citigroup Inc,,-288.125228,-0.00000012,,EUR,
30/06/2025,Sustainable Growth,Cash,,Credit Suisse Group AG,,0.001136,0,,EUR,
30/06/2025,Sustainable Growth,Cash,,Goldman Sachs Group Inc/The,,-57168.0538,-0.00002383,,EUR,
30/06/2025,Sustainable Growth,Cash,,JPMorgan Chase & Co,,1435392.688,0.00059831,,EUR,
30/06/2025,Sustainable Growth,Cash,,Macquarie Group Ltd,,-36.797463,-0.00000002,,EUR,
30/06/2025,Sustainable Growth,Cash,,Merrill Lynch,,-633.919398,-0.00000026,,EUR,
30/06/2025,Sustainable Growth,Cash,,Barclays Bank PLC,,52802.52947,0.00002201,,GBP,
30/06/2025,Sustainable Growth,Cash,,Citigroup Inc,,-20810.89643,-0.00000867,,GBP,
30/06/2025,Sustainable Growth,Cash,,Goldman Sachs Group Inc/The,,7284.992143,0.00000304,,GBP,
30/06/2025,Sustainable Growth,Cash,,JPMorgan Chase & Co,,866564.243,0.00036121,,GBP,
30/06/2025,Sustainable Growth,Cash,,Merrill Lynch,,139.617816,0.00000006,,GBP,
30/06/2025,Sustainable Growth,Cash,,Goldman Sachs Group Inc/The,,0.002557,0,,HKD,
30/06/2025,Sustainable Growth,Cash,,JPMorgan Chase & Co,,39753.24658,0.00001657,,HKD,
30/06/2025,Sustainable Growth,Cash,,JPMorgan Chase & Co,,2174.56785,0.00000091,,ILS,
30/06/2025,Sustainable Growth,Cash,,Barclays Bank PLC,,109544.563,0.00004566,,JPY,
30/06/2025,Sustainable Growth,Cash,,Citigroup Inc,,230.196161,0.0000001,,JPY,
30/06/2025,Sustainable Growth,Cash,,Goldman Sachs Group Inc/The,,43852.09641,0.00001828,,JPY,
30/06/2025,Sustainable Growth,Cash,,JPMorgan Chase & Co,,976228.8894,0.00040692,,JPY,
30/06/2025,Sustainable Growth,Cash,,Merrill Lynch,,4928.377872,0.00000205,,JPY,
30/06/2025,Sustainable Growth,Cash,,JPMorgan Chase & Co,,20131.80114,0.00000839,,KRW,
30/06/2025,Sustainable Growth,Cash,,JPMorgan Chase & Co,,12.28358,0.00000001,,MXN,
30/06/2025,Sustainable Growth,Cash,,Goldman Sachs Group Inc/The,,-0.000284,0,,NOK,
30/06/2025,Sustainable Growth,Cash,,JPMorgan Chase & Co,,12015.40788,0.00000501,,NOK,
30/06/2025,Sustainable Growth,Cash,,Barclays Bank PLC,,-4734.824408,-0.00000197,,NZD,
30/06/2025,Sustainable Growth,Cash,,Goldman Sachs Group Inc/The,,2.874737,0,,NZD,
30/06/2025,Sustainable Growth,Cash,,JPMorgan Chase & Co,,42103.31362,0.00001755,,NZD,
30/06/2025,Sustainable Growth,Cash,,JPMorgan Chase & Co,,0.005059,0,,PLN,
30/06/2025,Sustainable Growth,Cash,,JPMorgan Chase & Co,,5751.961445,0.0000024,,RON,
30/06/2025,Sustainable Growth,Cash,,JPMorgan Chase & Co,,0.01983,0,,RUB,
30/06/2025,Sustainable Growth,Cash,,Barclays Bank PLC,,-1738.047627,-0.00000072,,SEK,
30/06/2025,Sustainable Growth,Cash,,Goldman Sachs Group Inc/The,,0.000568,0,,SEK,
30/06/2025,Sustainable Growth,Cash,,JPMorgan Chase & Co,,8902.925491,0.00000371,,SEK,
30/06/2025,Sustainable Growth,Cash,,Barclays Bank PLC,,46942.62652,0.00001957,,SGD,
30/06/2025,Sustainable Growth,Cash,,Credit Suisse Group AG,,0.000284,0,,SGD,
30/06/2025,Sustainable Growth,Cash,,JPMorgan Chase & Co,,6658.787199,0.00000278,,SGD,
30/06/2025,Sustainable Growth,Cash,,JPMorgan Chase & Co,,22219.53277,0.00000926,,TWD,
30/06/2025,Sustainable Growth,Cash,,Barclays Bank PLC,,69093.33729,0.0000288,,USD,
30/06/2025,Sustainable Growth,Cash,,BNP Paribas SA,,-994724.4808,-0.00041463,,USD,
30/06/2025,Sustainable Growth,Cash,,Citigroup Inc,,67259.68222,0.00002804,,USD,
30/06/2025,Sustainable Growth,Cash,,Goldman Sachs Group Inc/The,,454620.7188,0.0001895,,USD,
30/06/2025,Sustainable Growth,Cash,,HSBC Holdings PLC,,9970.738233,0.00000416,,USD,
30/06/2025,Sustainable Growth,Cash,,JPMorgan Chase & Co,,15780322.39,0.00657769,,USD,
30/06/2025,Sustainable Growth,Cash,,Macquarie Group Ltd,,-30.950975,-0.00000001,,USD,
30/06/2025,Sustainable Growth,Cash,,Merrill Lynch,,-32291.31662,-0.00001346,,USD,
30/06/2025,Sustainable Growth,Cash,,SSB Bank,,204071.0196,0.00008506,,USD,
30/06/2025,Sustainable Growth,Cash,,Westpac Banking Corp,,-876922.0299,-0.00036553,,USD,
30/06/2025,Sustainable Growth,Cash,,JPMorgan Chase & Co,,1207.233728,0.0000005,,ZAR,
30/06/2025,Sustainable Growth,Cash Total,,,,187736724.2,0.07825409,,,
30/06/2025,Sustainable Growth,Fixed Income,Externally Managed,BlackRock Investment Management (Australia) Limited,,119941512.4,0.04999509,,,
30/06/2025,Sustainable Growth,Fixed Income,Externally Managed,JPMorgan Asset Management (Australia) Limited,,42842779.69,0.01785811,,,
30/06/2025,Sustainable Growth,Fixed Income,Externally Managed,PIMCO Australia Pty Ltd,,207232910.2,0.08638066,,,
30/06/2025,Sustainable Growth,Fixed Income,Externally Managed,Wellington Management Australia Pty Ltd,,11652273.54,0.004857,,,
30/06/2025,Sustainable Growth,Fixed Income Total,,,,381669475.8,0.15909086,,,
30/06/2025,Sustainable Growth,Listed Equity,,3i Group PLC,23681.05471,2040123.497,0.00085038,,,GB00B1YW4409
30/06/2025,Sustainable Growth,Listed Equity,,a2 Milk Co Ltd/The,88066.69847,705414.2548,0.00029404,,,NZATME0002S8
30/06/2025,Sustainable Growth,Listed Equity,,ABB Ltd,30387.02533,2755844.853,0.00114872,,,CH0012221716
30/06/2025,Sustainable Growth,Listed Equity,,Abbott Laboratories,13345.57571,2769713.519,0.0011545,,,US0028241000
30/06/2025,Sustainable Growth,Listed Equity,,AbbVie Inc,3271.744738,926682.3203,0.00038627,,,US00287Y1091
30/06/2025,Sustainable Growth,Listed Equity,,Accent Group Ltd,61867.09342,86304.59532,0.00003597,,,AU000000AX19
30/06/2025,Sustainable Growth,Listed Equity,,Accenture PLC,19544.16253,8913641.174,0.00371546,,,IE00B4BNMY34
30/06/2025,Sustainable Growth,Listed Equity,,ACS Actividades de Construccion y Servicios SA,5924.840612,625604.3779,0.00026077,,,ES0167050915
30/06/2025,Sustainable Growth,Listed Equity,,adidas AG,2740.057613,971526.1627,0.00040496,,,DE000A1EWWW0
30/06/2025,Sustainable Growth,Listed Equity,,Adobe Inc,2701.153677,1594601.869,0.00066468,,,US00724F1012
30/06/2025,Sustainable Growth,Listed Equity,,Adriatic Metals PLC,53258.59183,302508.8016,0.00012609,,,AU0000004772
30/06/2025,Sustainable Growth,Listed Equity,,Advanced Drainage Systems Inc,7059.337939,1237255.748,0.00051572,,,US00790R1041
30/06/2025,Sustainable Growth,Listed Equity,,Advanced Micro Devices Inc,5713.538842,1237126.973,0.00051567,,,US0079031078
30/06/2025,Sustainable Growth,Listed Equity,,Adyen NV,4618.064712,12890752.04,0.00537324,,,NL0012969182
30/06/2025,Sustainable Growth,Listed Equity,,AECOM,5850.846851,1007593.765,0.00041999,,,US00766T1007
30/06/2025,Sustainable Growth,Listed Equity,,AGCO Corp,11833.42682,1862724.207,0.00077644,,,US0010841023
30/06/2025,Sustainable Growth,Listed Equity,,Agilent Technologies Inc,34231.75394,6164170.72,0.0025694,,,US00846U1016
30/06/2025,Sustainable Growth,Listed Equity,,Agnico Eagle Mines Ltd,1830.773461,332158.7546,0.00013845,,,CA0084741085
30/06/2025,Sustainable Growth,Listed Equity,,Airbnb Inc,9261.425244,1870232.724,0.00077957,,,US0090661010
30/06/2025,Sustainable Growth,Listed Equity,,Air Liquide SA,9492.514367,2977871.199,0.00124126,,,FR0000120073
30/06/2025,Sustainable Growth,Listed Equity,,Aisin Corp,4042.958059,78884.25245,0.00003288,,,JP3102000001
30/06/2025,Sustainable Growth,Listed Equity,,Akamai Technologies Inc,4464.798777,543392.6184,0.0002265,,,US00971T1016
30/06/2025,Sustainable Growth,Listed Equity,,Alamos Gold Inc,12434.00309,503631.1404,0.00020993,,,CA0115321089
30/06/2025,Sustainable Growth,Listed Equity,,Align Technology Inc,2817.102662,813858.3122,0.00033924,,,US0162551016
30/06/2025,Sustainable Growth,Listed Equity,,Allegion plc,7955.473508,1749512.231,0.00072925,,,IE00BFRT3W74
30/06/2025,Sustainable Growth,Listed Equity,,Alphabet Inc,15196.94537,4113505.976,0.00171463,,,US02079K1079
30/06/2025,Sustainable Growth,Listed Equity,,Alphabet Inc,51140.77253,13752252,0.00573234,,,US02079K3059
30/06/2025,Sustainable Growth,Listed Equity,,Alpha HPA Ltd,417823.3846,357238.9939,0.00014891,,,AU0000033060
30/06/2025,Sustainable Growth,Listed Equity,,ALS Ltd,305935.3524,5231494.526,0.00218064,,,AU000000ALQ6
30/06/2025,Sustainable Growth,Listed Equity,,Alstom SA,965.733,34250.07939,0.00001428,,,FR0010220475
30/06/2025,Sustainable Growth,Listed Equity,,Amazon.com Inc,47658.83335,15954637.14,0.00665035,,,US0231351067
30/06/2025,Sustainable Growth,Listed Equity,,Amcor PLC,149183.2931,2118402.762,0.00088301,,,AU000000AMC4
30/06/2025,Sustainable Growth,Listed Equity,,American Water Works Co Inc,15681.06338,3328591.941,0.00138745,,,US0304201033
30/06/2025,Sustainable Growth,Listed Equity,,AMETEK Inc,148.750344,41074.0281,0.00001712,,,US0311001004
30/06/2025,Sustainable Growth,Listed Equity,,Amgen Inc,80.096339,34124.81634,0.00001422,,,US0311621009
30/06/2025,Sustainable Growth,Listed Equity,,Amotiv Ltd,4214.396809,33757.31844,0.00001407,,,AU0000340770
30/06/2025,Sustainable Growth,Listed Equity,,AMP Ltd,324137.251,408412.9363,0.00017024,,,AU000000AMP6
30/06/2025,Sustainable Growth,Listed Equity,,Amrize Ltd,1636.25378,124148.1048,0.00005175,,,CH1430134226
30/06/2025,Sustainable Growth,Listed Equity,,Analog Devices Inc,13113.4818,4762754.16,0.00198525,,,US0326541051
30/06/2025,Sustainable Growth,Listed Equity,,ANTA Sports Products Ltd,198308.4075,3642755.099,0.00151841,,,KYG040111059
30/06/2025,Sustainable Growth,Listed Equity,,ANZ Group Holdings Ltd,817924.1201,23850667.34,0.00994165,,,AU000000ANZ3
30/06/2025,Sustainable Growth,Listed Equity,,AP Moller - Maersk A/S,134.25672,379536.3875,0.0001582,,,DK0010244508
30/06/2025,Sustainable Growth,Listed Equity,,AP Moller - Maersk A/S,140.359299,394260.7339,0.00016434,,,DK0010244425
30/06/2025,Sustainable Growth,Listed Equity,,Apple Inc,52497.42898,16435336.09,0.00685072,,,US0378331005
30/06/2025,Sustainable Growth,Listed Equity,,Applied Materials Inc,5119.300289,1430060.738,0.00059609,,,US0382221051
30/06/2025,Sustainable Growth,Listed Equity,,AppLovin Corp,454.642076,242864.2666,0.00010123,,,US03831W1080
30/06/2025,Sustainable Growth,Listed Equity,,ARB Corp Ltd,29296.18185,957985.1464,0.00039932,,,AU000000ARB5
30/06/2025,Sustainable Growth,Listed Equity,,Arista Networks Inc,5710.487552,891493.0694,0.0003716,,,US0404132054
30/06/2025,Sustainable Growth,Listed Equity,,Asahi Kasei Corp,16858.37228,182898.5481,0.00007624,,,JP3111200006
30/06/2025,Sustainable Growth,Listed Equity,,ASML Holding NV,8667.883153,10520242.39,0.00438514,,,NL0010273215
30/06/2025,Sustainable Growth,Listed Equity,,Assa Abloy AB,126390.8229,5973755.759,0.00249003,,,SE0007100581
30/06/2025,Sustainable Growth,Listed Equity,,Astellas Pharma Inc,4958.344789,74195.48905,0.00003093,,,JP3942400007
30/06/2025,Sustainable Growth,Listed Equity,,AstraZeneca PLC,8122.336999,1718777.729,0.00071644,,,GB0009895292
30/06/2025,Sustainable Growth,Listed Equity,,ASX Ltd,44321.92064,3091897.184,0.00128879,,,AU000000ASX7
30/06/2025,Sustainable Growth,Listed Equity,,Atlassian Corp Ltd,2125.222859,658596.9524,0.00027452,,,US0494681010
30/06/2025,Sustainable Growth,Listed Equity,,AT&T Inc,51153.33613,2258911.345,0.00094158,,,US00206R1023
30/06/2025,Sustainable Growth,Listed Equity,,AUB Group Ltd,26594.6829,943579.3492,0.00039331,,,AU000000AUB9
30/06/2025,Sustainable Growth,Listed Equity,,Auckland International Airport Ltd,112018.4757,795331.1776,0.00033152,,,NZAIAE0002S6
30/06/2025,Sustainable Growth,Listed Equity,,Audinate Group Ltd,8705.697738,65118.61908,0.00002714,,,AU000000AD88
30/06/2025,Sustainable Growth,Listed Equity,,Aussie Broadband Ltd,91127.32811,356307.8529,0.00014852,,,AU0000106643
30/06/2025,Sustainable Growth,Listed Equity,,Australian Clinical Labs Ltd,28377.77762,78890.22177,0.00003288,,,AU0000148496
30/06/2025,Sustainable Growth,Listed Equity,,Australian Ethical Investment Ltd,49327.39242,315202.0375,0.00013139,,,AU000000AEF4
30/06/2025,Sustainable Growth,Listed Equity,,Australian Finance Group Ltd,54138.95114,123978.1981,0.00005168,,,AU000000AFG9
30/06/2025,Sustainable Growth,Listed Equity,,Autodesk Inc,1333.413337,629869.1799,0.00026255,,,US0527691069
30/06/2025,Sustainable Growth,Listed Equity,,Automatic Data Processing Inc,3094.007148,1456003.362,0.0006069,,,US0530151036
30/06/2025,Sustainable Growth,Listed Equity,,Aviva PLC,131309.1752,1700138.178,0.00070867,,,GB00BPQY8M80
30/06/2025,Sustainable Growth,Listed Equity,,Axon Enterprise Inc,670.52078,847106.0889,0.0003531,,,US05464C1018
30/06/2025,Sustainable Growth,Listed Equity,,Ball Corp,29458.8963,2521323.714,0.00105096,,,US0584981064
30/06/2025,Sustainable Growth,Listed Equity,,Banco Bilbao Vizcaya Argentaria SA,23868.70899,558142.5194,0.00023265,,,ES0113211835
30/06/2025,Sustainable Growth,Listed Equity,,Banco Santander SA,47782.4245,601419.4028,0.00025069,,,ES0113900J37
30/06/2025,Sustainable Growth,Listed Equity,,Bandai Namco Holdings Inc,3203.853556,175013.4297,0.00007295,,,JP3778630008
30/06/2025,Sustainable Growth,Listed Equity,,Bank Hapoalim BM,1476.061103,43220.55659,0.00001802,,,IL0006625771
30/06/2025,Sustainable Growth,Listed Equity,,Bank Leumi Le-Israel BM,8273.570397,234760.5538,0.00009785,,,IL0006046119
30/06/2025,Sustainable Growth,Listed Equity,,Bank of America Corp,42894.25936,3097209.667,0.00129101,,,US0605051046
30/06/2025,Sustainable Growth,Listed Equity,,Bank of Montreal,762.822275,128734.3754,0.00005366,,,CA0636711016
30/06/2025,Sustainable Growth,Listed Equity,,Bank of New York Mellon Corp/The,12726.92684,1769360.348,0.00073752,,,US0640581007
30/06/2025,Sustainable Growth,Listed Equity,,Bank of Nova Scotia/The,2898.724646,244092.8681,0.00010174,,,CA0641491075
30/06/2025,Sustainable Growth,Listed Equity,,Bank of Queensland Ltd,41163.61562,320252.9295,0.00013349,,,AU000000BOQ8
30/06/2025,Sustainable Growth,Listed Equity,,Bapcor Ltd,138556.9483,692784.7417,0.00028877,,,AU000000BAP9
30/06/2025,Sustainable Growth,Listed Equity,,Barclays PLC,95787.5931,675590.9163,0.00028161,,,GB0031348658
30/06/2025,Sustainable Growth,Listed Equity,,Becton Dickinson & Co,16127.41743,4238876.407,0.00176689,,,US0758871091
30/06/2025,Sustainable Growth,Listed Equity,,Bega Cheese Ltd,40458.06951,220901.0595,0.00009208,,,AU000000BGA8
30/06/2025,Sustainable Growth,Listed Equity,,Bellevue Gold Ltd,178861.1822,160975.064,0.0000671,,,AU0000019374
30/06/2025,Sustainable Growth,Listed Equity,,Bendigo & Adelaide Bank Ltd,69769.34966,881884.5797,0.00036759,,,AU000000BEN6
30/06/2025,Sustainable Growth,Listed Equity,,BioMarin Pharmaceutical Inc,7448.959518,624810.1121,0.00026044,,,US09061G1013
30/06/2025,Sustainable Growth,Listed Equity,,BKW AG,4747.805841,1577266.725,0.00065745,,,CH0130293662
30/06/2025,Sustainable Growth,Listed Equity,,Block Inc,10990.46886,1128171.628,0.00047025,,,AU0000380420
30/06/2025,Sustainable Growth,Listed Equity,,BlueScope Steel Ltd,132026.6652,3051136.233,0.0012718,,,AU000000BSL0
30/06/2025,Sustainable Growth,Listed Equity,,BNP Paribas SA,1466.144413,200426.1597,0.00008354,,,FR0000131104
30/06/2025,Sustainable Growth,Listed Equity,,BOC Hong Kong Holdings Ltd,60644.37088,401977.6576,0.00016756,,,HK2388011192
30/06/2025,Sustainable Growth,Listed Equity,,Boliden AB,10631.45405,502316.5002,0.00020938,,,SE0020050417
30/06/2025,Sustainable Growth,Listed Equity,,Booking Holdings Inc,487.443434,4305984.626,0.00179486,,,US09857L1089
30/06/2025,Sustainable Growth,Listed Equity,,Booz Allen Hamilton Holding Corp,3400.661703,540338.606,0.00022523,,,US0995021062
30/06/2025,Sustainable Growth,Listed Equity,,Bouygues SA,5899.667477,405786.9327,0.00016914,,,FR0000120503
30/06/2025,Sustainable Growth,Listed Equity,,BPER Banca SPA,9378.899874,129623.4066,0.00005403,,,IT0000066123
30/06/2025,Sustainable Growth,Listed Equity,,BrainChip Holdings Ltd,218828.3763,42671.53337,0.00001779,,,AU000000BRN8
30/06/2025,Sustainable Growth,Listed Equity,,Brambles Ltd,558824.7204,13087674.95,0.00545532,,,AU000000BXB1
30/06/2025,Sustainable Growth,Listed Equity,,Breville Group Ltd,86415.01432,2548378.772,0.00106224,,,AU000000BRG2
30/06/2025,Sustainable Growth,Listed Equity,,Bristol-Myers Squibb Co,12213.54745,862691.86,0.00035959,,,US1101221083
30/06/2025,Sustainable Growth,Listed Equity,,Broadcom Inc,14477.60396,6089496.502,0.00253828,,,US11135F1012
30/06/2025,Sustainable Growth,Listed Equity,,Cadence Design Systems Inc,656.027157,308468.4011,0.00012858,,,US1273871087
30/06/2025,Sustainable Growth,Listed Equity,,CaixaBank SA,6918.798036,91136.75723,0.00003799,,,ES0140609019
30/06/2025,Sustainable Growth,Listed Equity,,Canadian Pacific Kansas City Ltd,21836.82436,2641344.423,0.00110099,,,CA13646K1084
30/06/2025,Sustainable Growth,Listed Equity,,Canadian Tire Corp Ltd,2135.902371,442813.5097,0.00018458,,,CA1366812024
30/06/2025,Sustainable Growth,Listed Equity,,Capricorn Metals Ltd,22820.81537,217938.7868,0.00009084,,,AU000000CMM9
30/06/2025,Sustainable Growth,Listed Equity,,Capstone Copper Corp,148566.2349,1399493.932,0.00058335,,,AU0000318552
30/06/2025,Sustainable Growth,Listed Equity,,Cardinal Health Inc,7033.9842,1803172.88,0.00075161,,,US14149Y1082
30/06/2025,Sustainable Growth,Listed Equity,,CAR Group Ltd,92294.99559,3453678.735,0.00143959,,,AU000000CAR3
30/06/2025,Sustainable Growth,Listed Equity,,Carnival Corp,6019.430574,258283.9484,0.00010766,,,PA1436583006
30/06/2025,Sustainable Growth,Listed Equity,,Carvana Co,309.705844,159240.8358,0.00006638,,,US1468691027
30/06/2025,Sustainable Growth,Listed Equity,,Catalyst Metals Ltd,3796.942869,19820.04178,0.00000826,,,AU000000CYL6
30/06/2025,Sustainable Growth,Listed Equity,,Catapult Sports Ltd,29579.79323,173337.5883,0.00007225,,,AU000000CAT9
30/06/2025,Sustainable Growth,Listed Equity,,CDW Corp/DE,2218.287176,604507.376,0.00025198,,,US12514G1085
30/06/2025,Sustainable Growth,Listed Equity,,Cencora Inc,288.34682,131930.7151,0.00005499,,,US03073E1055
30/06/2025,Sustainable Growth,Listed Equity,,Centene Corp,9280.495801,768666.0736,0.0003204,,,US15135B1017
30/06/2025,Sustainable Growth,Listed Equity,,Cettire Ltd,24973.11559,8490.859299,0.00000354,,,AU0000122210
30/06/2025,Sustainable Growth,Listed Equity,,Chalice Mining Ltd,53718.00094,90514.83158,0.00003773,,,AU000000CHN7
30/06/2025,Sustainable Growth,Listed Equity,,Challenger Ltd,204528.7096,1652591.973,0.00068885,,,AU000000CGF5
30/06/2025,Sustainable Growth,Listed Equity,,Champion Iron Ltd,374810.5175,1562959.858,0.00065149,,,AU000000CIA2
30/06/2025,Sustainable Growth,Listed Equity,,Charles Schwab Corp/The,82945.14589,11547898.24,0.0048135,,,US8085131055
30/06/2025,Sustainable Growth,Listed Equity,,Check Point Software Technologies Ltd,1554.631797,524852.8027,0.00021877,,,IL0010824113
30/06/2025,Sustainable Growth,Listed Equity,,Chorus Ltd,97718.48529,763181.3701,0.00031812,,,NZCNUE0001S2
30/06/2025,Sustainable Growth,Listed Equity,,Cigna Group/The,1521.067617,767276.3182,0.00031982,,,US1255231003
30/06/2025,Sustainable Growth,Listed Equity,,Cintas Corp,6643.419195,2259279.521,0.00094173,,,US1729081059
30/06/2025,Sustainable Growth,Listed Equity,,Cisco Systems Inc,28325.87955,2998778.551,0.00124998,,,US17275R1023
30/06/2025,Sustainable Growth,Listed Equity,,Citigroup Inc,19323.05105,2509770.516,0.00104614,,,US1729674242
30/06/2025,Sustainable Growth,Listed Equity,,CK Asset Holdings Ltd,56830.25951,382219.447,0.00015932,,,KYG2177B1014
30/06/2025,Sustainable Growth,Listed Equity,,Clarity Pharmaceuticals Ltd,140428.8375,351072.0936,0.00014634,,,AU0000165375
30/06/2025,Sustainable Growth,Listed Equity,,Cleanaway Waste Management Ltd,655354.5779,1782564.452,0.00074302,,,AU000000CWY3
30/06/2025,Sustainable Growth,Listed Equity,,Cloudflare Inc,1781.952835,532478.5616,0.00022195,,,US18915M1071
30/06/2025,Sustainable Growth,Listed Equity,,Coca-Cola Co/The,4752.382775,513055.741,0.00021386,,,US1912161007
30/06/2025,Sustainable Growth,Listed Equity,,Coca-Cola HBC AG,13509.58249,1074584.657,0.00044792,,,CH0198251305
30/06/2025,Sustainable Growth,Listed Equity,,Cochlear Ltd,20303.29272,6099515.199,0.00254245,,,AU000000COH5
30/06/2025,Sustainable Growth,Listed Equity,,Codan Ltd,16412.86244,330062.6636,0.00013758,,,AU000000CDA3
30/06/2025,Sustainable Growth,Listed Equity,,Cognizant Technology Solutions Corp,2387.633721,284286.3476,0.0001185,,,US1924461023
30/06/2025,Sustainable Growth,Listed Equity,,Coles Group Ltd,298720.991,6225345.452,0.0025949,,,AU0000030678
30/06/2025,Sustainable Growth,Listed Equity,,Colgate-Palmolive Co,18264.25374,2533334.347,0.00105597,,,US1941621039
30/06/2025,Sustainable Growth,Listed Equity,,Comcast Corp,19639.6223,1069563.014,0.00044582,,,US20030N1019
30/06/2025,Sustainable Growth,Listed Equity,,Commerzbank AG,3559.328736,170733.1958,0.00007117,,,DE000CBK1001
30/06/2025,Sustainable Growth,Listed Equity,,Commonwealth Bank of Australia,484660.3296,89540995.89,0.03732327,,,AU000000CBA7
30/06/2025,Sustainable Growth,Listed Equity,,Computershare Ltd,98599.71675,3933142.701,0.00163945,,,AU000000CPU5
30/06/2025,Sustainable Growth,Listed Equity,,Concordia Financial Group Ltd,7933.351662,78544.02608,0.00003274,,,JP3305990008
30/06/2025,Sustainable Growth,Listed Equity,,Continental AG,3553.226158,471607.129,0.00019658,,,DE0005439004
30/06/2025,Sustainable Growth,Listed Equity,,Corebridge Financial Inc,31744.08616,1719562.158,0.00071676,,,US21871X1090
30/06/2025,Sustainable Growth,Listed Equity,,Costco Wholesale Corp,2458.576193,3713806.235,0.00154802,,,US22160K1051
30/06/2025,Sustainable Growth,Listed Equity,,Credit Agricole SA,60503.05546,1740994.259,0.0007257,,,FR0000045072
30/06/2025,Sustainable Growth,Listed Equity,,Credit Corp Group Ltd,9405.649822,127258.4421,0.00005304,,,AU000000CCP3
30/06/2025,Sustainable Growth,Listed Equity,,Crowdstrike Holdings Inc,460.744654,358071.0492,0.00014925,,,US22788C1053
30/06/2025,Sustainable Growth,Listed Equity,,CSL Ltd,173718.2468,41602045.74,0.01734093,,,AU000000CSL8
30/06/2025,Sustainable Growth,Listed Equity,,Cummins Inc,1032.098538,515773.6615,0.00021499,,,US2310211063
30/06/2025,Sustainable Growth,Listed Equity,,CVS Health Corp,1003.874114,105664.5091,0.00004404,,,US1266501006
30/06/2025,Sustainable Growth,Listed Equity,,Dai-ichi Life Holdings Inc,15561.57442,180172.4044,0.0000751,,,JP3476480003
30/06/2025,Sustainable Growth,Listed Equity,,Daikin Industries Ltd,610.25782,109755.0902,0.00004575,,,JP3481800005
30/06/2025,Sustainable Growth,Listed Equity,,Dai Nippon Printing Co Ltd,32343.66447,748268.6026,0.0003119,,,JP3493800001
30/06/2025,Sustainable Growth,Listed Equity,,Daito Trust Construction Co Ltd,1220.51564,202104.0788,0.00008424,,,JP3486800000
30/06/2025,Sustainable Growth,Listed Equity,,Danaher Corp,42334.04153,12760611.22,0.00531899,,,US2358511028
30/06/2025,Sustainable Growth,Listed Equity,,Danone SA,1616.420401,200818.0291,0.00008371,,,FR0000120644
30/06/2025,Sustainable Growth,Listed Equity,,Danske Bank A/S,7919.620861,491117.3461,0.00020471,,,DK0010274414
30/06/2025,Sustainable Growth,Listed Equity,,Data#3 Ltd,16306.57601,124093.0434,0.00005173,,,AU000000DTL4
30/06/2025,Sustainable Growth,Listed Equity,,Datadog Inc,1973.421226,404500.9135,0.00016861,,,US23804L1035
30/06/2025,Sustainable Growth,Listed Equity,,Dell Technologies Inc,2340.33874,437820.2963,0.0001825,,,US24703L2025
30/06/2025,Sustainable Growth,Listed Equity,,Deterra Royalties Ltd,56807.29994,213595.4478,0.00008903,,,AU0000107484
30/06/2025,Sustainable Growth,Listed Equity,,Deutsche Bank AG,26492.0548,1194368.007,0.00049785,,,DE0005140008
30/06/2025,Sustainable Growth,Listed Equity,,Deutsche Boerse AG,1298.323512,643939.6656,0.00026841,,,DE0005810055
30/06/2025,Sustainable Growth,Listed Equity,,Deutsche Lufthansa AG,11562.09723,148696.3664,0.00006198,,,DE0008232125
30/06/2025,Sustainable Growth,Listed Equity,,Deutsche Telekom AG,10140.19651,562505.634,0.00023447,,,DE0005557508
30/06/2025,Sustainable Growth,Listed Equity,,Dexcom Inc,1803.311859,240193.9309,0.00010012,,,US2521311074
30/06/2025,Sustainable Growth,Listed Equity,,DNB Bank ASA,29496.04892,1239093.323,0.00051649,,,NO0010161896
30/06/2025,Sustainable Growth,Listed Equity,,Docusign Inc,630.091199,74887.92571,0.00003122,,,US2561631068
30/06/2025,Sustainable Growth,Listed Equity,,Dollarama Inc,2593.595736,556496.6007,0.00023196,,,CA25675T1075
30/06/2025,Sustainable Growth,Listed Equity,,Dollar General Corp,869.617394,151776.6656,0.00006326,,,US2566771059
30/06/2025,Sustainable Growth,Listed Equity,,Domain Holdings Australia Ltd,14422.08963,63312.97346,0.00002639,,,AU000000DHG9
30/06/2025,Sustainable Growth,Listed Equity,,Domino's Pizza Enterprises Ltd,13295.17798,256198.0796,0.00010679,,,AU000000DMP0
30/06/2025,Sustainable Growth,Listed Equity,,DoorDash Inc,5657.852815,2128202.176,0.0008871,,,US25809K1051
30/06/2025,Sustainable Growth,Listed Equity,,Dover Corp,2302.197627,643673.8678,0.0002683,,,US2600031080
30/06/2025,Sustainable Growth,Listed Equity,,Downer EDI Ltd,772995.9718,4877604.582,0.00203313,,,AU000000DOW2
30/06/2025,Sustainable Growth,Listed Equity,,Dynatrace Inc,8599.295509,724448.165,0.00030197,,,US2681501092
30/06/2025,Sustainable Growth,Listed Equity,,Eagers Automotive Ltd,21444.6858,374209.7673,0.00015598,,,AU000000APE3
30/06/2025,Sustainable Growth,Listed Equity,,eBay Inc,47432.16757,5389180.126,0.00224637,,,US2786421030
30/06/2025,Sustainable Growth,Listed Equity,,EBOS Group Ltd,21779.62791,775136.9573,0.0003231,,,NZEBOE0001S6
30/06/2025,Sustainable Growth,Listed Equity,,EBR Systems Inc,363247.7601,434081.0733,0.00018094,,,AU0000182552
30/06/2025,Sustainable Growth,Listed Equity,,Ecolab Inc,20858.1835,8575614.5,0.00357456,,,US2788651006
30/06/2025,Sustainable Growth,Listed Equity,,Edwards Lifesciences Corp,35451.07954,4230760.55,0.0017635,,,US28176E1082
30/06/2025,Sustainable Growth,Listed Equity,,Eiffage SA,2752.262769,587878.5064,0.00024504,,,FR0000130452
30/06/2025,Sustainable Growth,Listed Equity,,Eisai Co Ltd,11442.33413,501392.1808,0.00020899,,,JP3160400002
30/06/2025,Sustainable Growth,Listed Equity,,Elders Ltd,29446.93519,185515.6917,0.00007733,,,AU000000ELD6
30/06/2025,Sustainable Growth,Listed Equity,,Electronic Arts Inc,3740.117615,911416.4692,0.0003799,,,US2855121099
30/06/2025,Sustainable Growth,Listed Equity,,Elevance Health Inc,1648.458937,978384.9647,0.00040782,,,US0367521038
30/06/2025,Sustainable Growth,Listed Equity,,Eli Lilly & Co,6512.863788,7746963.781,0.00322916,,,US5324571083
30/06/2025,Sustainable Growth,Listed Equity,,EMCOR Group Inc,61.025782,49808.6254,0.00002076,,,US29084Q1004
30/06/2025,Sustainable Growth,Listed Equity,,Emerald Resources NL,77905.15634,305388.2129,0.00012729,,,AU000000EMR4
30/06/2025,Sustainable Growth,Listed Equity,,Empire Co Ltd,26317.3685,1663109.808,0.00069323,,,CA2918434077
30/06/2025,Sustainable Growth,Listed Equity,,Endesa SA,69388.60262,3342090.797,0.00139308,,,ES0130670112
30/06/2025,Sustainable Growth,Listed Equity,,Enel SpA,111158.4619,1603988.633,0.00066859,,,IT0003128367
30/06/2025,Sustainable Growth,Listed Equity,,EQT Holdings Ltd,2756.454657,93719.45835,0.00003906,,,AU000000EQT1
30/06/2025,Sustainable Growth,Listed Equity,,Equifax Inc,15027.17918,5947355.557,0.00247903,,,US2944291051
30/06/2025,Sustainable Growth,Listed Equity,,Equitable Holdings Inc,24393.53072,2088162.161,0.00087041,,,US29452E1010
30/06/2025,Sustainable Growth,Listed Equity,,Erste Group Bank AG,8670.23798,1122816.064,0.00046802,,,AT0000652011
30/06/2025,Sustainable Growth,Listed Equity,,EssilorLuxottica SA,9378.137537,3912239.076,0.00163073,,,FR0000121667
30/06/2025,Sustainable Growth,Listed Equity,,Eurofins Scientific SE,1140.419301,123460.5807,0.00005146,,,FR0014000MR3
30/06/2025,Sustainable Growth,Listed Equity,,Euronext NV,7982.93511,2074766.91,0.00086482,,,NL0006294274
30/06/2025,Sustainable Growth,Listed Equity,,Evolution Mining Ltd,639024.2633,4977999.011,0.00207497,,,AU000000EVN4
30/06/2025,Sustainable Growth,Listed Equity,,Evonik Industries AG,3880.476914,121636.0929,0.0000507,,,DE000EVNK013
30/06/2025,Sustainable Growth,Listed Equity,,EVT Ltd,6319.847081,105225.4539,0.00004386,,,AU000000EVT1
30/06/2025,Sustainable Growth,Listed Equity,,Expedia Group Inc,3713.418836,955793.8381,0.0003984,,,US30212P3038
30/06/2025,Sustainable Growth,Listed Equity,,Experian PLC,2255.665468,176968.3983,0.00007377,,,GB00B19NLV48
30/06/2025,Sustainable Growth,Listed Equity,,F5 Inc,2225.915399,999666.4704,0.00041669,,,US3156161024
30/06/2025,Sustainable Growth,Listed Equity,,Fairfax Financial Holdings Ltd,76.282228,209680.6737,0.0000874,,,CA3039011026
30/06/2025,Sustainable Growth,Listed Equity,,Ferguson Enterprises Inc,101.455363,33710.08513,0.00001405,,,US31488V1070
30/06/2025,Sustainable Growth,Listed Equity,,FirstService Corp,1525.64455,405422.441,0.00016899,,,CA33767E2024
30/06/2025,Sustainable Growth,Listed Equity,,First Solar Inc,19853.53013,5014958.994,0.00209038,,,US3364331070
30/06/2025,Sustainable Growth,Listed Equity,,Fiserv Inc,2902.538757,763602.2076,0.00031829,,,US3377381088
30/06/2025,Sustainable Growth,Listed Equity,,Fisher & Paykel Healthcare Corp Ltd,57357.66356,1926006.051,0.00080281,,,NZFAPE0001S2
30/06/2025,Sustainable Growth,Listed Equity,,FleetPartners Group Ltd,76205.27271,233188.1345,0.0000972,,,AU0000272924
30/06/2025,Sustainable Growth,Listed Equity,,Fletcher Building Ltd,145347.3926,392437.96,0.00016358,,,NZFBUE0001S0
30/06/2025,Sustainable Growth,Listed Equity,,Flight Centre Travel Group Ltd,21298.54196,265805.8037,0.0001108,,,AU000000FLT9
30/06/2025,Sustainable Growth,Listed Equity,,Fortescue Ltd,391138.363,5976594.186,0.00249122,,,AU000000FMG4
30/06/2025,Sustainable Growth,Listed Equity,,Fortinet Inc,7493.966032,1208914.456,0.00050391,,,US34959E1091
30/06/2025,Sustainable Growth,Listed Equity,,Fresenius Medical Care AG,1056.508851,92065.15771,0.00003838,,,DE0005785802
30/06/2025,Sustainable Growth,Listed Equity,,Futu Holdings Ltd,1008.451048,190179.9995,0.00007927,,,US36118L1061
30/06/2025,Sustainable Growth,Listed Equity,,G8 Education Ltd,234700.7163,276946.8452,0.00011544,,,AU000000GEM7
30/06/2025,Sustainable Growth,Listed Equity,,Garmin Ltd,1263.233688,402322.6288,0.0001677,,,CH0114405324
30/06/2025,Sustainable Growth,Listed Equity,,Gartner Inc,2010.459302,1240051.663,0.00051689,,,US3666511072
30/06/2025,Sustainable Growth,Listed Equity,,GEA Group AG,6519.841986,693685.8159,0.00028915,,,DE0006602006
30/06/2025,Sustainable Growth,Listed Equity,,General Electric Co,7841.812989,3079887.461,0.00128379,,,US3696043013
30/06/2025,Sustainable Growth,Listed Equity,,General Motors Co,422.60354,31733.14729,0.00001323,,,US37045V1008
30/06/2025,Sustainable Growth,Listed Equity,,Genesis Minerals Ltd,71876.89769,309070.6601,0.00012883,,,AU000000GMD9
30/06/2025,Sustainable Growth,Listed Equity,,Genmab A/S,861.226349,271893.9412,0.00011333,,,DK0010272202
30/06/2025,Sustainable Growth,Listed Equity,,Gentrack Group Ltd,18321.82266,211250.6153,0.00008806,,,NZGTKE0002S9
30/06/2025,Sustainable Growth,Listed Equity,,George Weston Ltd,686.540048,209679.8194,0.0000874,,,CA9611485090
30/06/2025,Sustainable Growth,Listed Equity,,Gilead Sciences Inc,2933.051648,496204.2189,0.00020683,,,US3755581036
30/06/2025,Sustainable Growth,Listed Equity,,Givaudan SA,160.192678,1179507.2,0.00049165,,,CH0010645932
30/06/2025,Sustainable Growth,Listed Equity,,GoDaddy Inc,755.194052,207492.5486,0.00008649,,,US3802371076
30/06/2025,Sustainable Growth,Listed Equity,,Goldman Sachs Group Inc/The,1263.233688,1364238.413,0.00056865,,,US38141G1040
30/06/2025,Sustainable Growth,Listed Equity,,Gold Road Resources Ltd,213096.6008,696825.8847,0.00029046,,,AU000000GOR5
30/06/2025,Sustainable Growth,Listed Equity,,Grab Holdings Ltd,37583.49068,288464.1192,0.00012024,,,KYG4124C1096
30/06/2025,Sustainable Growth,Listed Equity,,GrainCorp Ltd,64945.20438,505273.6901,0.00021061,,,AU000000GNC9
30/06/2025,Sustainable Growth,Listed Equity,,Guzman y Gomez Ltd,2720.09351,76951.44541,0.00003208,,,AU0000336679
30/06/2025,Sustainable Growth,Listed Equity,,GWA Group Ltd,12813.80812,30753.13948,0.00001282,,,AU000000GWA4
30/06/2025,Sustainable Growth,Listed Equity,,Hansen Technologies Ltd,17268.04865,85994.88226,0.00003585,,,AU000000HSN3
30/06/2025,Sustainable Growth,Listed Equity,,Hartford Insurance Group Inc/The,8442.916942,1634474.513,0.0006813,,,US4165151048
30/06/2025,Sustainable Growth,Listed Equity,,Harvey Norman Holdings Ltd,37965.23317,200076.7788,0.0000834,,,AU000000HVN7
30/06/2025,Sustainable Growth,Listed Equity,,Healius Ltd,127939.4934,100432.5023,0.00004186,,,AU0000033359
30/06/2025,Sustainable Growth,Listed Equity,,Heidelberg Materials AG,3553.98898,1269665.79,0.00052923,,,DE0006047004
30/06/2025,Sustainable Growth,Listed Equity,,Helia Group Ltd,29617.55288,166746.8227,0.0000695,,,AU0000251498
30/06/2025,Sustainable Growth,Listed Equity,,Hikma Pharmaceuticals PLC,11280.61581,468929.3177,0.00019546,,,GB00B0LCW083
30/06/2025,Sustainable Growth,Listed Equity,,Hitachi Ltd,9687.842895,430345.5077,0.00017938,,,JP3788600009
30/06/2025,Sustainable Growth,Listed Equity,,HMC Capital Ltd,238897.958,1218379.586,0.00050786,,,AU0000058943
30/06/2025,Sustainable Growth,Listed Equity,,Holcim AG,1636.25378,184747.9345,0.00007701,,,CH0012214059
30/06/2025,Sustainable Growth,Listed Equity,,Home Depot Inc/The,3950.656563,2210221.597,0.00092128,,,US4370761029
30/06/2025,Sustainable Growth,Listed Equity,,Hong Kong Exchanges & Clearing Ltd,3966.675831,322916.6364,0.0001346,,,HK0388045442
30/06/2025,Sustainable Growth,Listed Equity,,Hongkong Land Holdings Ltd,61483.47538,541328.5281,0.00022564,,,BMG4587L1090
30/06/2025,Sustainable Growth,Listed Equity,,HP Inc,12295.93226,458928.0616,0.00019129,,,US40434L1052
30/06/2025,Sustainable Growth,Listed Equity,,HSBC Holdings PLC,25478.26399,469783.8999,0.00019582,,,GB0005405286
30/06/2025,Sustainable Growth,Listed Equity,,HUB24 Ltd,21781.79539,1942282.695,0.0008096,,,AU000000HUB4
30/06/2025,Sustainable Growth,Listed Equity,,Hubbell Inc,3293.290188,2052357.743,0.00085548,,,US4435106079
30/06/2025,Sustainable Growth,Listed Equity,,Humana Inc,2309.825849,861686.4603,0.00035918,,,US4448591028
30/06/2025,Sustainable Growth,Listed Equity,,iA Financial Corp Inc,5339.755927,891467.019,0.00037159,,,CA45075E1043
30/06/2025,Sustainable Growth,Listed Equity,,Iberdrola SA,255856.3933,7465461.476,0.00311182,,,ES0144580Y14
30/06/2025,Sustainable Growth,Listed Equity,,IDEXX Laboratories Inc,3294.610799,2696317.321,0.0011239,,,US45168D1046
30/06/2025,Sustainable Growth,Listed Equity,,IDP Education Ltd,44989.22786,165110.4662,0.00006882,,,AU000000IEL5
30/06/2025,Sustainable Growth,Listed Equity,,IGO Ltd,183655.2596,765842.4327,0.00031923,,,AU000000IGO4
30/06/2025,Sustainable Growth,Listed Equity,,Iluka Resources Ltd,63313.14828,240589.9634,0.00010028,,,AU000000ILU1
30/06/2025,Sustainable Growth,Listed Equity,,Imdex Ltd,115744.524,314825.1053,0.00013123,,,AU000000IMD5
30/06/2025,Sustainable Growth,Listed Equity,,Immutep Ltd,1488582.696,357259.8471,0.00014892,,,AU000000IMM6
30/06/2025,Sustainable Growth,Listed Equity,,Incyte Corp,11959.52763,1242761.628,0.00051802,,,US45337C1027
30/06/2025,Sustainable Growth,Listed Equity,,Infineon Technologies AG,5986.629216,387265.9206,0.00016142,,,DE0006231004
30/06/2025,Sustainable Growth,Listed Equity,,Infomedia Ltd,84325.69583,99925.94956,0.00004165,,,AU000000IFM0
30/06/2025,Sustainable Growth,Listed Equity,,Infratil Ltd,30763.12325,301170.9766,0.00012554,,,NZIFTE0003S3
30/06/2025,Sustainable Growth,Listed Equity,,ING Groep NV,29060.4774,969530.879,0.00040413,,,NL0011821202
30/06/2025,Sustainable Growth,Listed Equity,,Inghams Group Ltd,49450.46091,175549.1362,0.00007317,,,AU000000ING6
30/06/2025,Sustainable Growth,Listed Equity,,Insignia Financial Ltd,79551.1975,288770.8469,0.00012037,,,AU000000IFL2
30/06/2025,Sustainable Growth,Listed Equity,,Insulet Corp,1199.156617,574885.2173,0.00023963,,,US45784P1012
30/06/2025,Sustainable Growth,Listed Equity,,Insurance Australia Group Ltd,588140.4921,5310908.644,0.00221374,,,AU000000IAG3
30/06/2025,Sustainable Growth,Listed Equity,,Integral Diagnostics Ltd,149865.4215,380658.1706,0.00015867,,,AU000000IDX2
30/06/2025,Sustainable Growth,Listed Equity,,Intel Corp,19744.89177,674884.5276,0.00028131,,,US4581401001
30/06/2025,Sustainable Growth,Listed Equity,,Intercontinental Exchange Inc,4383.939616,1227315.789,0.00051158,,,US45866F1049
30/06/2025,Sustainable Growth,Listed Equity,,International Business Machines Corp,3159.609864,1421209.726,0.0005924,,,US4592001014
30/06/2025,Sustainable Growth,Listed Equity,,Intuit Inc,2060.382965,2476263.73,0.00103218,,,US4612021034
30/06/2025,Sustainable Growth,Listed Equity,,Intuitive Surgical Inc,6100.307204,5058316.834,0.00210845,,,US46120E6023
30/06/2025,Sustainable Growth,Listed Equity,,IperionX Ltd,19327.34823,91804.9041,0.00003827,,,AU0000208910
30/06/2025,Sustainable Growth,Listed Equity,,IPH Ltd,31061.50998,142261.7157,0.0000593,,,AU000000IPH9
30/06/2025,Sustainable Growth,Listed Equity,,IRESS Ltd,31962.14763,255697.181,0.00010658,,,AU000000IRE2
30/06/2025,Sustainable Growth,Listed Equity,,James Hardie Industries PLC,127501.2786,5316803.32,0.0022162,,,AU000000JHX1
30/06/2025,Sustainable Growth,Listed Equity,,Japan Exchange Group Inc,5721.167064,88269.43798,0.00003679,,,JP3183200009
30/06/2025,Sustainable Growth,Listed Equity,,Japan Post Bank Co Ltd,28300.70641,464891.7604,0.00019378,,,JP3946750001
30/06/2025,Sustainable Growth,Listed Equity,,Japan Post Holdings Co Ltd,22503.25712,317477.8738,0.00013233,,,JP3752900005
30/06/2025,Sustainable Growth,Listed Equity,,Japan Post Insurance Co Ltd,12815.41422,441476.5416,0.00018402,,,JP3233250004
30/06/2025,Sustainable Growth,Listed Equity,,JB Hi-Fi Ltd,68138.76345,7519112.547,0.00313418,,,AU000000JBH7
30/06/2025,Sustainable Growth,Listed Equity,,JDE Peet's NV,8522.250459,370020.8585,0.00015424,,,NL0014332678
30/06/2025,Sustainable Growth,Listed Equity,,Johns Lyng Group Ltd,17914.85752,56790.09832,0.00002367,,,AU000000JLG8
30/06/2025,Sustainable Growth,Listed Equity,,Johnson & Johnson,9175.989149,2138753.861,0.00089149,,,US4781601046
30/06/2025,Sustainable Growth,Listed Equity,,Jones Lang LaSalle Inc,10146.30255,3960053.816,0.00165066,,,US48020Q1076
30/06/2025,Sustainable Growth,Listed Equity,,JPMorgan Chase & Co,6593.835747,2916943.496,0.00121587,,,US46625H1005
30/06/2025,Sustainable Growth,Listed Equity,,Judo Capital Holdings Ltd,175384.4972,274476.7416,0.00011441,,,AU0000182271
30/06/2025,Sustainable Growth,Listed Equity,,KBC Group NV,17940.65148,2816948.948,0.00117419,,,BE0003565737
30/06/2025,Sustainable Growth,Listed Equity,,Kingspan Group PLC,45683.54029,5907942.376,0.0024626,,,IE0004927939
30/06/2025,Sustainable Growth,Listed Equity,,Kinross Gold Corp,56906.54173,1354212.983,0.00056448,,,CA4969024047
30/06/2025,Sustainable Growth,Listed Equity,,KLA Corp,659.078446,900836.0861,0.00037549,,,US4824801009
30/06/2025,Sustainable Growth,Listed Equity,,Knorr-Bremse AG,3000.942831,441037.5908,0.00018384,,,DE000KBX1006
30/06/2025,Sustainable Growth,Listed Equity,,Komatsu Ltd,8314.7628,416080.5633,0.00017343,,,JP3304200003
30/06/2025,Sustainable Growth,Listed Equity,,Koninklijke Ahold Delhaize NV,11240.18623,714728.5964,0.00029792,,,NL0011794037
30/06/2025,Sustainable Growth,Listed Equity,,Kubota Corp,6331.424884,108486.6998,0.00004522,,,JP3266400005
30/06/2025,Sustainable Growth,Listed Equity,,Kyowa Kirin Co Ltd,12052.59195,313913.2434,0.00013085,,,JP3256000005
30/06/2025,Sustainable Growth,Listed Equity,,Lam Research Corp,6852.432498,1017800.838,0.00042425,,,US5128073062
30/06/2025,Sustainable Growth,Listed Equity,,Lasertec Corp,1830.773461,375391.4095,0.00015647,,,JP3979200007
30/06/2025,Sustainable Growth,Listed Equity,,Legal & General Group PLC,459878.7324,2448273.467,0.00102051,,,GB0005603997
30/06/2025,Sustainable Growth,Listed Equity,,Legrand SA,47330.0827,9622156.706,0.00401079,,,FR0010307819
30/06/2025,Sustainable Growth,Listed Equity,,Life360 Inc,24746.55767,796344.2258,0.00033194,,,AU0000045098
30/06/2025,Sustainable Growth,Listed Equity,,Lifestyle Communities Ltd,81814.04349,572698.3044,0.00023872,,,AU000000LIC9
30/06/2025,Sustainable Growth,Listed Equity,,Linde PLC,527.873014,377916.3208,0.00015753,,,IE000S9YS762
30/06/2025,Sustainable Growth,Listed Equity,,Liontown Resources Ltd,262866.6203,184006.6342,0.0000767,,,AU000000LTR4
30/06/2025,Sustainable Growth,Listed Equity,,Lloyds Banking Group PLC,342741.388,549692.8896,0.00022913,,,GB0008706128
30/06/2025,Sustainable Growth,Listed Equity,,Logitech International SA,1566.074131,214470.4119,0.0000894,,,CH0025751329
30/06/2025,Sustainable Growth,Listed Equity,,Lovisa Holdings Ltd,8772.82601,277923.128,0.00011585,,,AU000000LOV7
30/06/2025,Sustainable Growth,Listed Equity,,Lowe's Cos Inc,4586.087519,1552628.732,0.00064718,,,US5486611073
30/06/2025,Sustainable Growth,Listed Equity,,Lynas Rare Earths Ltd,378107.337,3255504.172,0.00135699,,,AU000000LYC6
30/06/2025,Sustainable Growth,Listed Equity,,MAC Copper Ltd,11852.31742,218082.6406,0.0000909,,,AU0000319733
30/06/2025,Sustainable Growth,Listed Equity,,Macquarie Group Ltd,111911.8075,25597587.73,0.01066981,,,AU000000MQG1
30/06/2025,Sustainable Growth,Listed Equity,,MA Financial Group Ltd,6379.982825,48424.06964,0.00002018,,,AU0000156218
30/06/2025,Sustainable Growth,Listed Equity,,Magellan Financial Group Ltd,27060.38528,231636.898,0.00009655,,,AU000000MFG4
30/06/2025,Sustainable Growth,Listed Equity,,Makita Corp,8696.173938,409077.031,0.00017052,,,JP3862400003
30/06/2025,Sustainable Growth,Listed Equity,,Manulife Financial Corp,20748.76589,1010261.614,0.00042111,,,CA56501R1064
30/06/2025,Sustainable Growth,Listed Equity,,Marsh & McLennan Cos Inc,6611.380659,2205710.335,0.0009194,,,US5717481023
30/06/2025,Sustainable Growth,Listed Equity,,Marvell Technology Inc,2714.884478,320640.9697,0.00013365,,,US5738741041
30/06/2025,Sustainable Growth,Listed Equity,,Masco Corp,5676.923372,557513.9844,0.00023239,,,US5745991068
30/06/2025,Sustainable Growth,Listed Equity,,Mastercard Inc,13955.92548,11966724.29,0.00498808,,,US57636Q1040
30/06/2025,Sustainable Growth,Listed Equity,,McKesson Corp,1518.77915,1698223.83,0.00070787,,,US58155Q1031
30/06/2025,Sustainable Growth,Listed Equity,,McMillan Shakespeare Ltd,8942.744448,139059.6762,0.00005796,,,AU000000MMS5
30/06/2025,Sustainable Growth,Listed Equity,,Medibank Pvt Ltd,965481.7026,4875682.598,0.00203233,,,AU000000MPL3
30/06/2025,Sustainable Growth,Listed Equity,,Medtronic PLC,2410.51839,320630.0232,0.00013365,,,IE00BTN1Y115
30/06/2025,Sustainable Growth,Listed Equity,,Megaport Ltd,19414.05558,280338.9626,0.00011685,,,AU000000MP15
30/06/2025,Sustainable Growth,Listed Equity,,MercadoLibre Inc,2689.55606,10726336.17,0.00447105,,,US58733R1023
30/06/2025,Sustainable Growth,Listed Equity,,Merck & Co Inc,17580.76498,2123587.94,0.00088517,,,US58933Y1055
30/06/2025,Sustainable Growth,Listed Equity,,Mesoblast Ltd,114303.3639,189172.0708,0.00007885,,,AU000000MSB8
30/06/2025,Sustainable Growth,Listed Equity,,Meta Platforms Inc,7926.486262,8927230.097,0.00372113,,,US30303M1027
30/06/2025,Sustainable Growth,Listed Equity,,Metcash Ltd,1018439.66,3982099.072,0.00165985,,,AU000000MTS0
30/06/2025,Sustainable Growth,Listed Equity,,MetLife Inc,8087.441762,992434.6788,0.00041368,,,US59156R1086
30/06/2025,Sustainable Growth,Listed Equity,,Micron Technology Inc,5260.42241,989314.2017,0.00041237,,,US5951121038
30/06/2025,Sustainable Growth,Listed Equity,,Microsoft Corp,71669.86373,54397355.5,0.02267439,,,US5949181045
30/06/2025,Sustainable Growth,Listed Equity,,Mitsubishi Chemical Group Corp,35623.80025,285255.2463,0.0001189,,,JP3897700005
30/06/2025,Sustainable Growth,Listed Equity,,Mitsubishi Electric Corp,29597.50428,972700.8327,0.00040545,,,JP3902400005
30/06/2025,Sustainable Growth,Listed Equity,,Mitsubishi UFJ Financial Group Inc,12052.59195,252480.2135,0.00010524,,,JP3902900004
30/06/2025,Sustainable Growth,Listed Equity,,Mizuho Financial Group Inc,20062.22584,846257.6474,0.00035274,,,JP3885780001
30/06/2025,Sustainable Growth,Listed Equity,,Molina Healthcare Inc,379.885493,172683.1297,0.00007198,,,US60855R1005
30/06/2025,Sustainable Growth,Listed Equity,,Monash IVF Group Ltd,142533.5992,100486.1909,0.00004189,,,AU000000MVF3
30/06/2025,Sustainable Growth,Listed Equity,,Mondelez International Inc,1635.490958,168303.2102,0.00007015,,,US6092071058
30/06/2025,Sustainable Growth,Listed Equity,,MongoDB Inc,2376.95421,761633.6532,0.00031747,,,US60937P1066
30/06/2025,Sustainable Growth,Listed Equity,,Monolithic Power Systems Inc,316.571244,353298.0473,0.00014726,,,US6098391054
30/06/2025,Sustainable Growth,Listed Equity,,Moody's Corp,3271.336961,2503806.987,0.00104366,,,US6153691059
30/06/2025,Sustainable Growth,Listed Equity,,Morgan Stanley,8298.743532,1783720.172,0.00074351,,,US6174464486
30/06/2025,Sustainable Growth,Listed Equity,,Motorola Solutions Inc,1373.080095,880941.8719,0.0003672,,,US6200763075
30/06/2025,Sustainable Growth,Listed Equity,,MSCI Inc,1837.638861,1617211.928,0.0006741,,,US55354G1004
30/06/2025,Sustainable Growth,Listed Equity,,Myer Holdings Ltd,230564.6358,139491.6046,0.00005814,,,AU000000MYR2
30/06/2025,Sustainable Growth,Listed Equity,,MyState Ltd,21161.48841,89089.86619,0.00003714,,,AU000000MYS0
30/06/2025,Sustainable Growth,Listed Equity,,Nanosonics Ltd,56033.22706,226934.5696,0.00009459,,,AU000000NAN9
30/06/2025,Sustainable Growth,Listed Equity,,National Australia Bank Ltd,957886.8453,37702426.23,0.01571546,,,AU000000NAB4
30/06/2025,Sustainable Growth,Listed Equity,,NatWest Group PLC,130123.7494,1391475.272,0.00058001,,,GB00BM8PJY71
30/06/2025,Sustainable Growth,Listed Equity,,Nestle SA,32713.39463,4943457.081,0.00206058,,,CH0038863350
30/06/2025,Sustainable Growth,Listed Equity,,NetApp Inc,4518.959158,734714.4256,0.00030625,,,US64110D1046
30/06/2025,Sustainable Growth,Listed Equity,,Netflix Inc,1729.318098,3533656.433,0.00147293,,,US64110L1061
30/06/2025,Sustainable Growth,Listed Equity,,Netwealth Group Ltd,5674.436719,190604.3294,0.00007945,,,AU000000NWL7
30/06/2025,Sustainable Growth,Listed Equity,,Neuren Pharmaceuticals Ltd,50222.35829,708637.4754,0.00029538,,,NZNEUE0001S8
30/06/2025,Sustainable Growth,Listed Equity,,Newmont Corp,40185.78215,3508620.639,0.00146249,,,AU0000297962
30/06/2025,Sustainable Growth,Listed Equity,,Newmont Corp,6082.744823,540750.3088,0.0002254,,,US6516391066
30/06/2025,Sustainable Growth,Listed Equity,,NEXTDC Ltd,312287.5351,4528169.258,0.00188747,,,AU000000NXT8
30/06/2025,Sustainable Growth,Listed Equity,,nib holdings Ltd/Australia,43336.19416,306820.2547,0.00012789,,,AU000000NHF0
30/06/2025,Sustainable Growth,Listed Equity,,Nice Ltd,128.154142,33186.99501,0.00001383,,,IL0002730112
30/06/2025,Sustainable Growth,Listed Equity,,Nick Scali Ltd,1455.844393,26510.9264,0.00001105,,,AU000000NCK1
30/06/2025,Sustainable Growth,Listed Equity,,NIDEC CORP,12967.97868,384263.681,0.00016017,,,JP3734800000
30/06/2025,Sustainable Growth,Listed Equity,,NIKE Inc,21224.98453,2300790.269,0.00095904,,,US6541061031
30/06/2025,Sustainable Growth,Listed Equity,,Nine Entertainment Co Holdings Ltd,245258.7347,398545.444,0.00016613,,,AU000000NEC4
30/06/2025,Sustainable Growth,Listed Equity,,Nippon Yusen KK,2517.313508,137962.6255,0.00005751,,,JP3753000003
30/06/2025,Sustainable Growth,Listed Equity,,Nissan Motor Co Ltd,74985.42966,277406.8654,0.00011563,,,JP3672400003
30/06/2025,Sustainable Growth,Listed Equity,,Nokia Oyj,18290.95252,144351.1095,0.00006017,,,FI0009000681
30/06/2025,Sustainable Growth,Listed Equity,,Nomura Holdings Inc,30894.30215,310698.7637,0.00012951,,,JP3762600009
30/06/2025,Sustainable Growth,Listed Equity,,Nordea Bank Abp,31321.48262,707451.5465,0.00029489,,,FI4000297767
30/06/2025,Sustainable Growth,Listed Equity,,Northern Star Resources Ltd,600105.9181,11131964.78,0.00464012,,,AU000000NST8
30/06/2025,Sustainable Growth,Listed Equity,,Novartis AG,5627.339924,1037424.251,0.00043243,,,CH0012005267
30/06/2025,Sustainable Growth,Listed Equity,,Novonesis Novozymes B,35183.97123,3835772.421,0.00159886,,,DK0060336014
30/06/2025,Sustainable Growth,Listed Equity,,Novonix Ltd,35315.7642,13419.9904,0.00000559,,,AU000000NVX4
30/06/2025,Sustainable Growth,Listed Equity,,Novo Nordisk A/S,39783.43396,4198715.269,0.00175015,,,DK0062498333
30/06/2025,Sustainable Growth,Listed Equity,,NTT Inc,364095.072,592324.5093,0.0002469,,,JP3735400008
30/06/2025,Sustainable Growth,Listed Equity,,Nufarm Ltd,80322.47338,197593.2845,0.00008236,,,AU000000NUF3
30/06/2025,Sustainable Growth,Listed Equity,,Nuix Ltd,61013.30572,133619.1395,0.0000557,,,AU0000119307
30/06/2025,Sustainable Growth,Listed Equity,,Nutanix Inc,38918.06693,4539401.9,0.00189215,,,US67059N1081
30/06/2025,Sustainable Growth,Listed Equity,,NVIDIA Corp,147958.166,35669353.26,0.01486802,,,US67066G1040
30/06/2025,Sustainable Growth,Listed Equity,,Okta Inc,3850.726845,587406.9755,0.00024485,,,US6792951054
30/06/2025,Sustainable Growth,Listed Equity,,Olympus Corp,12662.84977,229413.9172,0.00009563,,,JP3201200007
30/06/2025,Sustainable Growth,Listed Equity,,Ono Pharmaceutical Co Ltd,12586.56754,207289.6455,0.0000864,,,JP3197600004
30/06/2025,Sustainable Growth,Listed Equity,,oOh!media Ltd,144944.6229,250029.4781,0.00010422,,,AU000000OML6
30/06/2025,Sustainable Growth,Listed Equity,,Opthea Ltd,197584.376,118550.6256,0.00004942,,,AU000000OPT2
30/06/2025,Sustainable Growth,Listed Equity,,Ora Banda Mining Ltd,46940.84251,35909.74452,0.00001497,,,AU0000050130
30/06/2025,Sustainable Growth,Listed Equity,,Oracle Corp,4274.093208,1425871.669,0.00059434,,,US68389X1054
30/06/2025,Sustainable Growth,Listed Equity,,O'Reilly Automotive Inc,517.193503,71129.39357,0.00002965,,,US67103H1077
30/06/2025,Sustainable Growth,Listed Equity,,Orica Ltd,76457.00373,1490147.003,0.00062114,,,AU000000ORI1
30/06/2025,Sustainable Growth,Listed Equity,,Orion Oyj,6519.841986,745653.8615,0.00031081,,,FI0009014377
30/06/2025,Sustainable Growth,Listed Equity,,ORIX Corp,10069.25403,346768.0522,0.00014454,,,JP3200450009
30/06/2025,Sustainable Growth,Listed Equity,,Orora Ltd,235925.8072,445899.7756,0.00018586,,,AU000000ORA8
30/06/2025,Sustainable Growth,Listed Equity,,Otsuka Corp,5110.909244,158544.9283,0.00006609,,,JP3188200004
30/06/2025,Sustainable Growth,Listed Equity,,Oversea-Chinese Banking Corp Ltd,85283.53037,1666463.198,0.00069463,,,SG1S04926220
30/06/2025,Sustainable Growth,Listed Equity,,Palantir Technologies Inc,7273.510394,1512970.075,0.00063065,,,US69608A1088
30/06/2025,Sustainable Growth,Listed Equity,,Palo Alto Networks Inc,22380.32522,6988494.323,0.00291301,,,US6974351057
30/06/2025,Sustainable Growth,Listed Equity,,Pan American Silver Corp,10832.07631,468060.4936,0.0001951,,,CA6979001089
30/06/2025,Sustainable Growth,Listed Equity,,Panasonic Holdings Corp,5187.191472,85236.6702,0.00003553,,,JP3866800000
30/06/2025,Sustainable Growth,Listed Equity,,Pantoro Gold Ltd,22198.48035,67261.39547,0.00002804,,,AU000000PNR8
30/06/2025,Sustainable Growth,Listed Equity,,Paycom Software Inc,1060.322963,374393.432,0.00015606,,,US70432V1026
30/06/2025,Sustainable Growth,Listed Equity,,PayPal Holdings Inc,1044.303695,118429.3101,0.00004936,,,US70450Y1038
30/06/2025,Sustainable Growth,Listed Equity,,PepsiCo Inc,17063.57148,3437970.517,0.00143305,,,US7134481081
30/06/2025,Sustainable Growth,Listed Equity,,Perenti Ltd,133914.6088,216941.6663,0.00009043,,,AU0000061897
30/06/2025,Sustainable Growth,Listed Equity,,Perpetual Ltd,43722.88098,789635.2305,0.00032914,,,AU000000PPT9
30/06/2025,Sustainable Growth,Listed Equity,,Perseus Mining Ltd,217641.7442,739981.9303,0.00030845,,,AU000000PRU3
30/06/2025,Sustainable Growth,Listed Equity,,PEXA Group Ltd,9332.228275,126918.3045,0.0000529,,,AU0000158594
30/06/2025,Sustainable Growth,Listed Equity,,Pfizer Inc,15065.73994,557249.613,0.00023228,,,US7170811035
30/06/2025,Sustainable Growth,Listed Equity,,Pilbara Minerals Ltd,1335991.084,1783548.104,0.00074343,,,AU000000PLS0
30/06/2025,Sustainable Growth,Listed Equity,,Pinnacle Investment Management Group Ltd,84281.6518,1731145.128,0.00072159,,,AU000000PNI7
30/06/2025,Sustainable Growth,Listed Equity,,Pinterest Inc,9885.413865,540918.5035,0.00022547,,,US72352L1061
30/06/2025,Sustainable Growth,Listed Equity,,Platinum Asset Management Ltd,86173.12181,39639.63603,0.00001652,,,AU000000PTM6
30/06/2025,Sustainable Growth,Listed Equity,,PolyNovo Ltd,177761.2575,212424.7028,0.00008854,,,AU000000PNV0
30/06/2025,Sustainable Growth,Listed Equity,,Predictive Discovery Ltd,226502.6761,87203.53379,0.00003635,,,AU000000PDI8
30/06/2025,Sustainable Growth,Listed Equity,,Premier Investments Ltd,15998.90476,323657.8433,0.00013491,,,AU000000PMV2
30/06/2025,Sustainable Growth,Listed Equity,,Procter & Gamble Co/The,11408.00713,2773363.387,0.00115602,,,US7427181091
30/06/2025,Sustainable Growth,Listed Equity,,Progressive Corp/The,379.122671,154379.6059,0.00006435,,,US7433151039
30/06/2025,Sustainable Growth,Listed Equity,,Pro Medicus Ltd,9360.259903,2668422.893,0.00111228,,,AU000000PME8
30/06/2025,Sustainable Growth,Listed Equity,,Pure Storage Inc,3303.783274,290275.1814,0.000121,,,US74624M1027
30/06/2025,Sustainable Growth,Listed Equity,,PWR Holdings Ltd,3045.246076,21103.55531,0.0000088,,,AU000000PWH0
30/06/2025,Sustainable Growth,Listed Equity,,PYC Therapeutics Ltd,323209.7381,418556.6143,0.00017447,,,AU000000PYC7
30/06/2025,Sustainable Growth,Listed Equity,,Qantas Airways Ltd,579446.884,6223259.534,0.00259403,,,AU000000QAN2
30/06/2025,Sustainable Growth,Listed Equity,,QBE Insurance Group Ltd,608048.7496,14222260.25,0.00592825,,,AU000000QBE9
30/06/2025,Sustainable Growth,Listed Equity,,QUALCOMM Inc,6058.33451,1472267.267,0.00061368,,,US7475251036
30/06/2025,Sustainable Growth,Listed Equity,,Qube Holdings Ltd,343368.8016,1469618.471,0.00061258,,,AU000000QUB5
30/06/2025,Sustainable Growth,Listed Equity,,Ramelius Resources Ltd,434349.4786,1094560.686,0.00045624,,,AU000000RMS4
30/06/2025,Sustainable Growth,Listed Equity,,Ramsay Health Care Ltd,72341.49177,2654209.333,0.00110635,,,AU000000RHC8
30/06/2025,Sustainable Growth,Listed Equity,,Rational AG,152.564455,194568.5542,0.0000811,,,DE0007010803
30/06/2025,Sustainable Growth,Listed Equity,,REA Group Ltd,12785.46422,3074776.29,0.00128166,,,AU000000REA9
30/06/2025,Sustainable Growth,Listed Equity,,Recruit Holdings Co Ltd,10374.38294,935384.101,0.0003899,,,JP3970300004
30/06/2025,Sustainable Growth,Listed Equity,,Reddit Inc,1956.639136,449547.804,0.00018738,,,US75734B1008
30/06/2025,Sustainable Growth,Listed Equity,,Reece Ltd,46750.47013,670869.2464,0.00027964,,,AU000000REH4
30/06/2025,Sustainable Growth,Listed Equity,,Regeneron Pharmaceuticals Inc,1650.747404,1322411.518,0.00055122,,,US75886F1075
30/06/2025,Sustainable Growth,Listed Equity,,Regis Healthcare Ltd,11296.42948,88564.00709,0.00003692,,,AU000000REG6
30/06/2025,Sustainable Growth,Listed Equity,,Regis Resources Ltd,99116.2917,435120.5206,0.00018137,,,AU000000RRL8
30/06/2025,Sustainable Growth,Listed Equity,,Reliance Inc,2720.987056,1303300.279,0.00054325,,,US7595091023
30/06/2025,Sustainable Growth,Listed Equity,,Reliance Worldwide Corp Ltd,307155.8102,1259338.822,0.00052493,,,AU000000RWC7
30/06/2025,Sustainable Growth,Listed Equity,,RELX PLC,26225.08206,2158939.494,0.00089991,,,GB00B2B0DG97
30/06/2025,Sustainable Growth,Listed Equity,,ResMed Inc,250.205706,98501.67662,0.00004106,,,US7611521078
30/06/2025,Sustainable Growth,Listed Equity,,ResMed Inc,269512.6802,10605323.96,0.00442061,,,AU000000RMD6
30/06/2025,Sustainable Growth,Listed Equity,,Resolute Mining Ltd,472485.8368,288216.3604,0.00012014,,,AU000000RSG6
30/06/2025,Sustainable Growth,Listed Equity,,Ricoh Co Ltd,10603.22963,152951.6102,0.00006375,,,JP3973400009
30/06/2025,Sustainable Growth,Listed Equity,,Robinhood Markets Inc,772.738965,110401.3837,0.00004602,,,US7707001027
30/06/2025,Sustainable Growth,Listed Equity,,ROBLOX Corp,5020.133393,805856.4667,0.0003359,,,US7710491033
30/06/2025,Sustainable Growth,Listed Equity,,Roche Holding AG,7002.708487,3468743.492,0.00144587,,,CH0012032048
30/06/2025,Sustainable Growth,Listed Equity,,Rockwell Automation Inc,573.642351,290755.7518,0.0001212,,,US7739031091
30/06/2025,Sustainable Growth,Listed Equity,,Rollins Inc,5135.319557,442106.8617,0.00018428,,,US7757111049
30/06/2025,Sustainable Growth,Listed Equity,,Roper Technologies Inc,7214.890428,6240464.621,0.00260121,,,US7766961061
30/06/2025,Sustainable Growth,Listed Equity,,RPM International Inc,5657.089993,948157.1175,0.00039522,,,US7496851038
30/06/2025,Sustainable Growth,Listed Equity,,Salesforce Inc,12490.097,5197107.734,0.0021663,,,US79466L3024
30/06/2025,Sustainable Growth,Listed Equity,,Samsara Inc,3113.840528,189011.3329,0.00007879,,,US79589L1061
30/06/2025,Sustainable Growth,Listed Equity,,Sandfire Resources Ltd,237851.274,2668691.294,0.00111239,,,AU000000SFR8
30/06/2025,Sustainable Growth,Listed Equity,,SAP SE,12124.66086,5606360.628,0.00233689,,,DE0007164600
30/06/2025,Sustainable Growth,Listed Equity,,Saputo Inc,31657.12442,986646.5207,0.00041126,,,CA8029121057
30/06/2025,Sustainable Growth,Listed Equity,,Sartorius AG,542.366638,209838.906,0.00008747,,,DE0007165631
30/06/2025,Sustainable Growth,Listed Equity,,SBI Holdings Inc,1907.055688,101334.0815,0.00004224,,,JP3436120004
30/06/2025,Sustainable Growth,Listed Equity,,Schindler Holding AG,1319.682536,727312.3262,0.00030316,,,CH0024638212
30/06/2025,Sustainable Growth,Listed Equity,,Schneider Electric SE,9596.183423,3881162.071,0.00161778,,,FR0000121972
30/06/2025,Sustainable Growth,Listed Equity,,SCREEN Holdings Co Ltd,1830.773461,227439.6187,0.0000948,,,JP3494600004
30/06/2025,Sustainable Growth,Listed Equity,,Sea Ltd,3859.11789,941828.5151,0.00039258,,,US81141R1005
30/06/2025,Sustainable Growth,Listed Equity,,Secom Co Ltd,1373.080095,75179.81966,0.00003134,,,JP3421800008
30/06/2025,Sustainable Growth,Listed Equity,,SEEK Ltd,130220.241,3131796.796,0.00130542,,,AU000000SEK6
30/06/2025,Sustainable Growth,Listed Equity,,Sekisui House Ltd,78233.75163,2630600.985,0.00109651,,,JP3420600003
30/06/2025,Sustainable Growth,Listed Equity,,Select Harvests Ltd,17270.14641,70980.30173,0.00002959,,,AU000000SHV6
30/06/2025,Sustainable Growth,Listed Equity,,ServiceNow Inc,731.546562,1147613.318,0.00047836,,,US81762P1021
30/06/2025,Sustainable Growth,Listed Equity,,Service Stream Ltd,314785.4437,624849.1057,0.00026046,,,AU000000SSM2
30/06/2025,Sustainable Growth,Listed Equity,,Shionogi & Co Ltd,4576.933651,125420.5686,0.00005228,,,JP3347200002
30/06/2025,Sustainable Growth,Listed Equity,,Shopify Inc,32336.22533,5691590.137,0.00237242,,,CA82509L1076
30/06/2025,Sustainable Growth,Listed Equity,,Siemens AG,3445.668217,1343295.097,0.00055992,,,DE0007236101
30/06/2025,Sustainable Growth,Listed Equity,,Siemens Energy AG,5742.526088,1008635.308,0.00042043,,,DE000ENER6Y0
30/06/2025,Sustainable Growth,Listed Equity,,Siemens Healthineers AG,38187.11808,3218904.618,0.00134173,,,DE000SHL1006
30/06/2025,Sustainable Growth,Listed Equity,,Sigma Healthcare Ltd,1459103.449,4362719.312,0.00181851,,,AU000000SIG5
30/06/2025,Sustainable Growth,Listed Equity,,Sika AG,10296.61249,4251612.703,0.0017722,,,CH0418792922
30/06/2025,Sustainable Growth,Listed Equity,,Silex Systems Ltd,9744.787444,41123.00302,0.00001714,,,AU000000SLX4
30/06/2025,Sustainable Growth,Listed Equity,,Sims Ltd,51795.05565,794536.1537,0.00033119,,,AU000000SGM7
30/06/2025,Sustainable Growth,Listed Equity,,Singapore Technologies Engineering Ltd,121670.1529,1135528.68,0.00047332,,,SG1F60858221
30/06/2025,Sustainable Growth,Listed Equity,,SITC International Holdings Co Ltd,155615.7441,760761.5643,0.00031711,,,KYG8187G1055
30/06/2025,Sustainable Growth,Listed Equity,,SiteMinder Ltd,93731.34565,415229.8612,0.00017308,,,AU0000183543
30/06/2025,Sustainable Growth,Listed Equity,,Skandinaviska Enskilda Banken AB,20940.9971,553554.0061,0.00023074,,,SE0000148884
30/06/2025,Sustainable Growth,Listed Equity,,SmartGroup Corp Ltd,36822.65405,271382.9603,0.00011312,,,AU000000SIQ4
30/06/2025,Sustainable Growth,Listed Equity,,Smurfit WestRock PLC,27745.53139,1822877.264,0.00075983,,,IE00028FXN24
30/06/2025,Sustainable Growth,Listed Equity,,Snap Inc,15320.52258,203151.5101,0.00008468,,,US83304A1060
30/06/2025,Sustainable Growth,Listed Equity,,Snap-on Inc,2181.671707,1035923.711,0.0004318,,,US8330341012
30/06/2025,Sustainable Growth,Listed Equity,,Snowflake Inc,1982.575093,676952.5083,0.00028217,,,US8334451098
30/06/2025,Sustainable Growth,Listed Equity,,Societe Generale SA,12494.26605,1086523.902,0.00045289,,,FR0000130809
30/06/2025,Sustainable Growth,Listed Equity,,SoftBank Group Corp,3508.982466,389775.6059,0.00016247,,,JP3436100006
30/06/2025,Sustainable Growth,Listed Equity,,Sompo Holdings Inc,6636.553795,304618.7193,0.00012697,,,JP3165000005
30/06/2025,Sustainable Growth,Listed Equity,,Sonic Healthcare Ltd,68610.68772,1838080.324,0.00076616,,,AU000000SHL7
30/06/2025,Sustainable Growth,Listed Equity,,Sony Group Corp,20138.50807,793524.4453,0.00033076,,,JP3435000009
30/06/2025,Sustainable Growth,Listed Equity,,Spark New Zealand Ltd,115045.2712,258851.8601,0.0001079,,,NZTELE0001S4
30/06/2025,Sustainable Growth,Listed Equity,,Spotify Technology SA,1509.625283,1767598.785,0.00073679,,,LU1778762911
30/06/2025,Sustainable Growth,Listed Equity,,Standard Chartered PLC,33841.0846,854102.0082,0.00035601,,,GB0004082847
30/06/2025,Sustainable Growth,Listed Equity,,Stantec Inc,1067.951185,176955.8117,0.00007376,,,CA85472N1096
30/06/2025,Sustainable Growth,Listed Equity,,State Street Corp,1042.015228,169082.0136,0.00007048,,,US8574771031
30/06/2025,Sustainable Growth,Listed Equity,,Steadfast Group Ltd,196687.2346,1182090.28,0.00049273,,,AU000000SDF8
30/06/2025,Sustainable Growth,Listed Equity,,STERIS PLC,18430.89821,6755886.726,0.00281605,,,IE00BFY8C754
30/06/2025,Sustainable Growth,Listed Equity,,STMicroelectronics NV,1263.233688,58682.59032,0.00002446,,,NL0000226223
30/06/2025,Sustainable Growth,Listed Equity,,Stryker Corp,528.635837,319133.5871,0.00013302,,,US8636671013
30/06/2025,Sustainable Growth,Listed Equity,,Subaru Corp,21282.74148,565556.6027,0.00023574,,,JP3814800003
30/06/2025,Sustainable Growth,Listed Equity,,Sumitomo Mitsui Financial Group Inc,15103.88105,579825.9714,0.00024169,,,JP3890350006
30/06/2025,Sustainable Growth,Listed Equity,,Sumitomo Mitsui Trust Group Inc,6026.295974,244395.2432,0.00010187,,,JP3892100003
30/06/2025,Sustainable Growth,Listed Equity,,Suncorp Group Ltd,481998.318,10415983.65,0.00434168,,,AU000000SUN6
30/06/2025,Sustainable Growth,Listed Equity,,Superloop Ltd,127296.1808,383161.5041,0.00015971,,,AU000000SLC8
30/06/2025,Sustainable Growth,Listed Equity,,Super Retail Group Ltd,39275.63298,559285.0136,0.00023313,,,AU000000SUL0
30/06/2025,Sustainable Growth,Listed Equity,,Svenska Handelsbanken AB,19693.78268,398715.8906,0.0001662,,,SE0007100599
30/06/2025,Sustainable Growth,Listed Equity,,Swire Pacific Ltd,54160.38154,707996.3923,0.00029511,,,HK0019000162
30/06/2025,Sustainable Growth,Listed Equity,,Symrise AG,19266.39574,3076184.695,0.00128224,,,DE000SYM9999
30/06/2025,Sustainable Growth,Listed Equity,,Synchrony Financial,14166.37247,1442685.126,0.00060135,,,US87165B1035
30/06/2025,Sustainable Growth,Listed Equity,,Synopsys Inc,3140.485884,2456800.65,0.00102407,,,US8716071076
30/06/2025,Sustainable Growth,Listed Equity,,Taiwan Semiconductor Manufacturing Co Ltd,111207.9929,6157540.426,0.00256664,,,TW0002330008
30/06/2025,Sustainable Growth,Listed Equity,,Taiwan Semiconductor Manufacturing Co Ltd,20089.90891,6943104.4,0.00289409,,,US8740391003
30/06/2025,Sustainable Growth,Listed Equity,,Talanx AG,3025.353144,595542.9251,0.00024824,,,DE000TLX1005
30/06/2025,Sustainable Growth,Listed Equity,,Target Corp,665.181024,100129.8674,0.00004174,,,US87612E1064
30/06/2025,Sustainable Growth,Listed Equity,,T&D Holdings Inc,2746.160191,91962.19196,0.00003833,,,JP3539220008
30/06/2025,Sustainable Growth,Listed Equity,,Technology One Ltd,96691.24977,3965308.153,0.00165285,,,AU000000TNE8
30/06/2025,Sustainable Growth,Listed Equity,,Techtronic Industries Co Ltd,22884.66826,383895.0014,0.00016002,,,HK0669013440
30/06/2025,Sustainable Growth,Listed Equity,,TE Connectivity PLC,445.488209,114657.0471,0.00004779,,,IE000IVNQZ81
30/06/2025,Sustainable Growth,Listed Equity,,Telefonaktiebolaget LM Ericsson,132036.1448,1711085.074,0.00071323,,,SE0000108656
30/06/2025,Sustainable Growth,Listed Equity,,Telenor ASA,25001.50007,590736.9312,0.00024624,,,NO0010063308
30/06/2025,Sustainable Growth,Listed Equity,,Telix Pharmaceuticals Ltd,126109.1883,3079586.378,0.00128366,,,AU000000TLX2
30/06/2025,Sustainable Growth,Listed Equity,,Telstra Group Ltd,4572866.33,22132673.04,0.00922554,,,AU000000TLS2
30/06/2025,Sustainable Growth,Listed Equity,,Temenos AG,852.835304,92777.92358,0.00003867,,,CH0012453913
30/06/2025,Sustainable Growth,Listed Equity,,Temple & Webster Group Ltd,49678.48291,1059145.256,0.00044148,,,AU000000TPW5
30/06/2025,Sustainable Growth,Listed Equity,,Teradyne Inc,4206.964848,577233.9624,0.00024061,,,US8807701029
30/06/2025,Sustainable Growth,Listed Equity,,Terumo Corp,93331.49317,2612752.496,0.00108907,,,JP3546800008
30/06/2025,Sustainable Growth,Listed Equity,,Tesla Inc,8780.084388,4255865.73,0.00177397,,,US88160R1014
30/06/2025,Sustainable Growth,Listed Equity,,Texas Instruments Inc,1714.824475,543269.7888,0.00022645,,,US8825081040
30/06/2025,Sustainable Growth,Listed Equity,,Thales SA,884.873839,395608.1603,0.0001649,,,FR0000121329
30/06/2025,Sustainable Growth,Listed Equity,,Thermo Fisher Scientific Inc,12544.72003,7761321.711,0.00323514,,,US8835561023
30/06/2025,Sustainable Growth,Listed Equity,,TIS Inc,5263.473699,269006.3309,0.00011213,,,JP3104890003
30/06/2025,Sustainable Growth,Listed Equity,,TJX Cos Inc/The,30108.52159,5673458.964,0.00236486,,,US8725401090
30/06/2025,Sustainable Growth,Listed Equity,,T-Mobile US Inc,5281.781434,1920252.147,0.00080042,,,US8725901040
30/06/2025,Sustainable Growth,Listed Equity,,Tokio Marine Holdings Inc,7475.658297,482598.4368,0.00020116,,,JP3910660004
30/06/2025,Sustainable Growth,Listed Equity,,Tokyo Electron Ltd,1907.055688,557639.6441,0.00023244,,,JP3571400005
30/06/2025,Sustainable Growth,Listed Equity,,TOPPAN Holdings Inc,1830.773461,75909.90923,0.00003164,,,JP3629000005
30/06/2025,Sustainable Growth,Listed Equity,,Toronto-Dominion Bank/The,8848.738393,991125.9046,0.00041313,,,CA8911605092
30/06/2025,Sustainable Growth,Listed Equity,,TPG Telecom Ltd,36173.04817,192802.3467,0.00008037,,,AU0000090128
30/06/2025,Sustainable Growth,Listed Equity,,Trade Desk Inc/The,2826.25653,310463.4254,0.00012941,,,US88339J1051
30/06/2025,Sustainable Growth,Listed Equity,,Trane Technologies PLC,1534.798418,1024393.339,0.000427,,,IE00BK9ZQ967
30/06/2025,Sustainable Growth,Listed Equity,,Travelers Cos Inc/The,3296.155051,1345621.919,0.00056089,,,US89417E1091
30/06/2025,Sustainable Growth,Listed Equity,,Treasury Wine Estates Ltd,112783.8875,880842.1615,0.00036716,,,AU000000TWE9
30/06/2025,Sustainable Growth,Listed Equity,,Trimble Inc,52744.29257,6115070.345,0.00254894,,,US8962391004
30/06/2025,Sustainable Growth,Listed Equity,,Twilio Inc,3711.130369,704228.5385,0.00029354,,,US90138F1021
30/06/2025,Sustainable Growth,Listed Equity,,Tyro Payments Ltd,132895.7974,116948.3017,0.00004875,,,AU0000066508
30/06/2025,Sustainable Growth,Listed Equity,,Tyson Foods Inc,1144.233413,97670.58175,0.00004071,,,US9024941034
30/06/2025,Sustainable Growth,Listed Equity,,Uber Technologies Inc,4640.2479,660616.6617,0.00027536,,,US90353T1007
30/06/2025,Sustainable Growth,Listed Equity,,UCB SA,1083.207631,323919.7553,0.00013502,,,BE0003739530
30/06/2025,Sustainable Growth,Listed Equity,,Ulta Beauty Inc,145.699055,104006.9116,0.00004335,,,US90384S3031
30/06/2025,Sustainable Growth,Listed Equity,,Unibail-Rodamco-Westfield,48383.40109,346425.1518,0.0001444,,,AU0000009771
30/06/2025,Sustainable Growth,Listed Equity,,UniCredit SpA,1302.900446,132812.5529,0.00005536,,,IT0005239360
30/06/2025,Sustainable Growth,Listed Equity,,Unilever PLC,21683.55941,2010315.138,0.00083796,,,GB00B10RZP78
30/06/2025,Sustainable Growth,Listed Equity,,Unipol Assicurazioni SpA,12143.3678,365959.9283,0.00015254,,,IT0004810054
30/06/2025,Sustainable Growth,Listed Equity,,UnitedHealth Group Inc,3478.469575,1655875.72,0.00069022,,,US91324P1021
30/06/2025,Sustainable Growth,Listed Equity,,United Therapeutics Corp,2035.972653,892708.8479,0.00037211,,,US91307C1027
30/06/2025,Sustainable Growth,Listed Equity,,Vault Minerals Ltd,874943.6003,367476.3121,0.00015317,,,AU0000355588
30/06/2025,Sustainable Growth,Listed Equity,,Veeva Systems Inc,7129.337335,3132839.807,0.00130586,,,US9224751084
30/06/2025,Sustainable Growth,Listed Equity,,Ventia Services Group Pty Ltd,284233.4808,1472329.431,0.00061371,,,AU0000184459
30/06/2025,Sustainable Growth,Listed Equity,,Veolia Environnement SA,2615.717582,141727.962,0.00005908,,,FR0000124141
30/06/2025,Sustainable Growth,Listed Equity,,Veralto Corp,13734.82923,2115710.7,0.00088189,,,US92338C1036
30/06/2025,Sustainable Growth,Listed Equity,,Verizon Communications Inc,29749.30591,1964221.361,0.00081874,,,US92343V1044
30/06/2025,Sustainable Growth,Listed Equity,,Vestas Wind Systems A/S,225218.8749,5137789.233,0.00214158,,,DK0061539921
30/06/2025,Sustainable Growth,Listed Equity,,Visa Inc,24951.18969,13517845.28,0.00563463,,,US92826C8394
30/06/2025,Sustainable Growth,Listed Equity,,Vodafone Group PLC,700546.9903,1139366.401,0.00047492,,,GB00BH4HKS39
30/06/2025,Sustainable Growth,Listed Equity,,Volkswagen AG,3212.244601,515647.4221,0.00021494,,,DE0007664039
30/06/2025,Sustainable Growth,Listed Equity,,Vulcan Energy Resources Ltd,38251.22758,139234.4684,0.00005804,,,AU0000066086
30/06/2025,Sustainable Growth,Listed Equity,,Vulcan Steel Ltd,9793.735143,56999.53853,0.00002376,,,AU0000181984
30/06/2025,Sustainable Growth,Listed Equity,,Walmart Inc,13296.75508,1983911.978,0.00082695,,,US9311421039
30/06/2025,Sustainable Growth,Listed Equity,,Walt Disney Co/The,5084.210464,962070.561,0.00040102,,,US2546871060
30/06/2025,Sustainable Growth,Listed Equity,,Wartsila OYJ Abp,12138.79087,435724.9685,0.00018162,,,FI0009003727
30/06/2025,Sustainable Growth,Listed Equity,,Waste Management Inc,14733.26071,5144220.215,0.00214426,,,US94106L1098
30/06/2025,Sustainable Growth,Listed Equity,,Watts Water Technologies Inc,7281.228989,2731946.893,0.00113875,,,US9427491025
30/06/2025,Sustainable Growth,Listed Equity,,WEB Travel Group Ltd,156217.2778,695166.8863,0.00028977,,,AU000000WEB7
30/06/2025,Sustainable Growth,Listed Equity,,Weebit Nano Ltd,18646.97523,30301.33824,0.00001263,,,AU000000WBT5
30/06/2025,Sustainable Growth,Listed Equity,,Wells Fargo & Co,3647.81612,445964.7972,0.00018589,,,US9497461015
30/06/2025,Sustainable Growth,Listed Equity,,Wesfarmers Ltd,272428.5014,23088315.49,0.00962388,,,AU000000WES1
30/06/2025,Sustainable Growth,Listed Equity,,West African Resources Ltd,146693.4543,332994.1412,0.0001388,,,AU000000WAF6
30/06/2025,Sustainable Growth,Listed Equity,,Westgold Resources Ltd,155076.7965,445070.4058,0.00018552,,,AU000000WGX6
30/06/2025,Sustainable Growth,Listed Equity,,Westpac Banking Corp,972376.2672,32924660.41,0.01372395,,,AU000000WBC1
30/06/2025,Sustainable Growth,Listed Equity,,West Pharmaceutical Services Inc,6808.201056,2273036.377,0.00094747,,,US9553061055
30/06/2025,Sustainable Growth,Listed Equity,,WH Group Ltd,518337.736,760705.9621,0.00031708,,,KYG960071028
30/06/2025,Sustainable Growth,Listed Equity,,Williams-Sonoma Inc,1798.734925,448400.5879,0.00018691,,,US9699041011
30/06/2025,Sustainable Growth,Listed Equity,,Wise PLC,17753.16281,386071.0816,0.00016093,,,GB00BL9YR756
30/06/2025,Sustainable Growth,Listed Equity,,WiseTech Global Ltd,51040.32772,5564926.932,0.00231962,,,AU000000WTC3
30/06/2025,Sustainable Growth,Listed Equity,,Wix.com Ltd,620.17451,149954.7638,0.00006251,,,IL0011301780
30/06/2025,Sustainable Growth,Listed Equity,,Wolters Kluwer NV,2344.915674,596213.6671,0.00024852,,,NL0000395903
30/06/2025,Sustainable Growth,Listed Equity,,Woolworths Group Ltd,246799.5268,7677933.278,0.00320038,,,AU000000WOW2
30/06/2025,Sustainable Growth,Listed Equity,,Workday Inc,13857.85363,5074975.012,0.0021154,,,US98138H1014
30/06/2025,Sustainable Growth,Listed Equity,,WW Grainger Inc,1328.836403,2109267.996,0.0008792,,,US3848021040
30/06/2025,Sustainable Growth,Listed Equity,,Xero Ltd,4097.487739,736728.2956,0.00030709,,,AU0000403172
30/06/2025,Sustainable Growth,Listed Equity,,Xero Ltd,74274.58882,13354571.07,0.00556657,,,NZXROE0001S2
30/06/2025,Sustainable Growth,Listed Equity,,Xylem Inc/NY,18500.83349,3651892.607,0.00152221,,,US98419M1009
30/06/2025,Sustainable Growth,Listed Equity,,Yangzijiang Shipbuilding Holdings Ltd,201766.4918,536634.5318,0.00022368,,,SG1U76934819
30/06/2025,Sustainable Growth,Listed Equity,,Yara International ASA,20133.93113,1129355.259,0.00047075,,,NO0010208051
30/06/2025,Sustainable Growth,Listed Equity,,Yum! Brands Inc,6638.079439,1500924.105,0.00062563,,,US9884981013
30/06/2025,Sustainable Growth,Listed Equity,,Zalando SE,2469.255705,123619.5529,0.00005153,,,DE000ZAL1111
30/06/2025,Sustainable Growth,Listed Equity,,Zip Co Ltd,220416.3794,676678.2849,0.00028206,,,AU0000218307
30/06/2025,Sustainable Growth,Listed Equity,,Zoetis Inc,1804.837503,429487.1572,0.00017902,,,US98978V1035
30/06/2025,Sustainable Growth,Listed Equity,,Zoom Communications Inc,10994.55745,1308240.774,0.00054531,,,US98980L1017
30/06/2025,Sustainable Growth,Listed Equity,,ZOZO Inc,3890.393604,63989.14822,0.00002667,,,JP3399310006
30/06/2025,Sustainable Growth,Listed Equity,,Zscaler Inc,197.570969,94644.7404,0.00003945,,,US98980G1022
30/06/2025,Sustainable Growth,Listed Equity Total,,,48073942.96,1359658092,0.56674477,,,
30/06/2025,Sustainable Growth,Listed Infrastructure,,Atlas Arteria Ltd,234434.3009,1193270.592,0.00049739,,,AU0000013559
30/06/2025,Sustainable Growth,Listed Infrastructure,,Transurban Group,806499.5875,11274864.23,0.00469969,,,AU000000TCL6
30/06/2025,Sustainable Growth,Listed Infrastructure Total,,,1040933.888,12468134.83,0.00519708,,,
30/06/2025,Sustainable Growth,Listed Property,,Arena REIT,730327.7033,2709515.779,0.0011294,,,AU000000ARF6
30/06/2025,Sustainable Growth,Listed Property,,Centuria Capital Group,167111.6369,281583.1082,0.00011737,,,AU000000CNI5
30/06/2025,Sustainable Growth,Listed Property,,Charter Hall Group,318746.8312,6116751.691,0.00254964,,,AU000000CHC0
30/06/2025,Sustainable Growth,Listed Property,,Charter Hall Long Wale REIT,120163.8019,490268.3117,0.00020436,,,AU000000CLW0
30/06/2025,Sustainable Growth,Listed Property,,Cromwell Property Group,179850.625,61149.2125,0.00002549,,,AU000000CMW8
30/06/2025,Sustainable Growth,Listed Property,,Dexus,201532.3575,1340190.177,0.00055863,,,AU000000DXS1
30/06/2025,Sustainable Growth,Listed Property,,Dexus Industria REIT,36847.82715,100226.0899,0.00004178,,,AU0000192833
30/06/2025,Sustainable Growth,Listed Property,,DigiCo Infrastructure REIT,18476.35754,62080.56133,0.00002588,,,AU0000367088
30/06/2025,Sustainable Growth,Listed Property,,Equinix Inc,441.674097,536108.1768,0.00022347,,,US29444U7000
30/06/2025,Sustainable Growth,Listed Property,,Extra Space Storage Inc,5766.936401,1297439.691,0.00054081,,,US30225T1025
30/06/2025,Sustainable Growth,Listed Property,,Goodman Group,708299.3448,24252169.57,0.010109,,,AU000000GMG2
30/06/2025,Sustainable Growth,Listed Property,,GPT Group/The,369466.3158,1788216.968,0.00074538,,,AU000000GPT8
30/06/2025,Sustainable Growth,Listed Property,,Growthpoint Properties Australia Ltd,190059.7163,442839.139,0.00018459,,,AU000000GOZ8
30/06/2025,Sustainable Growth,Listed Property,,Ingenia Communities Group,34364.78035,187975.3485,0.00007835,,,AU000000INA9
30/06/2025,Sustainable Growth,Listed Property,,Klepierre SA,18042.27245,1080679.234,0.00045046,,,FR0000121964
30/06/2025,Sustainable Growth,Listed Property,,Lendlease Corp Ltd,141046.9877,758832.7937,0.0003163,,,AU000000LLC3
30/06/2025,Sustainable Growth,Listed Property,,Mirvac Group,1244966.417,2738926.118,0.00114166,,,AU000000MGR9
30/06/2025,Sustainable Growth,Listed Property,,National Storage REIT,28882.63816,66430.06777,0.00002769,,,AU000000NSR2
30/06/2025,Sustainable Growth,Listed Property,,Public Storage,318.859711,142763.1271,0.00005951,,,US74460D1090
30/06/2025,Sustainable Growth,Listed Property,,SBA Communications Corp,266.987796,95673.16976,0.00003988,,,US78410G1040
30/06/2025,Sustainable Growth,Listed Property,,Scentre Group,2459715.941,8756588.749,0.00365,,,AU000000SCG8
30/06/2025,Sustainable Growth,Listed Property,,Simon Property Group Inc,6735.72069,1652299.472,0.00068873,,,US8288061091
30/06/2025,Sustainable Growth,Listed Property,,Stockland,712611.2495,3819596.297,0.00159212,,,AU000000SGP0
30/06/2025,Sustainable Growth,Listed Property,,Vicinity Ltd,742524.6933,1834035.992,0.00076448,,,AU000000VCX7
30/06/2025,Sustainable Growth,Listed Property,,Welltower Inc,4319.099722,1013161.216,0.00042231,,,US95040Q1040
30/06/2025,Sustainable Growth,Listed Property Total,,,8440886.775,61625500.06,0.02568729,,,
30/06/2025,Sustainable Growth,Unlisted Equity,Externally Managed,Brandon Capital Partners Pty Ltd,,7736393.091,0.00322475,,,
30/06/2025,Sustainable Growth,Unlisted Equity,Externally Managed,Generation Investment Management LLP,,22539286.37,0.00939503,,,
30/06/2025,Sustainable Growth,Unlisted Equity,Externally Managed,IFM Investors Pty Ltd,,1467554.386,0.00061172,,,
30/06/2025,Sustainable Growth,Unlisted Equity,Externally Managed,Stafford Capital Partners Pty Limited,,84160874.07,0.03508068,,,
30/06/2025,Sustainable Growth,Unlisted Equity,Externally Managed,Stone Point Capital LLC,,4049189.886,0.00168782,,,
30/06/2025,Sustainable Growth,Unlisted Equity Total,,,,119953297.8,0.05,,,
30/06/2025,Sustainable Growth,Unlisted Infrastructure,Externally Managed,Generate Capital PBC,,41431059.78,0.01726966,,,
30/06/2025,Sustainable Growth,Unlisted Infrastructure,Externally Managed,Kohlberg Kravis Roberts & Co LP,,4439281.471,0.00185042,,,
30/06/2025,Sustainable Growth,Unlisted Infrastructure,Internally Managed,Generate Capital PBC,,,,1.38%,,
30/06/2025,Sustainable Growth,Unlisted Infrastructure,Internally Managed,Intera Hold Co Pty Ltd,,,,20.20%,,
30/06/2025,Sustainable Growth,Unlisted Infrastructure,Internally Managed,Intera Hold Trust and Intera Hold (T) Pty Ltd,,,,20.20%,,
30/06/2025,Sustainable Growth,Unlisted Infrastructure External Total,,,,45870341.25,0.01912008,,,
30/06/2025,Sustainable Growth,Unlisted Infrastructure Internal Total,,,,50089414.29,0.02087871,,,
30/06/2025,Sustainable Growth,Unlisted Property,Externally Managed,Heitman Capital Management LLC,,17256657.22,0.00719307,,,
30/06/2025,Sustainable Growth,Unlisted Property,Externally Managed,Investa Wholesale Funds Management Limited,,118666539.4,0.04946364,,,
30/06/2025,Sustainable Growth,Unlisted Property,Externally Managed,ISPT Operations Pty Ltd,,30955677.89,0.01290322,,,
30/06/2025,Sustainable Growth,Unlisted Property Total,,,,166878874.5,0.06955994,,,
