PHD SCHEDULE 8D TABLE 1 - PORTFOLIO HOLDINGS INFORMATION FOR INVESTMENT OPTION [AWAREACCAEQU] - ASSETS - 2025-06-30,,,,,,,,,,,,,
ASSET CLASS,INTERNALLY MANAGED OR EXTERNALLY MANAGED,NAME OF INSTITUTION,NAME OF ISSUER / COUNTERPARTY,NAME OF FUND MANAGER,NAME / KIND OF INVESTMENT ITEM,CURRENCY,SECURITY IDENTIFIER,ADDRESS,% OWNERSHIP / PROPERTY HELD,UNITS HELD,VALUE(AUD),WEIGHTING(%),
CASH,-,COMMONWEALTH BANK OF AUSTRALIA,-,-,-,AUD,-,-,,,"$2,613,762",0.18%,
CASH,-,STATE STREET BANK AND TRUST,-,-,-,AUD,-,-,,,"$1,486,895",0.10%,
CASH,-,NATIONAL AUSTRALIA BANK LIMITED,-,-,-,AUD,-,-,,,"$1,276,747",0.09%,
CASH,-,JPMORGAN CHASE & CO,-,-,-,AUD,-,-,,,"$1,017,311",0.07%,
CASH,-,AUSTRALIA AND NEW ZEALAND BANKING GROUP LIMITED,-,-,-,AUD,-,-,,,"$65,828",0.00%,
CASH,-,STATE STREET BANK AND TRUST,-,-,-,USD,-,-,,,$86,0.00%,
CASH,-,STATE STREET BANK AND TRUST,-,-,-,NZD,-,-,,,$5,0.00%,
CASH,-,MORGAN STANLEY,-,-,-,AUD,-,-,,,"-$1,449",0.00%,
SUB TOTAL CASH,,,,,,,,,,,"$6,459,185",0.43%,
FIXED INCOME,INTERNALLY,-,WESTPAC BANKING CORPORATION,-,-,-,-,-,,,"$6,376,797",0.43%,
FIXED INCOME,INTERNALLY,-,AUSTRALIA AND NEW ZEALAND BANKING GROUP LIMITED,-,-,-,-,-,,,"$1,698,177",0.11%,
FIXED INCOME,INTERNALLY,-,COMMONWEALTH BANK OF AUSTRALIA,-,-,-,-,-,,,"$1,191,162",0.08%,
FIXED INCOME,INTERNALLY,-,NATIONAL AUSTRALIA BANK LIMITED,-,-,-,-,-,,,"$446,983",0.03%,
FIXED INCOME,INTERNALLY,-,STANDARD CHARTERED BANK,-,-,-,-,-,,,"$446,417",0.03%,
FIXED INCOME,INTERNALLY,-,CANADIAN IMPERIAL BANK OF COMMERCE,-,-,-,-,-,,,"$410,020",0.03%,
FIXED INCOME,INTERNALLY,-,NBN CO. LTD.,-,-,-,-,-,,,"$373,255",0.03%,
FIXED INCOME,INTERNALLY,-,UNITED OVERSEAS BANK LTD.,-,-,-,-,-,,,"$297,156",0.02%,
FIXED INCOME,INTERNALLY,-,OVERSEA-CHINESE BANKING CORP. LTD.,-,-,-,-,-,,,"$224,395",0.02%,
FIXED INCOME,INTERNALLY,-,CREDIT AGRICOLE CORPORATE & INVESTMENT BANK,-,-,-,-,-,,,"$222,368",0.01%,
FIXED INCOME,INTERNALLY,-,COOPERATIEVE RABOBANK UA,-,-,-,-,-,,,"$221,727",0.01%,
FIXED INCOME,INTERNALLY,-,SUMITOMO MITSUI BANKING CORP.,-,-,-,-,-,,,"$148,945",0.01%,
FIXED INCOME,INTERNALLY,-,THE BANK OF NOVA SCOTIA,-,-,-,-,-,,,"$148,923",0.01%,
FIXED INCOME,INTERNALLY,-,DBS BANK LTD.,-,-,-,-,-,,,"$74,983",0.01%,
SUB TOTAL FIXED INCOME INTERNALLY,,,,,,,,,,,"$12,281,308",0.83%,
SUB TOTAL FIXED INCOME EXTERNALLY,,,,,,,,,,,$0,0.00%,
LISTED EQUITY,-,-,-,-,COMMONWEALTH BANK OF AUSTRALIA,-,CBA AU,-,,"965,768","$178,425,584",11.99%,
LISTED EQUITY,-,-,-,-,BHP GROUP LTD.,-,BHP AU,-,,"2,931,169","$107,720,460",7.24%,
LISTED EQUITY,-,-,-,-,NATIONAL AUSTRALIA BANK LTD.,-,NAB AU,-,,"1,765,427","$69,487,225",4.67%,
LISTED EQUITY,-,-,-,-,CSL LTD.,-,CSL AU,-,,"279,324","$66,892,521",4.49%,
LISTED EQUITY,-,-,-,-,WESTPAC BANKING CORP.,-,WBC AU,-,,"1,975,305","$66,883,841",4.49%,
LISTED EQUITY,-,-,-,-,WESFARMERS LTD.,-,WES AU,-,,"654,463","$55,465,724",3.73%,
LISTED EQUITY,-,-,-,-,ANZ GROUP HOLDINGS LTD.,-,ANZ AU,-,,"1,714,881","$50,005,922",3.36%,
LISTED EQUITY,-,-,-,-,MACQUARIE GROUP LTD.,-,MQG AU,-,,"208,622","$47,718,214",3.21%,
LISTED EQUITY,-,-,-,-,TELSTRA GROUP LTD.,-,TLS AU,-,,"6,636,260","$32,119,497",2.16%,
LISTED EQUITY,-,-,-,-,WOODSIDE ENERGY GROUP LTD.,-,WDS AU,-,,"1,097,490","$25,933,694",1.74%,
LISTED EQUITY,-,-,-,-,RIO TINTO LTD.,-,RIO AU,-,,"214,992","$23,032,092",1.55%,
LISTED EQUITY,-,-,-,-,WOOLWORTHS GROUP LTD.,-,WOW AU,-,,"704,668","$21,922,213",1.47%,
LISTED EQUITY,-,-,-,-,ARISTOCRAT LEISURE LTD.,-,ALL AU,-,,"324,770","$21,165,247",1.42%,
LISTED EQUITY,-,-,-,-,QBE INSURANCE GROUP LTD.,-,QBE AU,-,,"871,583","$20,386,325",1.37%,
LISTED EQUITY,-,-,-,-,BRAMBLES LTD.,-,BXB AU,-,,"793,658","$18,587,461",1.25%,
LISTED EQUITY,-,-,-,-,COLES GROUP LTD.,-,COL AU,-,,"777,507","$16,203,245",1.09%,
LISTED EQUITY,-,-,-,-,XERO LTD.,-,XRO AU,-,,"90,044","$16,189,771",1.09%,
LISTED EQUITY,-,-,-,-,FORTESCUE LTD.,-,FMG AU,-,,"980,634","$14,984,083",1.01%,
LISTED EQUITY,-,-,-,-,NORTHERN STAR RESOURCES LTD.,-,NST AU,-,,"778,717","$14,445,194",0.97%,
LISTED EQUITY,-,-,-,-,JAMES HARDIE INDUSTRIES PLC,-,JHX AU,-,,"333,506","$13,907,193",0.93%,
LISTED EQUITY,-,-,-,-,SUNCORP GROUP LTD.,-,SUN AU,-,,"627,274","$13,555,400",0.91%,
LISTED EQUITY,-,-,-,-,"RESMED, INC.",-,RMD AU,-,,"335,227","$13,191,197",0.89%,
LISTED EQUITY,-,-,-,-,WISETECH GLOBAL LTD.,-,WTC AU,-,,"115,976","$12,644,813",0.85%,
LISTED EQUITY,-,-,-,-,INSURANCE AUSTRALIA GROUP LTD.,-,IAG AU,-,,"1,366,295","$12,337,648",0.83%,
LISTED EQUITY,-,-,-,-,COMPUTERSHARE LTD.,-,CPU AU,-,,"303,799","$12,118,533",0.81%,
LISTED EQUITY,-,-,-,-,COCHLEAR LTD.,-,COH AU,-,,"37,617","$11,301,029",0.76%,
LISTED EQUITY,-,-,-,-,PRO MEDICUS LTD.,-,PME AU,-,,"33,179","$9,458,744",0.64%,
LISTED EQUITY,-,-,-,-,QANTAS AIRWAYS LTD.,-,QAN AU,-,,"874,764","$9,394,964",0.63%,
LISTED EQUITY,-,-,-,-,EVOLUTION MINING LTD.,-,EVN AU,-,,"1,143,631","$8,908,885",0.60%,
LISTED EQUITY,-,-,-,-,CAR GROUP LTD.,-,CAR AU,-,,"217,399","$8,135,068",0.55%,
LISTED EQUITY,-,-,-,-,MEDIBANK PVT LTD.,-,MPL AU,-,,"1,589,689","$8,027,932",0.54%,
LISTED EQUITY,-,-,-,-,SIGMA HEALTHCARE LTD.,-,SIG AU,-,,"2,669,589","$7,982,070",0.54%,
LISTED EQUITY,-,-,-,-,ASX LTD.,-,ASX AU,-,,"112,196","$7,826,794",0.53%,
LISTED EQUITY,-,-,-,-,AMCOR PLC,-,AMC AU,-,,"550,504","$7,817,158",0.53%,
LISTED EQUITY,-,-,-,-,REA GROUP LTD.,-,REA AU,-,,"30,486","$7,331,675",0.49%,
LISTED EQUITY,-,-,-,-,SONIC HEALTHCARE LTD.,-,SHL AU,-,,"263,720","$7,065,067",0.47%,
LISTED EQUITY,-,-,-,-,TECHNOLOGY ONE LTD.,-,TNE AU,-,,"171,837","$7,047,046",0.47%,
LISTED EQUITY,-,-,-,-,JB HI-FI LTD.,-,JBH AU,-,,"63,284","$6,983,392",0.47%,
LISTED EQUITY,-,-,-,-,LOTTERY CORP. LTD.,-,TLC AU,-,,"1,278,005","$6,811,765",0.46%,
LISTED EQUITY,-,-,-,-,SGH LTD.,-,SGH AU,-,,"117,739","$6,366,130",0.43%,
LISTED EQUITY,-,-,-,-,NEWMONT CORP.,-,NEM AU,-,,"63,912","$5,580,136",0.37%,
LISTED EQUITY,-,-,-,-,ORICA LTD.,-,ORI AU,-,,"282,618","$5,508,234",0.37%,
LISTED EQUITY,-,-,-,-,NEXTDC LTD.,-,NXT AU,-,,"371,075","$5,380,581",0.36%,
LISTED EQUITY,-,-,-,-,SEEK LTD.,-,SEK AU,-,,"205,483","$4,941,856",0.33%,
LISTED EQUITY,-,-,-,-,ALS LTD.,-,ALQ AU,-,,"280,291","$4,792,970",0.32%,
LISTED EQUITY,-,-,-,-,LYNAS RARE EARTHS LTD.,-,LYC AU,-,,"493,601","$4,249,904",0.29%,
LISTED EQUITY,-,-,-,-,HUB24 LTD.,-,HUB AU,-,,"47,297","$4,217,462",0.28%,
LISTED EQUITY,-,-,-,-,BENDIGO & ADELAIDE BANK LTD.,-,BEN AU,-,,"332,369","$4,201,147",0.28%,
LISTED EQUITY,-,-,-,-,QUBE HOLDINGS LTD.,-,QUB AU,-,,"977,202","$4,182,424",0.28%,
LISTED EQUITY,-,-,-,-,RAMSAY HEALTH CARE LTD.,-,RHC AU,-,,"113,783","$4,174,684",0.28%,
LISTED EQUITY,-,-,-,-,EBOS GROUP LTD.,-,EBO AU,-,,"111,438","$3,966,061",0.27%,
LISTED EQUITY,-,-,-,-,TELIX PHARMACEUTICALS LTD.,-,TLX AU,-,,"157,448","$3,844,880",0.26%,
LISTED EQUITY,-,-,-,-,WORLEY LTD.,-,WOR AU,-,,"290,976","$3,805,972",0.26%,
LISTED EQUITY,-,-,-,-,FISHER & PAYKEL HEALTHCARE CORP. LTD.,-,FPH AU,-,,"112,880","$3,796,142",0.26%,
LISTED EQUITY,-,-,-,-,STEADFAST GROUP LTD.,-,SDF AU,-,,"614,263","$3,691,721",0.25%,
LISTED EQUITY,-,-,-,-,TREASURY WINE ESTATES LTD.,-,TWE AU,-,,"470,451","$3,674,219",0.25%,
LISTED EQUITY,-,-,-,-,AMPOL LTD.,-,ALD AU,-,,"139,674","$3,595,206",0.24%,
LISTED EQUITY,-,-,-,-,ENDEAVOUR GROUP LTD.,-,EDV AU,-,,"888,859","$3,564,326",0.24%,
LISTED EQUITY,-,-,-,-,CLEANAWAY WASTE MANAGEMENT LTD.,-,CWY AU,-,,"1,295,436","$3,523,587",0.24%,
LISTED EQUITY,-,-,-,-,"BLOCK, INC.",-,XYZ AU,-,,"32,694","$3,356,059",0.23%,
LISTED EQUITY,-,-,-,-,A2 MILK CO. LTD.,-,A2M AU,-,,"415,094","$3,324,900",0.22%,
LISTED EQUITY,-,-,-,-,AURIZON HOLDINGS LTD.,-,AZJ AU,-,,"1,020,507","$3,092,137",0.21%,
LISTED EQUITY,-,-,-,-,BANK OF QUEENSLAND LTD.,-,BOQ AU,-,,"392,359","$3,052,552",0.21%,
LISTED EQUITY,-,-,-,-,SANDFIRE RESOURCES LTD.,-,SFR AU,-,,"266,742","$2,992,844",0.20%,
LISTED EQUITY,-,-,-,-,"LIFE360, INC.",-,360 AU,-,,"91,035","$2,929,499",0.20%,
LISTED EQUITY,-,-,-,-,BLUESCOPE STEEL LTD.,-,BSL AU,-,,"123,832","$2,861,753",0.19%,
LISTED EQUITY,-,-,-,-,PERSEUS MINING LTD.,-,PRU AU,-,,"800,548","$2,721,865",0.18%,
LISTED EQUITY,-,-,-,-,ANSELL LTD.,-,ANN AU,-,,"86,009","$2,605,203",0.18%,
LISTED EQUITY,-,-,-,-,GENESIS MINERALS LTD.,-,GMD AU,-,,"585,172","$2,516,239",0.17%,
LISTED EQUITY,-,-,-,-,DOWNER EDI LTD.,-,DOW AU,-,,"382,456","$2,413,300",0.16%,
LISTED EQUITY,-,-,-,-,CHALLENGER LTD.,-,CGF AU,-,,"297,803","$2,406,249",0.16%,
LISTED EQUITY,-,-,-,-,VENTIA SERVICES GROUP PTY. LTD.,-,VNT AU,-,,"461,830","$2,392,282",0.16%,
LISTED EQUITY,-,-,-,-,METCASH LTD.,-,MTS AU,-,,"609,870","$2,384,592",0.16%,
LISTED EQUITY,-,-,-,-,AUB GROUP LTD.,-,AUB AU,-,,"65,534","$2,325,147",0.16%,
LISTED EQUITY,-,-,-,-,PILBARA MINERALS LTD.,-,PLS AU,-,,"1,715,392","$2,290,048",0.15%,
LISTED EQUITY,-,-,-,-,NETWEALTH GROUP LTD.,-,NWL AU,-,,"67,823","$2,278,183",0.15%,
LISTED EQUITY,-,-,-,-,ZIP CO. LTD.,-,ZIP AU,-,,"713,047","$2,189,053",0.15%,
LISTED EQUITY,-,-,-,-,"LIGHT & WONDER, INC.",-,LNW AU,-,,"14,781","$2,179,017",0.15%,
LISTED EQUITY,-,-,-,-,MINERAL RESOURCES LTD.,-,MIN AU,-,,"98,784","$2,129,784",0.14%,
LISTED EQUITY,-,-,-,-,GOLD ROAD RESOURCES LTD.,-,GOR AU,-,,"648,877","$2,121,827",0.14%,
LISTED EQUITY,-,-,-,-,PINNACLE INVESTMENT MANAGEMENT GROUP LTD.,-,PNI AU,-,,"101,214","$2,078,926",0.14%,
LISTED EQUITY,-,-,-,-,CAPRICORN METALS LTD.,-,CMM AU,-,,"216,727","$2,069,745",0.14%,
LISTED EQUITY,-,-,-,-,NIB HOLDINGS LTD.,-,NHF AU,-,,"284,297","$2,012,824",0.14%,
LISTED EQUITY,-,-,-,-,REGIS RESOURCES LTD.,-,RRL AU,-,,"437,141","$1,919,050",0.13%,
LISTED EQUITY,-,-,-,-,RELIANCE WORLDWIDE CORP. LTD.,-,RWC AU,-,,"459,110","$1,882,352",0.13%,
LISTED EQUITY,-,-,-,-,REECE LTD.,-,REH AU,-,,"126,490","$1,815,134",0.12%,
LISTED EQUITY,-,-,-,-,PALADIN ENERGY LTD.,-,PDN AU,-,,"222,285","$1,793,842",0.12%,
LISTED EQUITY,-,-,-,-,AMP LTD.,-,AMP AU,-,,"1,410,656","$1,777,426",0.12%,
LISTED EQUITY,-,-,-,-,BREVILLE GROUP LTD.,-,BRG AU,-,,"59,340","$1,749,932",0.12%,
LISTED EQUITY,-,-,-,-,IGO LTD.,-,IGO AU,-,,"411,102","$1,714,295",0.12%,
LISTED EQUITY,-,-,-,-,RAMELIUS RESOURCES LTD.,-,RMS AU,-,,"666,285","$1,679,039",0.11%,
LISTED EQUITY,-,-,-,-,HARVEY NORMAN HOLDINGS LTD.,-,HVN AU,-,,"311,931","$1,643,879",0.11%,
LISTED EQUITY,-,-,-,-,AUCKLAND INTERNATIONAL AIRPORT LTD.,-,AIA AU,-,,"230,759","$1,638,386",0.11%,
LISTED EQUITY,-,-,-,-,WESTGOLD RESOURCES LTD.,-,WGX AU,-,,"549,388","$1,576,743",0.11%,
LISTED EQUITY,-,-,-,-,ARB CORP. LTD.,-,ARB AU,-,,"47,255","$1,545,228",0.10%,
LISTED EQUITY,-,-,-,-,VAULT MINERALS LTD.,-,VAU AU,-,,"3,645,640","$1,531,169",0.10%,
LISTED EQUITY,-,-,-,-,WEST AFRICAN RESOURCES LTD.,-,WAF AU,-,,"665,216","$1,510,041",0.10%,
LISTED EQUITY,-,-,-,-,ORORA LTD.,-,ORA AU,-,,"760,599","$1,437,532",0.10%,
LISTED EQUITY,-,-,-,-,VIVA ENERGY GROUP LTD.,-,VEA AU,-,,"658,783","$1,422,972",0.10%,
LISTED EQUITY,-,-,-,-,SIMS LTD.,-,SGM AU,-,,"92,235","$1,414,884",0.10%,
LISTED EQUITY,-,-,-,-,DYNO NOBEL LTD.,-,DNL AU,-,,"524,531","$1,410,988",0.09%,
LISTED EQUITY,-,-,-,-,EAGERS AUTOMOTIVE LTD.,-,APE AU,-,,"80,410","$1,403,147",0.09%,
LISTED EQUITY,-,-,-,-,MEGAPORT LTD.,-,MP1 AU,-,,"94,896","$1,370,294",0.09%,
LISTED EQUITY,-,-,-,-,ALCOA CORP.,-,AAI AU,-,,"29,992","$1,349,659",0.09%,
LISTED EQUITY,-,-,-,-,FLIGHT CENTRE TRAVEL GROUP LTD.,-,FLT AU,-,,"106,509","$1,329,231",0.09%,
LISTED EQUITY,-,-,-,-,AUSTAL LTD.,-,ASB AU,-,,"208,624","$1,310,156",0.09%,
LISTED EQUITY,-,-,-,-,SUPER RETAIL GROUP LTD.,-,SUL AU,-,,"89,432","$1,273,514",0.09%,
LISTED EQUITY,-,-,-,-,LOVISA HOLDINGS LTD.,-,LOV AU,-,,"39,041","$1,236,805",0.08%,
LISTED EQUITY,-,-,-,-,CODAN LTD.,-,CDA AU,-,,"60,783","$1,222,338",0.08%,
LISTED EQUITY,-,-,-,-,DRONESHIELD LTD.,-,DRO AU,-,,"525,890","$1,199,028",0.08%,
LISTED EQUITY,-,-,-,-,NINE ENTERTAINMENT CO. HOLDINGS LTD.,-,NEC AU,-,,"730,939","$1,187,776",0.08%,
LISTED EQUITY,-,-,-,-,BOSS ENERGY LTD.,-,BOE AU,-,,"252,703","$1,180,125",0.08%,
LISTED EQUITY,-,-,-,-,EMERALD RESOURCES NL,-,EMR AU,-,,"300,161","$1,176,632",0.08%,
LISTED EQUITY,-,-,-,-,BEACH ENERGY LTD.,-,BPT AU,-,,"882,002","$1,164,243",0.08%,
LISTED EQUITY,-,-,-,-,TEMPLE & WEBSTER GROUP LTD.,-,TPW AU,-,,"54,256","$1,156,727",0.08%,
LISTED EQUITY,-,-,-,-,PEXA GROUP LTD.,-,PXA AU,-,,"83,397","$1,134,195",0.08%,
LISTED EQUITY,-,-,-,-,INSIGNIA FINANCIAL LTD.,-,IFL AU,-,,"310,713","$1,127,888",0.08%,
LISTED EQUITY,-,-,-,-,PREMIER INVESTMENTS LTD.,-,PMV AU,-,,"53,200","$1,076,243",0.07%,
LISTED EQUITY,-,-,-,-,PERPETUAL LTD.,-,PPT AU,-,,"59,030","$1,066,074",0.07%,
LISTED EQUITY,-,-,-,-,SPARTAN RESOURCES LTD.,-,SPR AU,-,,"524,852","$1,041,831",0.07%,
LISTED EQUITY,-,-,-,-,CHORUS LTD.,-,CNU AU,-,,"133,357","$1,041,516",0.07%,
LISTED EQUITY,-,-,-,-,TABCORP HOLDINGS LTD.,-,TAH AU,-,,"1,387,272","$991,900",0.07%,
LISTED EQUITY,-,-,-,-,MONADELPHOUS GROUP LTD.,-,MND AU,-,,"55,862","$980,932",0.07%,
LISTED EQUITY,-,-,-,-,MESOBLAST LTD.,-,MSB AU,-,,"592,251","$980,176",0.07%,
LISTED EQUITY,-,-,-,-,CORPORATE TRAVEL MANAGEMENT LTD.,-,CTD AU,-,,"70,566","$977,340",0.07%,
LISTED EQUITY,-,-,-,-,HELIA GROUP LTD.,-,HLI AU,-,,"172,520","$971,286",0.07%,
LISTED EQUITY,-,-,-,-,DETERRA ROYALTIES LTD.,-,DRR AU,-,,"258,319","$971,280",0.07%,
LISTED EQUITY,-,-,-,-,GRAINCORP LTD.,-,GNC AU,-,,"123,659","$962,066",0.06%,
LISTED EQUITY,-,-,-,-,NEUREN PHARMACEUTICALS LTD.,-,NEU AU,-,,"67,872","$957,674",0.06%,
LISTED EQUITY,-,-,-,-,BAPCOR LTD.,-,BAP AU,-,,"188,386","$941,931",0.06%,
LISTED EQUITY,-,-,-,-,DEEP YELLOW LTD.,-,DYL AU,-,,"562,771","$939,827",0.06%,
LISTED EQUITY,-,-,-,-,WEB TRAVEL GROUP LTD.,-,WEB AU,-,,"208,746","$928,920",0.06%,
LISTED EQUITY,-,-,-,-,MAGELLAN FINANCIAL GROUP LTD.,-,MFG AU,-,,"107,345","$918,876",0.06%,
LISTED EQUITY,-,-,-,-,EVT LTD.,-,EVT AU,-,,"55,078","$917,053",0.06%,
LISTED EQUITY,-,-,-,-,ILUKA RESOURCES LTD.,-,ILU AU,-,,"236,077","$897,093",0.06%,
LISTED EQUITY,-,-,-,-,CHAMPION IRON LTD.,-,CIA AU,-,,"214,160","$893,046",0.06%,
LISTED EQUITY,-,-,-,-,IPERIONX LTD.,-,IPX AU,-,,"185,447","$880,871",0.06%,
LISTED EQUITY,-,-,-,-,IRESS LTD.,-,IRE AU,-,,"109,566","$876,525",0.06%,
LISTED EQUITY,-,-,-,-,BEGA CHEESE LTD.,-,BGA AU,-,,"158,185","$863,687",0.06%,
LISTED EQUITY,-,-,-,-,SUPERLOOP LTD.,-,SLC AU,-,,"283,573","$853,555",0.06%,
LISTED EQUITY,-,-,-,-,NICK SCALI LTD.,-,NCK AU,-,,"46,535","$847,409",0.06%,
LISTED EQUITY,-,-,-,-,INGHAMS GROUP LTD.,-,ING AU,-,,"235,350","$835,491",0.06%,
LISTED EQUITY,-,-,-,-,ADRIATIC METALS PLC,-,ADT AU,-,,"145,695","$827,545",0.06%,
LISTED EQUITY,-,-,-,-,SOUTHERN CROSS GOLD CONSOLIDATED LTD.,-,SX2 AU,-,,"113,195","$812,738",0.05%,
LISTED EQUITY,-,-,-,-,IMDEX LTD.,-,IMD AU,-,,"296,346","$806,060",0.05%,
LISTED EQUITY,-,-,-,-,KAROON ENERGY LTD.,-,KAR AU,-,,"409,234","$785,729",0.05%,
LISTED EQUITY,-,-,-,-,BELLEVUE GOLD LTD.,-,BGL AU,-,,"867,593","$780,834",0.05%,
LISTED EQUITY,-,-,-,-,FLETCHER BUILDING LTD.,-,FBU AU,-,,"282,991","$764,075",0.05%,
LISTED EQUITY,-,-,-,-,NICKEL INDUSTRIES LTD.,-,NIC AU,-,,"1,092,294","$759,144",0.05%,
LISTED EQUITY,-,-,-,-,DOMINO'S PIZZA ENTERPRISES LTD.,-,DMP AU,-,,"39,344","$758,165",0.05%,
LISTED EQUITY,-,-,-,-,JUDO CAPITAL HOLDINGS LTD.,-,JDO AU,-,,"476,149","$745,173",0.05%,
LISTED EQUITY,-,-,-,-,PERENTI LTD.,-,PRN AU,-,,"456,825","$740,056",0.05%,
LISTED EQUITY,-,-,-,-,DEVELOP GLOBAL LTD.,-,DVP AU,-,,"150,786","$738,848",0.05%,
LISTED EQUITY,-,-,-,-,CATALYST METALS LTD.,-,CYL AU,-,,"140,170","$731,689",0.05%,
LISTED EQUITY,-,-,-,-,NRW HOLDINGS LTD.,-,NWH AU,-,,"242,529","$725,163",0.05%,
LISTED EQUITY,-,-,-,-,ELDERS LTD.,-,ELD AU,-,,"114,629","$722,163",0.05%,
LISTED EQUITY,-,-,-,-,RESOLUTE MINING LTD.,-,RSG AU,-,,"1,176,959","$717,945",0.05%,
LISTED EQUITY,-,-,-,-,CATAPULT GROUP INTERNATIONAL LTD.,-,CAT AU,-,,"118,445","$694,091",0.05%,
LISTED EQUITY,-,-,-,-,LIONTOWN RESOURCES LTD.,-,LTR AU,-,,"988,058","$691,640",0.05%,
LISTED EQUITY,-,-,-,-,IPH LTD.,-,IPH AU,-,,"150,649","$689,974",0.05%,
LISTED EQUITY,-,-,-,-,DATA#3 LTD.,-,DTL AU,-,,"87,968","$669,436",0.04%,
LISTED EQUITY,-,-,-,-,MAC COPPER LTD.,-,MAC AU,-,,"36,335","$668,568",0.04%,
LISTED EQUITY,-,-,-,-,REGIS HEALTHCARE LTD.,-,REG AU,-,,"84,348","$661,291",0.04%,
LISTED EQUITY,-,-,-,-,SITEMINDER LTD.,-,SDR AU,-,,"148,991","$660,032",0.04%,
LISTED EQUITY,-,-,-,-,CAPSTONE COPPER CORP.,-,CSC AU,-,,"70,028","$659,664",0.04%,
LISTED EQUITY,-,-,-,-,NANOSONICS LTD.,-,NAN AU,-,,"159,942","$647,764",0.04%,
LISTED EQUITY,-,-,-,-,TUAS LTD.,-,TUA AU,-,,"108,367","$644,785",0.04%,
LISTED EQUITY,-,-,-,-,AMOTIV LTD.,-,AOV AU,-,,"80,165","$642,124",0.04%,
LISTED EQUITY,-,-,-,-,NEWS CORP.,-,NWS AU,-,,"12,325","$639,654",0.04%,
LISTED EQUITY,-,-,-,-,DOMAIN HOLDINGS AUSTRALIA LTD.,-,DHG AU,-,,"145,369","$638,171",0.04%,
LISTED EQUITY,-,-,-,-,SERVICE STREAM LTD.,-,SSM AU,-,,"317,227","$629,696",0.04%,
LISTED EQUITY,-,-,-,-,COLLINS FOODS LTD.,-,CKF AU,-,,"66,383","$617,361",0.04%,
LISTED EQUITY,-,-,-,-,PANTORO GOLD LTD.,-,PNR AU,-,,"202,616","$613,927",0.04%,
LISTED EQUITY,-,-,-,-,INFRATIL LTD.,-,IFT AU,-,,"62,461","$611,496",0.04%,
LISTED EQUITY,-,-,-,-,NEXGEN ENERGY LTD.,-,NXG AU,-,,"57,396","$608,971",0.04%,
LISTED EQUITY,-,-,-,-,OOH!MEDIA LTD.,-,OML AU,-,,"336,415","$580,316",0.04%,
LISTED EQUITY,-,-,-,-,AUSSIE BROADBAND LTD.,-,ABB AU,-,,"145,198","$567,722",0.04%,
LISTED EQUITY,-,-,-,-,HANSEN TECHNOLOGIES LTD.,-,HSN AU,-,,"107,487","$535,287",0.04%,
LISTED EQUITY,-,-,-,-,G8 EDUCATION LTD.,-,GEM AU,-,,"451,237","$532,459",0.04%,
LISTED EQUITY,-,-,-,-,IDP EDUCATION LTD.,-,IEL AU,-,,"144,252","$529,406",0.04%,
LISTED EQUITY,-,-,-,-,SRG GLOBAL LTD.,-,SRG AU,-,,"302,895","$522,493",0.04%,
LISTED EQUITY,-,-,-,-,ORA BANDA MINING LTD.,-,OBM AU,-,,"660,771","$505,490",0.03%,
LISTED EQUITY,-,-,-,-,EQT HOLDINGS LTD.,-,EQT AU,-,,"14,855","$505,061",0.03%,
LISTED EQUITY,-,-,-,-,NUFARM LTD.,-,NUF AU,-,,"202,237","$497,504",0.03%,
LISTED EQUITY,-,-,-,-,RIDLEY CORP. LTD.,-,RIC AU,-,,"168,323","$494,869",0.03%,
LISTED EQUITY,-,-,-,-,SPARK NEW ZEALAND LTD.,-,SPK AU,-,,"219,093","$492,959",0.03%,
LISTED EQUITY,-,-,-,-,INTEGRAL DIAGNOSTICS LTD.,-,IDX AU,-,,"189,036","$480,151",0.03%,
LISTED EQUITY,-,-,-,-,SILEX SYSTEMS LTD.,-,SLX AU,-,,"113,598","$479,385",0.03%,
LISTED EQUITY,-,-,-,-,CREDIT CORP. GROUP LTD.,-,CCP AU,-,,"35,202","$476,285",0.03%,
LISTED EQUITY,-,-,-,-,MAAS GROUP HOLDINGS LTD.,-,MGH AU,-,,"112,287","$476,097",0.03%,
LISTED EQUITY,-,-,-,-,PREDICTIVE DISCOVERY LTD.,-,PDI AU,-,,"1,231,181","$474,005",0.03%,
LISTED EQUITY,-,-,-,-,MCMILLAN SHAKESPEARE LTD.,-,MMS AU,-,,"30,200","$469,617",0.03%,
LISTED EQUITY,-,-,-,-,MACQUARIE TECHNOLOGY GROUP LTD.,-,MAQ AU,-,,"6,886","$458,202",0.03%,
LISTED EQUITY,-,-,-,-,SMARTGROUP CORP. LTD.,-,SIQ AU,-,,"61,460","$452,962",0.03%,
LISTED EQUITY,-,-,-,-,MYER HOLDINGS LTD.,-,MYR AU,-,,"737,376","$446,113",0.03%,
LISTED EQUITY,-,-,-,-,KELSIAN GROUP LTD.,-,KLS AU,-,,"114,911","$435,512",0.03%,
LISTED EQUITY,-,-,-,-,CHALICE MINING LTD.,-,CHN AU,-,,"254,452","$428,752",0.03%,
LISTED EQUITY,-,-,-,-,OPTHEA LTD.,-,OPT AU,-,,"708,419","$425,052",0.03%,
LISTED EQUITY,-,-,-,-,JOHNS LYNG GROUP LTD.,-,JLG AU,-,,"132,218","$419,132",0.03%,
LISTED EQUITY,-,-,-,-,STANMORE RESOURCES LTD.,-,SMR AU,-,,"221,464","$414,138",0.03%,
LISTED EQUITY,-,-,-,-,POLYNOVO LTD.,-,PNV AU,-,,"341,615","$408,230",0.03%,
LISTED EQUITY,-,-,-,-,NAVIGATOR GLOBAL INVESTMENTS LTD.,-,NGI AU,-,,"235,620","$400,554",0.03%,
LISTED EQUITY,-,-,-,-,ALPHA HPA LTD.,-,A4N AU,-,,"467,178","$399,437",0.03%,
LISTED EQUITY,-,-,-,-,LIFESTYLE COMMUNITIES LTD.,-,LIC AU,-,,"56,744","$397,211",0.03%,
LISTED EQUITY,-,-,-,-,DICKER DATA LTD.,-,DDR AU,-,,"48,680","$392,844",0.03%,
LISTED EQUITY,-,-,-,-,FLEETPARTNERS GROUP LTD.,-,FPR AU,-,,"127,523","$390,220",0.03%,
LISTED EQUITY,-,-,-,-,GENTRACK GROUP LTD.,-,GTK AU,-,,"33,842","$390,199",0.03%,
LISTED EQUITY,-,-,-,-,AUSTRALIAN ETHICAL INVESTMENT LTD.,-,AEF AU,-,,"60,674","$387,709",0.03%,
LISTED EQUITY,-,-,-,-,MA FINANCIAL GROUP LTD.,-,MAF AU,-,,"50,715","$384,927",0.03%,
LISTED EQUITY,-,-,-,-,SELECT HARVESTS LTD.,-,SHV AU,-,,"92,259","$379,183",0.03%,
LISTED EQUITY,-,-,-,-,OBJECTIVE CORP. LTD.,-,OCL AU,-,,"19,751","$378,433",0.03%,
LISTED EQUITY,-,-,-,-,MYSTATE LTD.,-,MYS AU,-,,"88,080","$370,818",0.02%,
LISTED EQUITY,-,-,-,-,FIREFLY METALS LTD.,-,FFM AU,-,,"354,827","$369,020",0.02%,
LISTED EQUITY,-,-,-,-,BRAVURA SOLUTIONS LTD.,-,BVS AU,-,,"163,509","$362,990",0.02%,
LISTED EQUITY,-,-,-,-,GUZMAN Y GOMEZ LTD.,-,GYG AU,-,,"12,812","$362,440",0.02%,
LISTED EQUITY,-,-,-,-,WA1 RESOURCES LTD.,-,WA1 AU,-,,"21,395","$338,895",0.02%,
LISTED EQUITY,-,-,-,-,VULCAN ENERGY RESOURCES LTD.,-,VUL AU,-,,"92,693","$337,401",0.02%,
LISTED EQUITY,-,-,-,-,PWR HOLDINGS LTD.,-,PWH AU,-,,"48,512","$336,188",0.02%,
LISTED EQUITY,-,-,-,-,GWA GROUP LTD.,-,GWA AU,-,,"137,889","$330,934",0.02%,
LISTED EQUITY,-,-,-,-,COBRAM ESTATE OLIVES LTD.,-,CBO AU,-,,"154,186","$328,415",0.02%,
LISTED EQUITY,-,-,-,-,RPMGLOBAL HOLDINGS LTD.,-,RUL AU,-,,"111,190","$323,562",0.02%,
LISTED EQUITY,-,-,-,-,CLARITY PHARMACEUTICALS LTD.,-,CU6 AU,-,,"129,135","$322,839",0.02%,
LISTED EQUITY,-,-,-,-,ACCENT GROUP LTD.,-,AX1 AU,-,,"229,591","$320,280",0.02%,
LISTED EQUITY,-,-,-,-,AMPLITUDE ENERGY LTD.,-,AEL AU,-,,"1,492,193","$313,361",0.02%,
LISTED EQUITY,-,-,-,-,PROPEL FUNERAL PARTNERS LTD.,-,PFP AU,-,,"67,858","$307,398",0.02%,
LISTED EQUITY,-,-,-,-,JUMBO INTERACTIVE LTD.,-,JIN AU,-,,"30,914","$302,955",0.02%,
LISTED EQUITY,-,-,-,-,ARAFURA RARE EARTHS LTD.,-,ARU AU,-,,"1,648,396","$288,469",0.02%,
LISTED EQUITY,-,-,-,-,KINGSGATE CONSOLIDATED LTD.,-,KCN AU,-,,"127,630","$288,443",0.02%,
LISTED EQUITY,-,-,-,-,BOTANIX PHARMACEUTICALS LTD.,-,BOT AU,-,,"891,023","$285,127",0.02%,
LISTED EQUITY,-,-,-,-,AUSTRALIAN FINANCE GROUP LTD.,-,AFG AU,-,,"123,169","$282,057",0.02%,
LISTED EQUITY,-,-,-,-,AUDINATE GROUP LTD.,-,AD8 AU,-,,"36,896","$275,985",0.02%,
LISTED EQUITY,-,-,-,-,OMNI BRIDGEWAY LTD.,-,OBL AU,-,,"201,594","$270,136",0.02%,
LISTED EQUITY,-,-,-,-,BANNERMAN ENERGY LTD.,-,BMN AU,-,,"79,404","$264,416",0.02%,
LISTED EQUITY,-,-,-,-,AUSTRALIAN CLINICAL LABS LTD.,-,ACL AU,-,,"94,971","$264,020",0.02%,
LISTED EQUITY,-,-,-,-,LOTUS RESOURCES LTD.,-,LOT AU,-,,"1,353,243","$263,882",0.02%,
LISTED EQUITY,-,-,-,-,PEET LTD.,-,PPC AU,-,,"152,049","$258,483",0.02%,
LISTED EQUITY,-,-,-,-,NUIX LTD.,-,NXL AU,-,,"117,572","$257,483",0.02%,
LISTED EQUITY,-,-,-,-,MADER GROUP LTD.,-,MAD AU,-,,"38,179","$256,942",0.02%,
LISTED EQUITY,-,-,-,-,HEALIUS LTD.,-,HLS AU,-,,"326,983","$256,682",0.02%,
LISTED EQUITY,-,-,-,-,"GQG PARTNERS, INC.",-,GQG AU,-,,"112,449","$254,134",0.02%,
LISTED EQUITY,-,-,-,-,UNIVERSAL STORE HOLDINGS LTD.,-,UNI AU,-,,"32,533","$253,107",0.02%,
LISTED EQUITY,-,-,-,-,CLINUVEL PHARMACEUTICALS LTD.,-,CUV AU,-,,"24,380","$253,060",0.02%,
LISTED EQUITY,-,-,-,-,ADAIRS LTD.,-,ADH AU,-,,"118,235","$247,111",0.02%,
LISTED EQUITY,-,-,-,-,REDOX LTD.,-,RDX AU,-,,"109,247","$235,973",0.02%,
LISTED EQUITY,-,-,-,-,IMMUTEP LTD.,-,IMM AU,-,,"937,663","$225,039",0.02%,
LISTED EQUITY,-,-,-,-,BRAINCHIP HOLDINGS LTD.,-,BRN AU,-,,"1,131,163","$220,577",0.01%,
LISTED EQUITY,-,-,-,-,TYRO PAYMENTS LTD.,-,TYR AU,-,,"250,416","$220,366",0.01%,
LISTED EQUITY,-,-,-,-,QUALITAS LTD.,-,QAL AU,-,,"56,912","$196,345",0.01%,
LISTED EQUITY,-,-,-,-,STRIKE ENERGY LTD.,-,STX AU,-,,"1,296,450","$194,468",0.01%,
LISTED EQUITY,-,-,-,-,WEBJET GROUP LTD.,-,WJL AU,-,,"208,746","$187,871",0.01%,
LISTED EQUITY,-,-,-,-,STAR ENTERTAINMENT GROUP LTD.,-,SGR AU,-,,"1,384,625","$186,924",0.01%,
LISTED EQUITY,-,-,-,-,INFOMEDIA LTD.,-,IFM AU,-,,"157,320","$186,424",0.01%,
LISTED EQUITY,-,-,-,-,VULCAN STEEL LTD.,-,VSL AU,-,,"30,451","$177,227",0.01%,
LISTED EQUITY,-,-,-,-,WEEBIT NANO LTD.,-,WBT AU,-,,"106,281","$172,707",0.01%,
LISTED EQUITY,-,-,-,-,KOGAN.COM LTD.,-,KGN AU,-,,"41,959","$157,767",0.01%,
LISTED EQUITY,-,-,-,-,APPEN LTD.,-,APX AU,-,,"139,818","$156,597",0.01%,
LISTED EQUITY,-,-,-,-,MONASH IVF GROUP LTD.,-,MVF AU,-,,"157,190","$110,819",0.01%,
LISTED EQUITY,-,-,-,-,BANNERMAN RESOURCES LTD.,-,BMNXX AU,-,,"11,794","$39,274",0.00%,
SUB TOTAL LISTED EQUITY,,,,,,,,,,,"$1,331,820,907",89.47%,
SUB TOTAL UNLISTED EQUITY INTERNALLY,,,,,,,,,,,$0,0.00%,
SUB TOTAL UNLISTED EQUITY EXTERNALLY,,,,,,,,,,,$0,0.00%,
LISTED PROPERTY,-,-,-,-,GOODMAN GROUP,-,GMG AU,-,,"1,170,728","$40,085,718",2.69%,
LISTED PROPERTY,-,-,-,-,SCENTRE GROUP,-,SCG AU,-,,"2,996,175","$10,666,383",0.72%,
LISTED PROPERTY,-,-,-,-,STOCKLAND,-,SGP AU,-,,"1,385,633","$7,426,993",0.50%,
LISTED PROPERTY,-,-,-,-,VICINITY LTD.,-,VCX AU,-,,"2,244,169","$5,543,097",0.37%,
LISTED PROPERTY,-,-,-,-,GPT GROUP,-,GPT AU,-,,"1,109,498","$5,369,971",0.36%,
LISTED PROPERTY,-,-,-,-,CHARTER HALL GROUP,-,CHC AU,-,,"274,304","$5,263,903",0.35%,
LISTED PROPERTY,-,-,-,-,MIRVAC GROUP,-,MGR AU,-,,"2,283,664","$5,024,060",0.34%,
LISTED PROPERTY,-,-,-,-,DEXUS,-,DXS AU,-,,"625,773","$4,161,393",0.28%,
LISTED PROPERTY,-,-,-,-,NATIONAL STORAGE REIT,-,NSR AU,-,,"739,415","$1,700,655",0.11%,
LISTED PROPERTY,-,-,-,-,LENDLEASE CORP. LTD.,-,LLC AU,-,,"301,729","$1,623,305",0.11%,
LISTED PROPERTY,-,-,-,-,CHARTER HALL LONG WALE REIT,-,CLW AU,-,,"391,050","$1,595,486",0.11%,
LISTED PROPERTY,-,-,-,-,REGION GROUP,-,RGN AU,-,,"689,384","$1,516,644",0.10%,
LISTED PROPERTY,-,-,-,-,CHARTER HALL RETAIL REIT,-,CQR AU,-,,"319,486","$1,226,825",0.08%,
LISTED PROPERTY,-,-,-,-,HOMECO DAILY NEEDS REIT,-,HDN AU,-,,"960,511","$1,205,441",0.08%,
LISTED PROPERTY,-,-,-,-,BWP TRUST,-,BWP AU,-,,"330,677","$1,163,985",0.08%,
LISTED PROPERTY,-,-,-,-,INGENIA COMMUNITIES GROUP,-,INA AU,-,,"208,517","$1,140,589",0.08%,
LISTED PROPERTY,-,-,-,-,WAYPOINT REIT LTD.,-,WPR AU,-,,"446,621","$1,098,689",0.07%,
LISTED PROPERTY,-,-,-,-,CENTURIA INDUSTRIAL REIT,-,CIP AU,-,,"297,672","$928,738",0.06%,
LISTED PROPERTY,-,-,-,-,ARENA REIT,-,ARF AU,-,,"238,128","$883,455",0.06%,
LISTED PROPERTY,-,-,-,-,HMC CAPITAL LTD.,-,HMC AU,-,,"171,083","$872,526",0.06%,
LISTED PROPERTY,-,-,-,-,DIGICO INFRASTRUCTURE REIT,-,DGT AU,-,,"244,276","$820,767",0.06%,
LISTED PROPERTY,-,-,-,-,CENTURIA CAPITAL GROUP,-,CNI AU,-,,"393,413","$662,901",0.04%,
LISTED PROPERTY,-,-,-,-,ABACUS STORAGE KING,-,ASK AU,-,,"360,563","$553,464",0.04%,
LISTED PROPERTY,-,-,-,-,CHARTER HALL SOCIAL INFRASTRUCTURE REIT,-,CQE AU,-,,"177,740","$513,667",0.03%,
LISTED PROPERTY,-,-,-,-,RURAL FUNDS TRUST,-,RFF AU,-,,"242,007","$425,932",0.03%,
LISTED PROPERTY,-,-,-,-,CROMWELL PROPERTY GROUP,-,CMW AU,-,,"1,217,129","$413,824",0.03%,
LISTED PROPERTY,-,-,-,-,DEXUS INDUSTRIA REIT,-,DXI AU,-,,"148,283","$403,331",0.03%,
LISTED PROPERTY,-,-,-,-,GROWTHPOINT PROPERTIES AUSTRALIA LTD.,-,GOZ AU,-,,"133,997","$312,213",0.02%,
LISTED PROPERTY,-,-,-,-,ABACUS GROUP,-,ABG AU,-,,"277,210","$310,475",0.02%,
LISTED PROPERTY,-,-,-,-,DEXUS CONVENIENCE RETAIL REIT,-,DXC AU,-,,"73,674","$223,970",0.02%,
LISTED PROPERTY,-,-,-,-,CENTURIA OFFICE REIT,-,COF AU,-,,"196,950","$221,569",0.01%,
LISTED PROPERTY,-,-,-,-,HEALTHCO REIT,-,HCW AU,-,,"187,764","$138,006",0.01%,
LISTED PROPERTY,-,-,-,-,GDI PROPERTY GROUP PARTNERSHIP,-,GDI AU,-,,"209,244","$134,962",0.01%,
SUB TOTAL LISTED PROPERTY,,,,,,,,,,,"$103,632,937",6.96%,
SUB TOTAL UNLISTED PROPERTY INTERNALLY,,,,,,,,,,,$0,0.00%,
SUB TOTAL UNLISTED PROPERTY EXTERNALLY,,,,,,,,,,,$0,0.00%,
LISTED INFRASTRUCTURE,-,-,-,-,TRANSURBAN GROUP,-,TCL AU,-,,"1,789,747","$25,020,664",1.68%,
LISTED INFRASTRUCTURE,-,-,-,-,APA GROUP,-,APA AU,-,,"756,229","$6,178,393",0.42%,
LISTED INFRASTRUCTURE,-,-,-,-,ATLAS ARTERIA LTD.,-,ALX AU,-,,"622,991","$3,171,026",0.21%,
SUB TOTAL LISTED INFRASTRUCTURE,,,,,,,,,,,"$34,370,083",2.31%,
SUB TOTAL UNLISTED INFRASTRUCTURE INTERNALLY,,,,,,,,,,,$0,0.00%,
SUB TOTAL UNLISTED INFRASTRUCTURE EXTERNALLY,,,,,,,,,,,$0,0.00%,
SUB TOTAL LISTED ALTERNATIVES,,,,,,,,,,,$0,0.00%,
SUB TOTAL UNLISTED ALTERNATIVES INTERNALLY,,,,,,,,,,,$0,0.00%,
SUB TOTAL UNLISTED ALTERNATIVES EXTERNALLY,,,,,,,,,,,$0,0.00%,
TOTAL INVESTMENT ITEMS,,,,,,,,,,,"$1,488,564,420",100.00%,
,,,,,,,,,,,,,
,,,,,,,,,,,,,
PHD SCHEDULE 8D TABLE 2 - PORTFOLIO HOLDINGS INFORMATION FOR INVESTMENT OPTION [AWAREACCAEQU] - DERIVATIVES - 2025-06-30,,,,,,,,,,,,,
KIND OF DERIVATIVE,VALUE,WEIGHTING,,,,,,,,,,,
SWAPS,$0.00,0.00%,,,,,,,,,,,
FORWARDS,$0.00,0.00%,,,,,,,,,,,
FUTURES,"$30,588.00",0.00%,,,,,,,,,,,
OPTIONS,$0.00,0.00%,,,,,,,,,,,
OTHERS,$0.00,0.00%,,,,,,,,,,,
TOTAL,"$30,588.00",0.00%,,,,,,,,,,,
,,,,,,,,,,,,,
,,,,,,,,,,,,,
PHD SCHEDULE 8D TABLE 3 - PORTFOLIO HOLDINGS INFORMATION FOR INVESTMENT OPTION [AWAREACCAEQU] - DERIVATIVES BY ASSET CLASS - 2025-06-30,,,,,,,,,,,,,
ASSET CLASS,ACTUAL ASSET ALLOCATION (% OF ASSETS (INCLUDING DERIVATIVES) IN THE INVESTMENT OPTION),EFFECT OF DERIVATIVES EXPOSURE (% OF ASSETS (INCLUDING DERIVATIVES) IN THE INVESTMENT OPTION),,,,,,,,,,,
CASH,0%,-1%,,,,,,,,,,,
FIXED INCOME,1%,0%,,,,,,,,,,,
EQUITIES,90%,+1%,,,,,,,,,,,
PROPERTY,7%,0%,,,,,,,,,,,
INFRASTRUCTURE,2%,0%,,,,,,,,,,,
ALTERNATIVES,0%,0%,,,,,,,,,,,
TOTAL,100%,,,,,,,,,,,,
,,,,,,,,,,,,,
,,,,,,,,,,,,,
PHD SCHEDULE 8D TABLE 4 - PORTFOLIO HOLDINGS INFORMATION FOR INVESTMENT OPTION [AWAREACCAEQU] - DERIVATIVES BY CURRENCY - 2025-06-30,,,,,,,,,,,,,
CURRENCY EXPOSURE,ACTUAL CURRENCY EXPOSURE (% OF ASSETS (INCLUDING DERIVATIVES) IN THE INVESTMENT OPTION),EFFECT OF DERIVATIVES EXPOSURE (% OF ASSETS (INCLUDING DERIVATIVES) IN THE INVESTMENT OPTION),,,,,,,,,,,
AUD,100%,0%,,,,,,,,,,,
USD,0%,0%,,,,,,,,,,,
CURRENCIES OF OTHER DEVELOPED MARKETS,0%,0%,,,,,,,,,,,
CURRENCIES OF EMERGING MARKETS,0%,0%,,,,,,,,,,,
,,,,,,,,,,,,,
,,,,,,,,,,,,,
,,,,,,,,,,,,,
,,,,,,,,,,,,,
,,,,,,,,,,,,,
,,,,,,,,,,,,,
,,,,,,,,,,,,,
,,,,,,,,,,,,,
,,,,,,,,,,,,,
,,,,,,,,,,,,,
,,,,,,,,,,,,,
,,,,,,,,,,,,,
,,,,,,,,,,,,,
,,,,,,,,,,,,,
,,,,,,,,,,,,,
