PHD SCHEDULE 8D TABLE 1 - PORTFOLIO HOLDINGS INFORMATION FOR INVESTMENT OPTION [AWAREACCHGSC] - ASSETS - 2025-06-30,,,,,,,,,,,,,
ASSET CLASS,INTERNALLY MANAGED OR EXTERNALLY MANAGED,NAME OF INSTITUTION,NAME OF ISSUER / COUNTERPARTY,NAME OF FUND MANAGER,NAME / KIND OF INVESTMENT ITEM,CURRENCY,SECURITY IDENTIFIER,ADDRESS,% OWNERSHIP / PROPERTY HELD,UNITS HELD,VALUE(AUD),WEIGHTING(%),
CASH,-,COMMONWEALTH BANK OF AUSTRALIA,-,-,-,AUD,-,-,,,"$7,384,243",0.79%,
CASH,-,NATIONAL AUSTRALIA BANK LIMITED,-,-,-,AUD,-,-,,,"$3,747,406",0.40%,
CASH,-,STATE STREET BANK AND TRUST,-,-,-,USD,-,-,,,"$1,753,856",0.19%,
CASH,-,STATE STREET BANK AND TRUST,-,-,-,AUD,-,-,,,"$1,724,138",0.18%,
CASH,-,MUFG BANK LTD.,-,-,-,USD,-,-,,,"$422,255",0.05%,
CASH,-,MORGAN STANLEY,-,-,-,AUD,-,-,,,"$191,782",0.02%,
CASH,-,AUSTRALIA AND NEW ZEALAND BANKING GROUP LIMITED,-,-,-,AUD,-,-,,,"$169,740",0.02%,
CASH,-,STATE STREET BANK AND TRUST,-,-,-,JPY,-,-,,,"$157,014",0.02%,
CASH,-,STATE STREET BANK AND TRUST,-,-,-,NZD,-,-,,,"$86,699",0.01%,
CASH,-,STATE STREET BANK AND TRUST,-,-,-,GBP,-,-,,,"$74,370",0.01%,
CASH,-,STATE STREET BANK AND TRUST,-,-,-,HKD,-,-,,,"$64,489",0.01%,
CASH,-,"CITIGROUP, INC.",-,-,-,EUR,-,-,,,"$59,237",0.01%,
CASH,-,STATE STREET BANK AND TRUST,-,-,-,CAD,-,-,,,"$52,612",0.01%,
CASH,-,J.P. MORGAN SECURITIES LLC,-,-,-,USD,-,-,,,"$46,650",0.00%,
CASH,-,"CITIGROUP, INC.",-,-,-,GBP,-,-,,,"$38,392",0.00%,
CASH,-,"CITIGROUP, INC.",-,-,-,USD,-,-,,,"$37,778",0.00%,
CASH,-,STATE STREET BANK AND TRUST,-,-,-,EUR,-,-,,,"$33,966",0.00%,
CASH,-,JPMORGAN CHASE & CO,-,-,-,USD,-,-,,,"$33,580",0.00%,
CASH,-,STATE STREET BANK AND TRUST,-,-,-,SGD,-,-,,,"$30,512",0.00%,
CASH,-,STATE STREET BANK AND TRUST,-,-,-,DKK,-,-,,,"$29,615",0.00%,
CASH,-,STATE STREET BANK AND TRUST,-,-,-,NOK,-,-,,,"$25,710",0.00%,
CASH,-,STATE STREET BANK AND TRUST,-,-,-,SEK,-,-,,,"$14,978",0.00%,
CASH,-,STATE STREET BANK AND TRUST,-,-,-,CHF,-,-,,,"$10,925",0.00%,
CASH,-,"CITIGROUP, INC.",-,-,-,JPY,-,-,,,"$7,002",0.00%,
CASH,-,STATE STREET BANK AND TRUST,-,-,-,ILS,-,-,,,"$3,956",0.00%,
CASH,-,MORGAN STANLEY,-,-,-,EUR,-,-,,,"$2,766",0.00%,
CASH,-,MORGAN STANLEY,-,-,-,CAD,-,-,,,"$1,481",0.00%,
CASH,-,UBS AG,-,-,-,AUD,-,-,,,$5,0.00%,
CASH,-,"BANK OF AMERICA, N.A.",-,-,-,USD,-,-,,,"-$2,891",0.00%,
CASH,-,MORGAN STANLEY,-,-,-,GBP,-,-,,,"-$6,358",0.00%,
CASH,-,"WELLS FARGO BANK, N.A.",-,-,-,USD,-,-,,,"-$15,375",0.00%,
CASH,-,WESTPAC BANKING CORPORATION,-,-,-,USD,-,-,,,"-$18,529",0.00%,
CASH,-,BARCLAYS BANK PLC,-,-,-,USD,-,-,,,"-$23,391",0.00%,
CASH,-,"CITIGROUP, INC.",-,-,-,AUD,-,-,,,"-$74,262",-0.01%,
SUB TOTAL CASH,,,,,,,,,,,"$16,064,351",1.72%,
FIXED INCOME,INTERNALLY,-,WESTPAC BANKING CORPORATION,-,-,-,-,-,,,"$16,628,522",1.78%,
FIXED INCOME,INTERNALLY,-,AUSTRALIA AND NEW ZEALAND BANKING GROUP LIMITED,-,-,-,-,-,,,"$4,526,903",0.48%,
FIXED INCOME,INTERNALLY,-,COMMONWEALTH BANK OF AUSTRALIA,-,-,-,-,-,,,"$3,105,193",0.33%,
FIXED INCOME,INTERNALLY,-,UNITED STATES TREASURY,-,-,-,-,-,,,"$2,083,926",0.22%,
FIXED INCOME,INTERNALLY,-,NATIONAL AUSTRALIA BANK LIMITED,-,-,-,-,-,,,"$1,258,053",0.13%,
FIXED INCOME,INTERNALLY,-,STANDARD CHARTERED BANK,-,-,-,-,-,,,"$1,170,014",0.13%,
FIXED INCOME,INTERNALLY,-,CANADIAN IMPERIAL BANK OF COMMERCE,-,-,-,-,-,,,"$1,057,242",0.11%,
FIXED INCOME,INTERNALLY,-,NBN CO. LTD.,-,-,-,-,-,,,"$962,442",0.10%,
FIXED INCOME,INTERNALLY,-,UNITED OVERSEAS BANK LTD.,-,-,-,-,-,,,"$782,057",0.08%,
FIXED INCOME,INTERNALLY,-,COOPERATIEVE RABOBANK UA,-,-,-,-,-,,,"$704,521",0.08%,
FIXED INCOME,INTERNALLY,-,OVERSEA-CHINESE BANKING CORP. LTD.,-,-,-,-,-,,,"$578,606",0.06%,
FIXED INCOME,INTERNALLY,-,CREDIT AGRICOLE CORPORATE & INVESTMENT BANK,-,-,-,-,-,,,"$573,378",0.06%,
FIXED INCOME,INTERNALLY,-,BENDIGO & ADELAIDE BANK LTD.,-,-,-,-,-,,,"$521,000",0.06%,
FIXED INCOME,INTERNALLY,-,SUMITOMO MITSUI BANKING CORP.,-,-,-,-,-,,,"$484,628",0.05%,
FIXED INCOME,INTERNALLY,-,LENDLEASE FINANCE LTD.,-,-,-,-,-,,,"$441,051",0.05%,
FIXED INCOME,INTERNALLY,-,MIZUHO BANK LTD.,-,-,-,-,-,,,"$391,130",0.04%,
FIXED INCOME,INTERNALLY,-,THE BANK OF NOVA SCOTIA,-,-,-,-,-,,,"$384,000",0.04%,
FIXED INCOME,INTERNALLY,-,DBS BANK LTD.,-,-,-,-,-,,,"$383,050",0.04%,
FIXED INCOME,INTERNALLY,-,KIWIBANK LTD.,-,-,-,-,-,,,"$101,151",0.01%,
FIXED INCOME,INTERNALLY,-,BANK OF QUEENSLAND LTD.,-,-,-,-,-,,,"$87,856",0.01%,
FIXED INCOME,INTERNALLY,-,NORFINA LTD.,-,-,-,-,-,,,"$62,055",0.01%,
FIXED INCOME,INTERNALLY,-,SCT LOGISTICS,-,-,-,-,-,,,"$51,085",0.01%,
FIXED INCOME,INTERNALLY,-,TORONTO-DOMINION BANK,-,-,-,-,-,,,"$38,820",0.00%,
FIXED INCOME,INTERNALLY,-,SCENTRE GROUP TRUST 1,-,-,-,-,-,,,"$28,176",0.00%,
FIXED INCOME,INTERNALLY,-,VOLKSWAGEN FINANCIAL SERVICES AUSTRALIA PTY LTD,-,-,-,-,-,,,"$20,965",0.00%,
FIXED INCOME,INTERNALLY,-,SCENTRE GROUP TRUST 2,-,-,-,-,-,,,"$18,695",0.00%,
FIXED INCOME,INTERNALLY,-,UBS AG,-,-,-,-,-,,,"$13,589",0.00%,
SUB TOTAL FIXED INCOME INTERNALLY,,,,,,,,,,,"$36,458,108.00",3.93%,
FIXED INCOME (PRIVATE DEBT),INTERNALLY,-,ANCORA BIDCO B PTY LTD,-,-,-,-,-,,,,,
FIXED INCOME (PRIVATE DEBT),INTERNALLY,-,ANDANTE FINANCE COMPANY PTY LIMITED,-,-,-,-,-,,,,,
FIXED INCOME (PRIVATE DEBT),INTERNALLY,-,APOG BIDCO PTY LTD,-,-,-,-,-,,,,,
FIXED INCOME (PRIVATE DEBT),INTERNALLY,-,AUSTRALIAN SALES FINANCE AND CREDIT CARDS TRUST NO. 3,-,-,-,-,-,,,,,
FIXED INCOME (PRIVATE DEBT),INTERNALLY,-,BLANALKO PTY LTD AS TRUSTEE FOR THE BLANALKO SCT PROPERTY TRUST,-,-,-,-,-,,,,,
FIXED INCOME (PRIVATE DEBT),INTERNALLY,-,CIRRUS HOLDINGS 2 PTY LTD,-,-,-,-,-,,,,,
FIXED INCOME (PRIVATE DEBT),INTERNALLY,-,CREDABL WAREHOUSE TRUST NO.1,-,-,-,-,-,,,,,
FIXED INCOME (PRIVATE DEBT),INTERNALLY,-,CREDABL WAREHOUSE TRUST NO.2,-,-,-,-,-,,,,,
FIXED INCOME (PRIVATE DEBT),INTERNALLY,-,CX BIDCO PTY LTD,-,-,-,-,-,,,,,
FIXED INCOME (PRIVATE DEBT),INTERNALLY,-,DBG CONSOLIDATED HOLDINGS PTY LTD,-,-,-,-,-,,,,,
FIXED INCOME (PRIVATE DEBT),INTERNALLY,-,DEVICE TECHNOLOGIES AUSTRALIA PTY LTD,-,-,-,-,-,,,,,
FIXED INCOME (PRIVATE DEBT),INTERNALLY,-,ENWERD PTY LTD AS TRUSTEE FOR THE N & W WERDIGER FAMILY TRUST,-,-,-,-,-,,,,,
FIXED INCOME (PRIVATE DEBT),INTERNALLY,-,FP TURBO WAREHOUSE TRUST 2021-1,-,-,-,-,-,,,,,
FIXED INCOME (PRIVATE DEBT),INTERNALLY,-,HARRIS FARM MARKETS FINANCE PTY LTD,-,-,-,-,-,,,,,
FIXED INCOME (PRIVATE DEBT),INTERNALLY,-,HIREPOOL FINANCE LIMITED,-,-,-,-,-,,,,,
FIXED INCOME (PRIVATE DEBT),INTERNALLY,-,JAYBRO GROUP,-,-,-,-,-,,,,,
FIXED INCOME (PRIVATE DEBT),INTERNALLY,-,JNZ FINCO LIMITED,-,-,-,-,-,,,,,
FIXED INCOME (PRIVATE DEBT),INTERNALLY,-,KINETIC HOLDING COMPANY PTY LTD,-,-,-,-,-,,,,,
FIXED INCOME (PRIVATE DEBT),INTERNALLY,-,KINETIC NZ HOLDINGS LIMITED,-,-,-,-,-,,,,,
FIXED INCOME (PRIVATE DEBT),INTERNALLY,-,LEGAL SOFTWARE PTY LTD,-,-,-,-,-,,,,,
FIXED INCOME (PRIVATE DEBT),INTERNALLY,-,METRO FINANCE PTY LTD,-,-,-,-,-,,,,,
FIXED INCOME (PRIVATE DEBT),INTERNALLY,-,MOTORONE BIDCO PTY LTD,-,-,-,-,-,,,,,
FIXED INCOME (PRIVATE DEBT),INTERNALLY,-,NEWCOLD FINANCING PTY LTD,-,-,-,-,-,,,,,
FIXED INCOME (PRIVATE DEBT),INTERNALLY,-,NZ HEALTHCARE INVESTMENTS LIMITED,-,-,-,-,-,,,,,
FIXED INCOME (PRIVATE DEBT),INTERNALLY,-,PAGAC CHICKEN TENDERS HOLDINGS I PTY LTD,-,-,-,-,-,,,,,
FIXED INCOME (PRIVATE DEBT),INTERNALLY,-,PEPPER MONEY LIMITED,-,-,-,-,-,,,,,
FIXED INCOME (PRIVATE DEBT),INTERNALLY,-,PIRANHA BIDCO PTY LTD,-,-,-,-,-,,,,,
FIXED INCOME (PRIVATE DEBT),INTERNALLY,-,PLENTI FINANCE PTY LTD,-,-,-,-,-,,,,,
FIXED INCOME (PRIVATE DEBT),INTERNALLY,-,ROME NZ BIDCO LIMITED (RITCHIES TRANSPORT HOLDINGS LTD),-,-,-,-,-,,,,,
FIXED INCOME (PRIVATE DEBT),INTERNALLY,-,TEEG BIDCO PTY LTD,-,-,-,-,-,,,,,
FIXED INCOME (PRIVATE DEBT),INTERNALLY,-,VELOCITY FREQUENT FLYER PTY LTD,-,-,-,-,-,,,,,
FIXED INCOME (PRIVATE DEBT),INTERNALLY,-,VESTONE CAPITAL PTY LIMITED,-,-,-,-,-,,,,,
FIXED INCOME (PRIVATE DEBT),INTERNALLY,-,VISY PACKAGING PROPERTIES PTY LTD,-,-,-,-,-,,,,,
FIXED INCOME (PRIVATE DEBT),INTERNALLY,-,YHA PTY LTD,-,-,-,-,-,,,,,
FIXED INCOME (PRIVATE DEBT),INTERNALLY,-,ZEUSS CHILDCARE III PTY LTD,-,-,-,-,-,,,,,
SUB TOTAL FIXED INCOME (PRIVATE DEBT) INTERNALLY,,,,,,,,,,,"$15,189,941.00",1.64%,
FIXED INCOME,EXTERNALLY,-,-,PACIFIC INVESTMENT MANAGEMENT COMPANY LLC,-,-,-,-,,,"$6,328,445",0.68%,
FIXED INCOME,EXTERNALLY,-,-,"BAIN CAPITAL CREDIT, LP",-,-,-,-,,,"$3,715,139",0.40%,
SUB TOTAL FIXED INCOME EXTERNALLY,,,,,,,,,,,"$10,043,584",1.07%,
LISTED EQUITY,-,-,-,-,COMMONWEALTH BANK OF AUSTRALIA,-,CBA AU,-,,"158,751","$29,329,263",3.14%,
LISTED EQUITY,-,-,-,-,NVIDIA CORP.,-,NVDA US,-,,"95,957","$23,133,243",2.47%,
LISTED EQUITY,-,-,-,-,MICROSOFT CORP.,-,MSFT US,-,,"26,715","$20,276,979",2.17%,
LISTED EQUITY,-,-,-,-,"APPLE, INC.",-,AAPL US,-,,"60,312","$18,881,895",2.02%,
LISTED EQUITY,-,-,-,-,WESTPAC BANKING CORP.,-,WBC AU,-,,"430,972","$14,592,705",1.56%,
LISTED EQUITY,-,-,-,-,CSL LTD.,-,CSL AU,-,,"54,097","$12,955,186",1.39%,
LISTED EQUITY,-,-,-,-,"AMAZON.COM, INC.",-,AMZN US,-,,"36,171","$12,108,823",1.30%,
LISTED EQUITY,-,-,-,-,"ALPHABET, INC.",-,GOOGL US,-,,"33,965","$9,133,673",0.98%,
LISTED EQUITY,-,-,-,-,NATIONAL AUSTRALIA BANK LTD.,-,NAB AU,-,,"229,782","$9,044,205",0.97%,
LISTED EQUITY,-,-,-,-,COLES GROUP LTD.,-,COL AU,-,,"425,689","$8,871,354",0.95%,
LISTED EQUITY,-,-,-,-,"BROADCOM, INC.",-,AVGO US,-,,"17,002","$7,151,256",0.76%,
LISTED EQUITY,-,-,-,-,BRAMBLES LTD.,-,BXB AU,-,,"295,769","$6,926,924",0.74%,
LISTED EQUITY,-,-,-,-,ANZ GROUP HOLDINGS LTD.,-,ANZ AU,-,,"237,405","$6,922,732",0.74%,
LISTED EQUITY,-,-,-,-,WESFARMERS LTD.,-,WES AU,-,,"75,074","$6,362,472",0.68%,
LISTED EQUITY,-,-,-,-,"NETFLIX, INC.",-,NFLX US,-,,"2,996","$6,123,225",0.65%,
LISTED EQUITY,-,-,-,-,"VISA, INC.",-,V US,-,,"11,073","$5,999,305",0.64%,
LISTED EQUITY,-,-,-,-,"META PLATFORMS, INC.",-,META US,-,,"5,035","$5,671,063",0.61%,
LISTED EQUITY,-,-,-,-,FORTESCUE LTD.,-,FMG AU,-,,"331,279","$5,061,940",0.54%,
LISTED EQUITY,-,-,-,-,SUNCORP GROUP LTD.,-,SUN AU,-,,"224,100","$4,842,800",0.52%,
LISTED EQUITY,-,-,-,-,QBE INSURANCE GROUP LTD.,-,QBE AU,-,,"205,806","$4,813,799",0.51%,
LISTED EQUITY,-,-,-,-,TELSTRA GROUP LTD.,-,TLS AU,-,,"985,726","$4,770,917",0.51%,
LISTED EQUITY,-,-,-,-,MACQUARIE GROUP LTD.,-,MQG AU,-,,"19,720","$4,510,511",0.48%,
LISTED EQUITY,-,-,-,-,ELI LILLY & CO.,-,LLY US,-,,"3,764","$4,477,315",0.48%,
LISTED EQUITY,-,-,-,-,TECHNOLOGY ONE LTD.,-,TNE AU,-,,"105,228","$4,315,415",0.46%,
LISTED EQUITY,-,-,-,-,INSURANCE AUSTRALIA GROUP LTD.,-,IAG AU,-,,"472,762","$4,269,044",0.46%,
LISTED EQUITY,-,-,-,-,SANDFIRE RESOURCES LTD.,-,SFR AU,-,,"378,519","$4,246,988",0.45%,
LISTED EQUITY,-,-,-,-,JPMORGAN CHASE & CO.,-,JPM US,-,,"9,573","$4,235,013",0.45%,
LISTED EQUITY,-,-,-,-,"MASTERCARD, INC.",-,MA US,-,,"4,368","$3,745,626",0.40%,
LISTED EQUITY,-,-,-,-,XERO LTD.,-,XRO AU,-,,"20,621","$3,707,622",0.40%,
LISTED EQUITY,-,-,-,-,"ALPHABET, INC.",-,GOOG US,-,,"13,592","$3,679,008",0.39%,
LISTED EQUITY,-,-,-,-,ASML HOLDING NV,-,ASML NA,-,,"2,858","$3,468,296",0.37%,
LISTED EQUITY,-,-,-,-,PRO MEDICUS LTD.,-,PME AU,-,,"11,974","$3,413,515",0.37%,
LISTED EQUITY,-,-,-,-,"RESMED, INC.",-,RMD AU,-,,"84,980","$3,343,965",0.36%,
LISTED EQUITY,-,-,-,-,JB HI-FI LTD.,-,JBH AU,-,,"28,889","$3,187,898",0.34%,
LISTED EQUITY,-,-,-,-,QANTAS AIRWAYS LTD.,-,QAN AU,-,,"290,146","$3,116,170",0.33%,
LISTED EQUITY,-,-,-,-,"HOME DEPOT, INC.",-,HD US,-,,"5,551","$3,105,111",0.33%,
LISTED EQUITY,-,-,-,-,BANK OF AMERICA CORP.,-,BAC US,-,,"42,612","$3,076,844",0.33%,
LISTED EQUITY,-,-,-,-,WALT DISNEY CO.,-,DIS US,-,,"15,789","$2,987,736",0.32%,
LISTED EQUITY,-,-,-,-,IGO LTD.,-,IGO AU,-,,"691,979","$2,885,552",0.31%,
LISTED EQUITY,-,-,-,-,PERSEUS MINING LTD.,-,PRU AU,-,,"839,638","$2,854,771",0.31%,
LISTED EQUITY,-,-,-,-,"VERIZON COMMUNICATIONS, INC.",-,VZ US,-,,"40,390","$2,666,753",0.29%,
LISTED EQUITY,-,-,-,-,CAPITAL ONE FINANCIAL CORP.,-,COF US,-,,"8,016","$2,602,304",0.28%,
LISTED EQUITY,-,-,-,-,MEDIBANK PVT LTD.,-,MPL AU,-,,"476,301","$2,405,320",0.26%,
LISTED EQUITY,-,-,-,-,EVOLUTION MINING LTD.,-,EVN AU,-,,"308,576","$2,403,810",0.26%,
LISTED EQUITY,-,-,-,-,"IDEXX LABORATORIES, INC.",-,IDXX US,-,,"2,934","$2,400,642",0.26%,
LISTED EQUITY,-,-,-,-,REA GROUP LTD.,-,REA AU,-,,"9,922","$2,386,066",0.26%,
LISTED EQUITY,-,-,-,-,DEUTSCHE TELEKOM AG,-,DTE GR,-,,"42,921","$2,380,896",0.25%,
LISTED EQUITY,-,-,-,-,NOVARTIS AG,-,NOVN SW,-,,"12,908","$2,379,719",0.25%,
LISTED EQUITY,-,-,-,-,HITACHI LTD.,-,6501 JP,-,,"52,082","$2,313,534",0.25%,
LISTED EQUITY,-,-,-,-,FISHER & PAYKEL HEALTHCARE CORP. LTD.,-,FPH AU,-,,"68,686","$2,309,917",0.25%,
LISTED EQUITY,-,-,-,-,DETERRA ROYALTIES LTD.,-,DRR AU,-,,"612,507","$2,303,025",0.25%,
LISTED EQUITY,-,-,-,-,WOOLWORTHS GROUP LTD.,-,WOW AU,-,,"73,052","$2,272,655",0.24%,
LISTED EQUITY,-,-,-,-,"F5, INC.",-,FFIV US,-,,"4,976","$2,234,769",0.24%,
LISTED EQUITY,-,-,-,-,SAP SE,-,SAP GR,-,,"4,796","$2,217,706",0.24%,
LISTED EQUITY,-,-,-,-,"SUMITOMO MITSUI FINANCIAL GROUP, INC.",-,8316 JP,-,,"56,957","$2,186,544",0.23%,
LISTED EQUITY,-,-,-,-,"MSCI, INC.",-,MSCI US,-,,"2,416","$2,125,987",0.23%,
LISTED EQUITY,-,-,-,-,"SALESFORCE, INC.",-,CRM US,-,,"5,061","$2,106,014",0.23%,
LISTED EQUITY,-,-,-,-,PRYSMIAN SPA,-,PRY IM,-,,"19,431","$2,089,683",0.22%,
LISTED EQUITY,-,-,-,-,"ABBVIE, INC.",-,ABBV US,-,,"7,288","$2,064,240",0.22%,
LISTED EQUITY,-,-,-,-,CHALLENGER LTD.,-,CGF AU,-,,"254,974","$2,060,189",0.22%,
LISTED EQUITY,-,-,-,-,AMCOR PLC,-,AMC AU,-,,"144,428","$2,050,875",0.22%,
LISTED EQUITY,-,-,-,-,"TJX COS., INC.",-,TJX US,-,,"10,876","$2,049,402",0.22%,
LISTED EQUITY,-,-,-,-,NORTHERN STAR RESOURCES LTD.,-,NST AU,-,,"109,963","$2,039,806",0.22%,
LISTED EQUITY,-,-,-,-,UNICREDIT SPA,-,UCG IM,-,,"19,556","$1,993,412",0.21%,
LISTED EQUITY,-,-,-,-,TRANE TECHNOLOGIES PLC,-,TT US,-,,"2,915","$1,945,584",0.21%,
LISTED EQUITY,-,-,-,-,BOSTON SCIENTIFIC CORP.,-,BSX US,-,,"11,812","$1,936,061",0.21%,
LISTED EQUITY,-,-,-,-,"BOOKING HOLDINGS, INC.",-,BKNG US,-,,215,"$1,903,491",0.20%,
LISTED EQUITY,-,-,-,-,LAM RESEARCH CORP.,-,LRCX US,-,,"12,742","$1,892,624",0.20%,
LISTED EQUITY,-,-,-,-,"PALO ALTO NETWORKS, INC.",-,PANW US,-,,"5,899","$1,842,254",0.20%,
LISTED EQUITY,-,-,-,-,"QUALCOMM, INC.",-,QCOM US,-,,"7,382","$1,793,771",0.19%,
LISTED EQUITY,-,-,-,-,"ZOETIS, INC.",-,ZTS US,-,,"7,486","$1,781,467",0.19%,
LISTED EQUITY,-,-,-,-,"PFIZER, INC.",-,PFE US,-,,"48,069","$1,777,968",0.19%,
LISTED EQUITY,-,-,-,-,"GENERAL MILLS, INC.",-,GIS US,-,,"22,392","$1,770,282",0.19%,
LISTED EQUITY,-,-,-,-,ROCHE HOLDING AG,-,ROG SW,-,,"3,570","$1,768,474",0.19%,
LISTED EQUITY,-,-,-,-,AIA GROUP LTD.,-,1299 HK,-,,"128,775","$1,762,213",0.19%,
LISTED EQUITY,-,-,-,-,INTESA SANPAOLO SPA,-,ISP IM,-,,"200,766","$1,759,024",0.19%,
LISTED EQUITY,-,-,-,-,"CITIGROUP, INC.",-,C US,-,,"13,535","$1,757,959",0.19%,
LISTED EQUITY,-,-,-,-,"TRAVELERS COS., INC.",-,TRV US,-,,"4,303","$1,756,601",0.19%,
LISTED EQUITY,-,-,-,-,PROCTER & GAMBLE CO.,-,PG US,-,,"7,219","$1,754,984",0.19%,
LISTED EQUITY,-,-,-,-,FLEX LTD.,-,FLEX US,-,,"22,909","$1,745,026",0.19%,
LISTED EQUITY,-,-,-,-,ASTRAZENECA PLC,-,AZN LN,-,,"8,197","$1,734,525",0.19%,
LISTED EQUITY,-,-,-,-,AMP LTD.,-,AMP AU,-,,"1,345,777","$1,695,680",0.18%,
LISTED EQUITY,-,-,-,-,SIMS LTD.,-,SGM AU,-,,"109,822","$1,684,664",0.18%,
LISTED EQUITY,-,-,-,-,COLGATE-PALMOLIVE CO.,-,CL US,-,,"11,915","$1,652,604",0.18%,
LISTED EQUITY,-,-,-,-,CINTAS CORP.,-,CTAS US,-,,"4,852","$1,649,985",0.18%,
LISTED EQUITY,-,-,-,-,"HUDBAY MINERALS, INC.",-,HBM CN,-,,"101,850","$1,645,817",0.18%,
LISTED EQUITY,-,-,-,-,REGIS RESOURCES LTD.,-,RRL AU,-,,"373,613","$1,640,161",0.18%,
LISTED EQUITY,-,-,-,-,ALS LTD.,-,ALQ AU,-,,"95,905","$1,639,969",0.18%,
LISTED EQUITY,-,-,-,-,SCHNEIDER ELECTRIC SE,-,SU FP,-,,"4,018","$1,625,143",0.17%,
LISTED EQUITY,-,-,-,-,BANCO BILBAO VIZCAYA ARGENTARIA SA,-,BBVA SM,-,,"69,430","$1,623,543",0.17%,
LISTED EQUITY,-,-,-,-,GEBERIT AG,-,GEBN SW,-,,"1,328","$1,588,360",0.17%,
LISTED EQUITY,-,-,-,-,SINGAPORE EXCHANGE LTD.,-,SGX SP,-,,"89,059","$1,587,660",0.17%,
LISTED EQUITY,-,-,-,-,"ELECTRONIC ARTS, INC.",-,EA US,-,,"6,463","$1,574,899",0.17%,
LISTED EQUITY,-,-,-,-,ABBOTT LABORATORIES,-,ABT US,-,,"7,491","$1,554,678",0.17%,
LISTED EQUITY,-,-,-,-,COMPUTERSHARE LTD.,-,CPU AU,-,,"38,601","$1,539,794",0.16%,
LISTED EQUITY,-,-,-,-,AMERICAN EXPRESS CO.,-,AXP US,-,,"3,140","$1,528,252",0.16%,
LISTED EQUITY,-,-,-,-,NETWEALTH GROUP LTD.,-,NWL AU,-,,"45,422","$1,525,739",0.16%,
LISTED EQUITY,-,-,-,-,NOVO NORDISK AS,-,NOVOB DC,-,,"14,434","$1,523,289",0.16%,
LISTED EQUITY,-,-,-,-,CHAMPION IRON LTD.,-,CIA AU,-,,"361,241","$1,506,375",0.16%,
LISTED EQUITY,-,-,-,-,CLEANAWAY WASTE MANAGEMENT LTD.,-,CWY AU,-,,"550,572","$1,497,556",0.16%,
LISTED EQUITY,-,-,-,-,"INTUIT, INC.",-,INTU US,-,,"1,242","$1,492,244",0.16%,
LISTED EQUITY,-,-,-,-,RAMSAY HEALTH CARE LTD.,-,RHC AU,-,,"40,366","$1,481,058",0.16%,
LISTED EQUITY,-,-,-,-,ALCOA CORP.,-,AAI AU,-,,"32,836","$1,477,649",0.16%,
LISTED EQUITY,-,-,-,-,RAMELIUS RESOURCES LTD.,-,RMS AU,-,,"584,711","$1,473,472",0.16%,
LISTED EQUITY,-,-,-,-,CODAN LTD.,-,CDA AU,-,,"71,935","$1,446,608",0.15%,
LISTED EQUITY,-,-,-,-,SONIC HEALTHCARE LTD.,-,SHL AU,-,,"53,984","$1,446,241",0.15%,
LISTED EQUITY,-,-,-,-,ILUKA RESOURCES LTD.,-,ILU AU,-,,"379,782","$1,443,173",0.15%,
LISTED EQUITY,-,-,-,-,MOODY'S CORP.,-,MCO US,-,,"1,864","$1,426,786",0.15%,
LISTED EQUITY,-,-,-,-,"EBAY, INC.",-,EBAY US,-,,"12,494","$1,419,495",0.15%,
LISTED EQUITY,-,-,-,-,RIDLEY CORP. LTD.,-,RIC AU,-,,"477,333","$1,403,360",0.15%,
LISTED EQUITY,-,-,-,-,DAITO TRUST CONSTRUCTION CO. LTD.,-,1878 JP,-,,"8,470","$1,402,536",0.15%,
LISTED EQUITY,-,-,-,-,BLUESCOPE STEEL LTD.,-,BSL AU,-,,"59,037","$1,364,335",0.15%,
LISTED EQUITY,-,-,-,-,"MERCK & CO., INC.",-,MRK US,-,,"11,210","$1,354,108",0.14%,
LISTED EQUITY,-,-,-,-,SEEK LTD.,-,SEK AU,-,,"55,381","$1,331,914",0.14%,
LISTED EQUITY,-,-,-,-,"METTLER-TOLEDO INTERNATIONAL, INC.",-,MTD US,-,,738,"$1,322,900",0.14%,
LISTED EQUITY,-,-,-,-,"VERISIGN, INC.",-,VRSN US,-,,"2,999","$1,321,392",0.14%,
LISTED EQUITY,-,-,-,-,NESTLE SA,-,NESN SW,-,,"8,741","$1,320,932",0.14%,
LISTED EQUITY,-,-,-,-,HUB24 LTD.,-,HUB AU,-,,"14,262","$1,271,767",0.14%,
LISTED EQUITY,-,-,-,-,"SERVICENOW, INC.",-,NOW US,-,,800,"$1,255,543",0.13%,
LISTED EQUITY,-,-,-,-,ASX LTD.,-,ASX AU,-,,"17,818","$1,242,988",0.13%,
LISTED EQUITY,-,-,-,-,VOLVO AB,-,VOLVB SS,-,,"28,914","$1,228,648",0.13%,
LISTED EQUITY,-,-,-,-,KONINKLIJKE AHOLD DELHAIZE NV,-,AD NA,-,,"19,228","$1,222,624",0.13%,
LISTED EQUITY,-,-,-,-,CHUBB LTD.,-,CB US,-,,"2,761","$1,220,875",0.13%,
LISTED EQUITY,-,-,-,-,CLOROX CO.,-,CLX US,-,,"6,623","$1,213,508",0.13%,
LISTED EQUITY,-,-,-,-,"EXPEDIA GROUP, INC.",-,EXPE US,-,,"4,694","$1,208,198",0.13%,
LISTED EQUITY,-,-,-,-,"ADVANCED MICRO DEVICES, INC.",-,AMD US,-,,"5,443","$1,178,624",0.13%,
LISTED EQUITY,-,-,-,-,NEWS CORP.,-,NWS AU,-,,"22,403","$1,162,721",0.12%,
LISTED EQUITY,-,-,-,-,NEC CORP.,-,6701 JP,-,,"26,003","$1,158,914",0.12%,
LISTED EQUITY,-,-,-,-,SERVICE STREAM LTD.,-,SSM AU,-,,"577,214","$1,145,770",0.12%,
LISTED EQUITY,-,-,-,-,ZURICH INSURANCE GROUP AG,-,ZURN SW,-,,"1,073","$1,140,341",0.12%,
LISTED EQUITY,-,-,-,-,"PNC FINANCIAL SERVICES GROUP, INC.",-,PNC US,-,,"4,000","$1,137,892",0.12%,
LISTED EQUITY,-,-,-,-,"AUTODESK, INC.",-,ADSK US,-,,"2,374","$1,121,181",0.12%,
LISTED EQUITY,-,-,-,-,"PAYPAL HOLDINGS, INC.",-,PYPL US,-,,"9,877","$1,120,057",0.12%,
LISTED EQUITY,-,-,-,-,"INTUITIVE SURGICAL, INC.",-,ISRG US,-,,"1,350","$1,119,277",0.12%,
LISTED EQUITY,-,-,-,-,WOLTERS KLUWER NV,-,WKL NA,-,,"4,387","$1,115,476",0.12%,
LISTED EQUITY,-,-,-,-,"NETAPP, INC.",-,NTAP US,-,,"6,847","$1,113,267",0.12%,
LISTED EQUITY,-,-,-,-,TOYOTA MOTOR CORP.,-,7203 JP,-,,"42,044","$1,107,262",0.12%,
LISTED EQUITY,-,-,-,-,SYNCHRONY FINANCIAL,-,SYF US,-,,"10,789","$1,098,698",0.12%,
LISTED EQUITY,-,-,-,-,"DELL TECHNOLOGIES, INC.",-,DELL US,-,,"5,787","$1,082,593",0.12%,
LISTED EQUITY,-,-,-,-,JOHNSON & JOHNSON,-,JNJ US,-,,"4,611","$1,074,756",0.11%,
LISTED EQUITY,-,-,-,-,ALLSTATE CORP.,-,ALL US,-,,"3,496","$1,073,846",0.11%,
LISTED EQUITY,-,-,-,-,FAIR ISAAC CORP.,-,FICO US,-,,380,"$1,060,735",0.11%,
LISTED EQUITY,-,-,-,-,"CENCORA, INC.",-,COR US,-,,"2,316","$1,059,822",0.11%,
LISTED EQUITY,-,-,-,-,"O'REILLY AUTOMOTIVE, INC.",-,ORLY US,-,,"7,672","$1,055,091",0.11%,
LISTED EQUITY,-,-,-,-,"SNAP-ON, INC.",-,SNA US,-,,"2,219","$1,053,748",0.11%,
LISTED EQUITY,-,-,-,-,BANK OF QUEENSLAND LTD.,-,BOQ AU,-,,"134,543","$1,046,744",0.11%,
LISTED EQUITY,-,-,-,-,MONSTER BEVERAGE CORP.,-,MNST US,-,,"10,797","$1,032,007",0.11%,
LISTED EQUITY,-,-,-,-,"CROWN HOLDINGS, INC.",-,CCK US,-,,"6,555","$1,030,090",0.11%,
LISTED EQUITY,-,-,-,-,"ARISTA NETWORKS, INC.",-,ANET US,-,,"6,549","$1,022,284",0.11%,
LISTED EQUITY,-,-,-,-,VINCI SA,-,DG FP,-,,"4,499","$1,008,085",0.11%,
LISTED EQUITY,-,-,-,-,RELX PLC,-,REL LN,-,,"12,070","$993,644",0.11%,
LISTED EQUITY,-,-,-,-,"AUTOMATIC DATA PROCESSING, INC.",-,ADP US,-,,"2,071","$974,515",0.10%,
LISTED EQUITY,-,-,-,-,BNP PARIBAS SA,-,BNP FP,-,,"7,102","$970,807",0.10%,
LISTED EQUITY,-,-,-,-,"RPM INTERNATIONAL, INC.",-,RPM US,-,,"5,747","$963,221",0.10%,
LISTED EQUITY,-,-,-,-,NEXT PLC,-,NXT LN,-,,"3,698","$961,863",0.10%,
LISTED EQUITY,-,-,-,-,JAMES HARDIE INDUSTRIES PLC,-,JHX AU,-,,"22,896","$954,775",0.10%,
LISTED EQUITY,-,-,-,-,HSBC HOLDINGS PLC,-,HSBA LN,-,,"51,623","$951,854",0.10%,
LISTED EQUITY,-,-,-,-,A2 MILK CO. LTD.,-,A2M AU,-,,"117,732","$943,035",0.10%,
LISTED EQUITY,-,-,-,-,"DOCUSIGN, INC.",-,DOCU US,-,,"7,923","$941,710",0.10%,
LISTED EQUITY,-,-,-,-,"APPLIED MATERIALS, INC.",-,AMAT US,-,,"3,365","$940,069",0.10%,
LISTED EQUITY,-,-,-,-,M&T BANK CORP.,-,MTB US,-,,"3,141","$929,757",0.10%,
LISTED EQUITY,-,-,-,-,NICKEL INDUSTRIES LTD.,-,NIC AU,-,,"1,334,370","$927,387",0.10%,
LISTED EQUITY,-,-,-,-,"PPG INDUSTRIES, INC.",-,PPG US,-,,"5,340","$926,889",0.10%,
LISTED EQUITY,-,-,-,-,"VERTEX PHARMACEUTICALS, INC.",-,VRTX US,-,,"1,358","$922,576",0.10%,
LISTED EQUITY,-,-,-,-,"AMERICAN WATER WORKS CO., INC.",-,AWK US,-,,"4,330","$919,165",0.10%,
LISTED EQUITY,-,-,-,-,"AMERICAN INTERNATIONAL GROUP, INC.",-,AIG US,-,,"6,987","$912,499",0.10%,
LISTED EQUITY,-,-,-,-,"GILEAD SCIENCES, INC.",-,GILD US,-,,"5,379","$910,020",0.10%,
LISTED EQUITY,-,-,-,-,ACCENTURE PLC,-,ACN US,-,,"1,988","$906,794",0.10%,
LISTED EQUITY,-,-,-,-,ESSILORLUXOTTICA SA,-,EL FP,-,,"2,163","$902,170",0.10%,
LISTED EQUITY,-,-,-,-,KINROSS GOLD CORP.,-,K CN,-,,"37,608","$894,968",0.10%,
LISTED EQUITY,-,-,-,-,ASICS CORP.,-,7936 JP,-,,"23,000","$894,162",0.10%,
LISTED EQUITY,-,-,-,-,STERIS PLC,-,STE US,-,,"2,434","$892,160",0.10%,
LISTED EQUITY,-,-,-,-,"AMGEN, INC.",-,AMGN US,-,,"2,092","$891,318",0.10%,
LISTED EQUITY,-,-,-,-,"ANALOG DEVICES, INC.",-,ADI US,-,,"2,453","$891,003",0.10%,
LISTED EQUITY,-,-,-,-,"T. ROWE PRICE GROUP, INC.",-,TROW US,-,,"5,905","$869,549",0.09%,
LISTED EQUITY,-,-,-,-,"JABIL, INC.",-,JBL US,-,,"2,599","$864,857",0.09%,
LISTED EQUITY,-,-,-,-,NEWMONT CORP.,-,NEM AU,-,,"9,898","$864,227",0.09%,
LISTED EQUITY,-,-,-,-,IMDEX LTD.,-,IMD AU,-,,"316,984","$862,197",0.09%,
LISTED EQUITY,-,-,-,-,"GARTNER, INC.",-,IT US,-,,"1,390","$857,113",0.09%,
LISTED EQUITY,-,-,-,-,"PRUDENTIAL FINANCIAL, INC.",-,PRU US,-,,"5,226","$856,759",0.09%,
LISTED EQUITY,-,-,-,-,CRH PLC,-,CRH US,-,,"6,076","$851,061",0.09%,
LISTED EQUITY,-,-,-,-,RECRUIT HOLDINGS CO. LTD.,-,6098 JP,-,,"9,388","$846,424",0.09%,
LISTED EQUITY,-,-,-,-,INCYTE CORP.,-,INCY US,-,,"8,097","$841,347",0.09%,
LISTED EQUITY,-,-,-,-,ORACLE CORP.,-,ORCL US,-,,"2,502","$834,684",0.09%,
LISTED EQUITY,-,-,-,-,"THERMO FISHER SCIENTIFIC, INC.",-,TMO US,-,,"1,347","$833,600",0.09%,
LISTED EQUITY,-,-,-,-,"PALANTIR TECHNOLOGIES, INC.",-,PLTR US,-,,"3,932","$817,848",0.09%,
LISTED EQUITY,-,-,-,-,"LIFE360, INC.",-,360 AU,-,,"25,291","$813,854",0.09%,
LISTED EQUITY,-,-,-,-,ING GROEP NV,-,INGA NA,-,,"24,240","$808,720",0.09%,
LISTED EQUITY,-,-,-,-,"TOKIO MARINE HOLDINGS, INC.",-,8766 JP,-,,"12,504","$807,222",0.09%,
LISTED EQUITY,-,-,-,-,"SUMITOMO MITSUI TRUST GROUP, INC.",-,8309 JP,-,,"19,808","$803,305",0.09%,
LISTED EQUITY,-,-,-,-,UCB SA,-,UCB BB,-,,"2,677","$800,446",0.09%,
LISTED EQUITY,-,-,-,-,FEDEX CORP.,-,FDX US,-,,"2,306","$799,980",0.09%,
LISTED EQUITY,-,-,-,-,"MOTOROLA SOLUTIONS, INC.",-,MSI US,-,,"1,240","$795,500",0.09%,
LISTED EQUITY,-,-,-,-,BANCO BPM SPA,-,BAMI IM,-,,"44,297","$786,461",0.08%,
LISTED EQUITY,-,-,-,-,DNB BANK ASA,-,DNB NO,-,,"18,708","$785,914",0.08%,
LISTED EQUITY,-,-,-,-,"BORGWARNER, INC.",-,BWA US,-,,"15,379","$785,662",0.08%,
LISTED EQUITY,-,-,-,-,WATERS CORP.,-,WAT US,-,,"1,473","$784,405",0.08%,
LISTED EQUITY,-,-,-,-,ALLEGION PLC,-,ALLE US,-,,"3,544","$779,415",0.08%,
LISTED EQUITY,-,-,-,-,NINE ENTERTAINMENT CO. HOLDINGS LTD.,-,NEC AU,-,,"478,879","$778,179",0.08%,
LISTED EQUITY,-,-,-,-,AXIS CAPITAL HOLDINGS LTD.,-,AXS US,-,,"4,907","$777,430",0.08%,
LISTED EQUITY,-,-,-,-,NORSK HYDRO ASA,-,NHY NO,-,,"89,414","$775,769",0.08%,
LISTED EQUITY,-,-,-,-,TRACTOR SUPPLY CO.,-,TSCO US,-,,"9,556","$769,465",0.08%,
LISTED EQUITY,-,-,-,-,PROSUS NV,-,PRX NA,-,,"8,961","$761,927",0.08%,
LISTED EQUITY,-,-,-,-,"CF INDUSTRIES HOLDINGS, INC.",-,CF US,-,,"5,424","$761,550",0.08%,
LISTED EQUITY,-,-,-,-,ROYAL CARIBBEAN CRUISES LTD.,-,RCL US,-,,"1,583","$756,531",0.08%,
LISTED EQUITY,-,-,-,-,REECE LTD.,-,REH AU,-,,"52,399","$751,928",0.08%,
LISTED EQUITY,-,-,-,-,BEGA CHEESE LTD.,-,BGA AU,-,,"137,548","$751,010",0.08%,
LISTED EQUITY,-,-,-,-,"ILLINOIS TOOL WORKS, INC.",-,ITW US,-,,"1,974","$744,786",0.08%,
LISTED EQUITY,-,-,-,-,"TWILIO, INC.",-,TWLO US,-,,"3,773","$715,908",0.08%,
LISTED EQUITY,-,-,-,-,UNIBAIL-RODAMCO-WESTFIELD,-,URW AU,-,,"99,569","$712,913",0.08%,
LISTED EQUITY,-,-,-,-,EXPERIAN PLC,-,EXPN LN,-,,"9,060","$710,833",0.08%,
LISTED EQUITY,-,-,-,-,ADIDAS AG,-,ADS GR,-,,"1,999","$708,689",0.08%,
LISTED EQUITY,-,-,-,-,"ADOBE, INC.",-,ADBE US,-,,"1,200","$708,264",0.08%,
LISTED EQUITY,-,-,-,-,BRISTOL-MYERS SQUIBB CO.,-,BMY US,-,,"9,998","$706,227",0.08%,
LISTED EQUITY,-,-,-,-,"WALMART, INC.",-,WMT US,-,,"4,689","$699,623",0.07%,
LISTED EQUITY,-,-,-,-,"AUTOZONE, INC.",-,AZO US,-,,123,"$695,305",0.07%,
LISTED EQUITY,-,-,-,-,"DOLLARAMA, INC.",-,DOL CN,-,,"3,097","$664,590",0.07%,
LISTED EQUITY,-,-,-,-,"METLIFE, INC.",-,MET US,-,,"5,414","$664,310",0.07%,
LISTED EQUITY,-,-,-,-,"CBRE GROUP, INC.",-,CBRE US,-,,"3,104","$663,638",0.07%,
LISTED EQUITY,-,-,-,-,PRUDENTIAL PLC,-,PRU LN,-,,"34,536","$659,040",0.07%,
LISTED EQUITY,-,-,-,-,"GODADDY, INC.",-,GDDY US,-,,"2,384","$654,967",0.07%,
LISTED EQUITY,-,-,-,-,ASAHI KASEI CORP.,-,3407 JP,-,,"60,361","$654,859",0.07%,
LISTED EQUITY,-,-,-,-,WISETECH GLOBAL LTD.,-,WTC AU,-,,"5,958","$649,589",0.07%,
LISTED EQUITY,-,-,-,-,KAO CORP.,-,4452 JP,-,,"9,502","$648,172",0.07%,
LISTED EQUITY,-,-,-,-,SVENSKA CELLULOSA AB SCA,-,SCAB SS,-,,"32,746","$644,879",0.07%,
LISTED EQUITY,-,-,-,-,"WILLIAMS-SONOMA, INC.",-,WSM US,-,,"2,582","$643,588",0.07%,
LISTED EQUITY,-,-,-,-,JUDO CAPITAL HOLDINGS LTD.,-,JDO AU,-,,"410,981","$643,186",0.07%,
LISTED EQUITY,-,-,-,-,GEA GROUP AG,-,G1A GR,-,,"6,042","$642,802",0.07%,
LISTED EQUITY,-,-,-,-,FISHER & PAYKEL HEALTHCARE CORP. LTD.,-,FPH NZ,-,,"18,821","$628,476",0.07%,
LISTED EQUITY,-,-,-,-,RELIANCE WORLDWIDE CORP. LTD.,-,RWC AU,-,,"153,135","$627,854",0.07%,
LISTED EQUITY,-,-,-,-,NUCOR CORP.,-,NUE US,-,,"3,169","$626,416",0.07%,
LISTED EQUITY,-,-,-,-,FASTENAL CO.,-,FAST US,-,,"9,743","$624,394",0.07%,
LISTED EQUITY,-,-,-,-,"CITIZENS FINANCIAL GROUP, INC.",-,CFG US,-,,"8,996","$614,268",0.07%,
LISTED EQUITY,-,-,-,-,"ZOZO, INC.",-,3092 JP,-,,"37,264","$612,919",0.07%,
LISTED EQUITY,-,-,-,-,REGIS HEALTHCARE LTD.,-,REG AU,-,,"77,919","$610,884",0.07%,
LISTED EQUITY,-,-,-,-,"AMERIPRISE FINANCIAL, INC.",-,AMP US,-,,748,"$609,308",0.07%,
LISTED EQUITY,-,-,-,-,ORION OYJ,-,ORNBV FH,-,,"5,316","$607,932",0.07%,
LISTED EQUITY,-,-,-,-,STEADFAST GROUP LTD.,-,SDF AU,-,,"99,843","$600,055",0.06%,
LISTED EQUITY,-,-,-,-,"HUBBELL, INC.",-,HUBB US,-,,946,"$589,445",0.06%,
LISTED EQUITY,-,-,-,-,TELIX PHARMACEUTICALS LTD.,-,TLX AU,-,,"24,128","$589,197",0.06%,
LISTED EQUITY,-,-,-,-,AMCOR PLC,-,AMCR US,-,,"40,963","$574,431",0.06%,
LISTED EQUITY,-,-,-,-,NITTO DENKO CORP.,-,6988 JP,-,,"19,311","$569,458",0.06%,
LISTED EQUITY,-,-,-,-,"FORTUNE BRANDS INNOVATIONS, INC.",-,FBIN US,-,,"7,206","$566,040",0.06%,
LISTED EQUITY,-,-,-,-,PERPETUAL LTD.,-,PPT AU,-,,"31,273","$564,796",0.06%,
LISTED EQUITY,-,-,-,-,AIB GROUP PLC,-,AIBG ID,-,,"44,700","$559,260",0.06%,
LISTED EQUITY,-,-,-,-,ANSELL LTD.,-,ANN AU,-,,"18,452","$558,918",0.06%,
LISTED EQUITY,-,-,-,-,SEKISUI CHEMICAL CO. LTD.,-,4204 JP,-,,"20,248","$558,691",0.06%,
LISTED EQUITY,-,-,-,-,"TOAST, INC.",-,TOST US,-,,"8,211","$554,937",0.06%,
LISTED EQUITY,-,-,-,-,FINECOBANK BANCA FINECO SPA,-,FBK IM,-,,"16,203","$546,635",0.06%,
LISTED EQUITY,-,-,-,-,DEVELOP GLOBAL LTD.,-,DVP AU,-,,"110,979","$543,795",0.06%,
LISTED EQUITY,-,-,-,-,"FORTINET, INC.",-,FTNT US,-,,"3,360","$542,073",0.06%,
LISTED EQUITY,-,-,-,-,CHORUS LTD.,-,CNU AU,-,,"68,537","$535,271",0.06%,
LISTED EQUITY,-,-,-,-,ARCH CAPITAL GROUP LTD.,-,ACGL US,-,,"3,815","$530,075",0.06%,
LISTED EQUITY,-,-,-,-,TALANX AG,-,TLX GR,-,,"2,675","$526,655",0.06%,
LISTED EQUITY,-,-,-,-,NATWEST GROUP PLC,-,NWG LN,-,,"48,792","$521,752",0.06%,
LISTED EQUITY,-,-,-,-,CENTENE CORP.,-,CNC US,-,,"6,229","$515,936",0.06%,
LISTED EQUITY,-,-,-,-,SMITH & NEPHEW PLC,-,SN LN,-,,"21,951","$510,876",0.05%,
LISTED EQUITY,-,-,-,-,SUPER RETAIL GROUP LTD.,-,SUL AU,-,,"35,308","$502,785",0.05%,
LISTED EQUITY,-,-,-,-,ADMIRAL GROUP PLC,-,ADM LN,-,,"7,342","$501,988",0.05%,
LISTED EQUITY,-,-,-,-,"APTARGROUP, INC.",-,ATR US,-,,"2,102","$501,788",0.05%,
LISTED EQUITY,-,-,-,-,RATIONAL AG,-,RAA GR,-,,392,"$499,620",0.05%,
LISTED EQUITY,-,-,-,-,"MS&AD INSURANCE GROUP HOLDINGS, INC.",-,8725 JP,-,,"14,531","$495,814",0.05%,
LISTED EQUITY,-,-,-,-,FAST RETAILING CO. LTD.,-,9983 JP,-,,937,"$490,094",0.05%,
LISTED EQUITY,-,-,-,-,"HUBSPOT, INC.",-,HUBS US,-,,576,"$489,458",0.05%,
LISTED EQUITY,-,-,-,-,"CUMMINS, INC.",-,CMI US,-,,967,"$483,085",0.05%,
LISTED EQUITY,-,-,-,-,TEMPLE & WEBSTER GROUP LTD.,-,TPW AU,-,,"22,507","$479,856",0.05%,
LISTED EQUITY,-,-,-,-,"SPROUTS FARMERS MARKET, INC.",-,SFM US,-,,"1,887","$474,039",0.05%,
LISTED EQUITY,-,-,-,-,PANDORA AS,-,PNDORA DC,-,,"1,767","$471,845",0.05%,
LISTED EQUITY,-,-,-,-,LOGITECH INTERNATIONAL SA,-,LOGN SW,-,,"3,437","$470,629",0.05%,
LISTED EQUITY,-,-,-,-,AUTO TRADER GROUP PLC,-,AUTO LN,-,,"27,278","$470,233",0.05%,
LISTED EQUITY,-,-,-,-,"SAMSARA, INC.",-,IOT US,-,,"7,695","$467,082",0.05%,
LISTED EQUITY,-,-,-,-,VALEO SE,-,FR FP,-,,"28,031","$466,445",0.05%,
LISTED EQUITY,-,-,-,-,STORA ENSO OYJ,-,STERV FH,-,,"28,184","$465,655",0.05%,
LISTED EQUITY,-,-,-,-,KURITA WATER INDUSTRIES LTD.,-,6370 JP,-,,"7,667","$461,498",0.05%,
LISTED EQUITY,-,-,-,-,TECHTRONIC INDUSTRIES CO. LTD.,-,669 HK,-,,"27,437","$460,255",0.05%,
LISTED EQUITY,-,-,-,-,MEIJI HOLDINGS CO. LTD.,-,2269 JP,-,,"13,594","$457,672",0.05%,
LISTED EQUITY,-,-,-,-,BUNGE GLOBAL SA,-,BG US,-,,"3,698","$452,993",0.05%,
LISTED EQUITY,-,-,-,-,"T&D HOLDINGS, INC.",-,8795 JP,-,,"13,479","$451,389",0.05%,
LISTED EQUITY,-,-,-,-,ATLASSIAN CORP.,-,TEAM US,-,,"1,452","$449,891",0.05%,
LISTED EQUITY,-,-,-,-,U.S. FOODS HOLDING CORP.,-,USFD US,-,,"3,775","$443,573",0.05%,
LISTED EQUITY,-,-,-,-,GENMAB AS,-,GMAB DC,-,,"1,396","$440,700",0.05%,
LISTED EQUITY,-,-,-,-,"DAVITA, INC.",-,DVA US,-,,"2,018","$438,741",0.05%,
LISTED EQUITY,-,-,-,-,NEWMONT CORP.,-,NEM US,-,,"4,890","$434,753",0.05%,
LISTED EQUITY,-,-,-,-,METSO OYJ,-,METSO FH,-,,"22,101","$434,666",0.05%,
LISTED EQUITY,-,-,-,-,MITSUBISHI CHEMICAL GROUP CORP.,-,4188 JP,-,,"54,128","$433,423",0.05%,
LISTED EQUITY,-,-,-,-,"VEEVA SYSTEMS, INC.",-,VEEV US,-,,973,"$427,731",0.05%,
LISTED EQUITY,-,-,-,-,ERSTE GROUP BANK AG,-,EBS AV,-,,"3,299","$427,289",0.05%,
LISTED EQUITY,-,-,-,-,ROCHE HOLDING AG,-,RO SW,-,,800,"$421,914",0.05%,
LISTED EQUITY,-,-,-,-,"MERCADOLIBRE, INC.",-,MELI US,-,,105,"$417,097",0.04%,
LISTED EQUITY,-,-,-,-,"MAGNA INTERNATIONAL, INC.",-,MG CN,-,,"7,057","$415,413",0.04%,
LISTED EQUITY,-,-,-,-,"DOMINO'S PIZZA, INC.",-,DPZ US,-,,604,"$415,022",0.04%,
LISTED EQUITY,-,-,-,-,AUSTRALIAN CLINICAL LABS LTD.,-,ACL AU,-,,"145,106","$403,395",0.04%,
LISTED EQUITY,-,-,-,-,"AT&T, INC.",-,T US,-,,"9,129","$403,126",0.04%,
LISTED EQUITY,-,-,-,-,MOSAIC CO.,-,MOS US,-,,"7,226","$402,238",0.04%,
LISTED EQUITY,-,-,-,-,KELSIAN GROUP LTD.,-,KLS AU,-,,"105,914","$401,415",0.04%,
LISTED EQUITY,-,-,-,-,MAGELLAN FINANCIAL GROUP LTD.,-,MFG AU,-,,"46,880","$401,292",0.04%,
LISTED EQUITY,-,-,-,-,"TOREX GOLD RESOURCES, INC.",-,TXG CN,-,,"8,030","$398,896",0.04%,
LISTED EQUITY,-,-,-,-,"PULTEGROUP, INC.",-,PHM US,-,,"2,469","$397,363",0.04%,
LISTED EQUITY,-,-,-,-,KLA CORP.,-,KLAC US,-,,288,"$393,300",0.04%,
LISTED EQUITY,-,-,-,-,WIX.COM LTD.,-,WIX US,-,,"1,625","$392,817",0.04%,
LISTED EQUITY,-,-,-,-,FLETCHER BUILDING LTD.,-,FBU AU,-,,"141,660","$382,481",0.04%,
LISTED EQUITY,-,-,-,-,"T-MOBILE U.S., INC.",-,TMUS US,-,,"1,044","$379,672",0.04%,
LISTED EQUITY,-,-,-,-,NANOSONICS LTD.,-,NAN AU,-,,"93,225","$377,563",0.04%,
LISTED EQUITY,-,-,-,-,KIMBERLY-CLARK CORP.,-,KMB US,-,,"1,908","$375,254",0.04%,
LISTED EQUITY,-,-,-,-,ONO PHARMACEUTICAL CO. LTD.,-,4528 JP,-,,"22,657","$373,136",0.04%,
LISTED EQUITY,-,-,-,-,HELIA GROUP LTD.,-,HLI AU,-,,"65,762","$370,242",0.04%,
LISTED EQUITY,-,-,-,-,"RELIANCE, INC.",-,RS US,-,,760,"$363,844",0.04%,
LISTED EQUITY,-,-,-,-,YOKOHAMA RUBBER CO. LTD.,-,5101 JP,-,,"8,661","$363,421",0.04%,
LISTED EQUITY,-,-,-,-,CHALICE MINING LTD.,-,CHN AU,-,,"214,584","$361,574",0.04%,
LISTED EQUITY,-,-,-,-,"ZOOM COMMUNICATIONS, INC.",-,ZM US,-,,"3,036","$361,208",0.04%,
LISTED EQUITY,-,-,-,-,INGHAMS GROUP LTD.,-,ING AU,-,,"100,372","$356,322",0.04%,
LISTED EQUITY,-,-,-,-,FIRSTSERVICE CORP.,-,FSV CN,-,,"1,338","$355,657",0.04%,
LISTED EQUITY,-,-,-,-,MANULIFE FINANCIAL CORP.,-,MFC CN,-,,"7,194","$350,256",0.04%,
LISTED EQUITY,-,-,-,-,"UBER TECHNOLOGIES, INC.",-,UBER US,-,,"2,455","$349,449",0.04%,
LISTED EQUITY,-,-,-,-,CAPSTONE COPPER CORP.,-,CSC AU,-,,"37,068","$349,177",0.04%,
LISTED EQUITY,-,-,-,-,COCA-COLA HBC AG,-,CCH LN,-,,"4,333","$344,648",0.04%,
LISTED EQUITY,-,-,-,-,JAPAN POST INSURANCE CO. LTD.,-,7181 JP,-,,"9,923","$341,838",0.04%,
LISTED EQUITY,-,-,-,-,SUPERLOOP LTD.,-,SLC AU,-,,"112,564","$338,817",0.04%,
LISTED EQUITY,-,-,-,-,BEIERSDORF AG,-,BEI GR,-,,"1,763","$336,557",0.04%,
LISTED EQUITY,-,-,-,-,PERENTI LTD.,-,PRN AU,-,,"205,469","$332,859",0.04%,
LISTED EQUITY,-,-,-,-,"NEXTRACKER, INC.",-,NXT US,-,,"3,990","$331,045",0.04%,
LISTED EQUITY,-,-,-,-,"PHINIA, INC.",-,PHIN US,-,,"4,865","$330,284",0.04%,
LISTED EQUITY,-,-,-,-,"WORKDAY, INC.",-,WDAY US,-,,897,"$328,390",0.04%,
LISTED EQUITY,-,-,-,-,CREDIT CORP. GROUP LTD.,-,CCP AU,-,,"24,039","$325,241",0.03%,
LISTED EQUITY,-,-,-,-,HEWLETT PACKARD ENTERPRISE CO.,-,HPE US,-,,"9,994","$311,860",0.03%,
LISTED EQUITY,-,-,-,-,APPLOVIN CORP.,-,APP US,-,,582,"$311,000",0.03%,
LISTED EQUITY,-,-,-,-,DAIICHI SANKYO CO. LTD.,-,4568 JP,-,,"8,699","$309,243",0.03%,
LISTED EQUITY,-,-,-,-,SPARK NEW ZEALAND LTD.,-,SPK AU,-,,"136,288","$306,648",0.03%,
LISTED EQUITY,-,-,-,-,"MIZUHO FINANCIAL GROUP, INC.",-,8411 JP,-,,"7,246","$305,662",0.03%,
LISTED EQUITY,-,-,-,-,HONDA MOTOR CO. LTD.,-,7267 JP,-,,"20,362","$299,965",0.03%,
LISTED EQUITY,-,-,-,-,"CHARTER COMMUNICATIONS, INC.",-,CHTR US,-,,481,"$299,961",0.03%,
LISTED EQUITY,-,-,-,-,"NUTANIX, INC.",-,NTNX US,-,,"2,542","$296,448",0.03%,
LISTED EQUITY,-,-,-,-,"METRO, INC.",-,MRU CN,-,,"2,447","$292,755",0.03%,
LISTED EQUITY,-,-,-,-,MYER HOLDINGS LTD.,-,MYR AU,-,,"470,792","$284,829",0.03%,
LISTED EQUITY,-,-,-,-,DUERR AG,-,DUE GR,-,,"6,975","$282,346",0.03%,
LISTED EQUITY,-,-,-,-,"CARDINAL HEALTH, INC.",-,CAH US,-,,"1,078","$276,288",0.03%,
LISTED EQUITY,-,-,-,-,"DOORDASH, INC.",-,DASH US,-,,708,"$266,386",0.03%,
LISTED EQUITY,-,-,-,-,NIPPON TELEGRAPH & TELEPHONE CORP.,-,9432 JP,-,,"162,587","$264,502",0.03%,
LISTED EQUITY,-,-,-,-,OOH!MEDIA LTD.,-,OML AU,-,,"152,108","$262,386",0.03%,
LISTED EQUITY,-,-,-,-,IRESS LTD.,-,IRE AU,-,,"32,572","$260,580",0.03%,
LISTED EQUITY,-,-,-,-,"CLEAN HARBORS, INC.",-,CLH US,-,,737,"$259,937",0.03%,
LISTED EQUITY,-,-,-,-,VERBUND AG,-,VER AV,-,,"2,104","$245,585",0.03%,
LISTED EQUITY,-,-,-,-,HANG SENG BANK LTD.,-,11 HK,-,,"10,688","$244,318",0.03%,
LISTED EQUITY,-,-,-,-,YAOKO CO. LTD.,-,8279 JP,-,,"2,348","$235,883",0.03%,
LISTED EQUITY,-,-,-,-,EMERALD RESOURCES NL,-,EMR AU,-,,"59,945","$234,984",0.03%,
LISTED EQUITY,-,-,-,-,FIFTH THIRD BANCORP,-,FITB US,-,,"3,642","$228,543",0.02%,
LISTED EQUITY,-,-,-,-,LOVISA HOLDINGS LTD.,-,LOV AU,-,,"7,182","$227,517",0.02%,
LISTED EQUITY,-,-,-,-,VONOVIA SE,-,VNA GR,-,,"4,239","$227,091",0.02%,
LISTED EQUITY,-,-,-,-,"WW GRAINGER, INC.",-,GWW US,-,,143,"$226,401",0.02%,
LISTED EQUITY,-,-,-,-,IDP EDUCATION LTD.,-,IEL AU,-,,"59,385","$217,944",0.02%,
LISTED EQUITY,-,-,-,-,FRESENIUS MEDICAL CARE AG,-,FME GR,-,,"2,496","$217,559",0.02%,
LISTED EQUITY,-,-,-,-,LOBLAW COS. LTD.,-,L CN,-,,860,"$216,725",0.02%,
LISTED EQUITY,-,-,-,-,CHECK POINT SOFTWARE TECHNOLOGIES LTD.,-,CHKP US,-,,636,"$214,690",0.02%,
LISTED EQUITY,-,-,-,-,VERTIV HOLDINGS CO.,-,VRT US,-,,"1,064","$208,482",0.02%,
LISTED EQUITY,-,-,-,-,RESOLUTE MINING LTD.,-,RSG AU,-,,"338,092","$206,236",0.02%,
LISTED EQUITY,-,-,-,-,"BCE, INC.",-,BCE CN,-,,"5,755","$194,359",0.02%,
LISTED EQUITY,-,-,-,-,"PINTEREST, INC.",-,PINS US,-,,"3,531","$193,192",0.02%,
LISTED EQUITY,-,-,-,-,U.S. BANCORP,-,USB US,-,,"2,682","$185,191",0.02%,
LISTED EQUITY,-,-,-,-,"CARLYLE GROUP, INC.",-,CG US,-,,"2,229","$174,851",0.02%,
LISTED EQUITY,-,-,-,-,CAR GROUP LTD.,-,CAR AU,-,,"4,639","$173,592",0.02%,
LISTED EQUITY,-,-,-,-,"TREND MICRO, INC.",-,4704 JP,-,,"1,644","$173,301",0.02%,
LISTED EQUITY,-,-,-,-,CATALYST METALS LTD.,-,CYL AU,-,,"32,880","$171,633",0.02%,
LISTED EQUITY,-,-,-,-,"BEST BUY CO., INC.",-,BBY US,-,,"1,662","$170,232",0.02%,
LISTED EQUITY,-,-,-,-,TOKYO ELECTRON LTD.,-,8035 JP,-,,574,"$167,722",0.02%,
LISTED EQUITY,-,-,-,-,"MARVELL TECHNOLOGY, INC.",-,MRVL US,-,,"1,407","$166,152",0.02%,
LISTED EQUITY,-,-,-,-,BPER BANCA SPA,-,BPE IM,-,,"11,962","$165,323",0.02%,
LISTED EQUITY,-,-,-,-,INTACT FINANCIAL CORP.,-,IFC CN,-,,459,"$162,488",0.02%,
LISTED EQUITY,-,-,-,-,"REDDIT, INC.",-,RDDT US,-,,692,"$158,888",0.02%,
LISTED EQUITY,-,-,-,-,BANCO DE SABADELL SA,-,SAB SM,-,,"31,845","$154,178",0.02%,
LISTED EQUITY,-,-,-,-,RYANAIR HOLDINGS PLC,-,RYA ID,-,,"3,537","$152,190",0.02%,
LISTED EQUITY,-,-,-,-,KONE OYJ,-,KNEBV FH,-,,"1,509","$151,087",0.02%,
LISTED EQUITY,-,-,-,-,"LENNOX INTERNATIONAL, INC.",-,LII US,-,,170,"$148,510",0.02%,
LISTED EQUITY,-,-,-,-,SEA LTD.,-,SE US,-,,579,"$141,199",0.02%,
LISTED EQUITY,-,-,-,-,"CELESTICA, INC.",-,CLS CN,-,,574,"$136,472",0.01%,
LISTED EQUITY,-,-,-,-,EDENRED SE,-,EDEN FP,-,,"2,826","$133,080",0.01%,
LISTED EQUITY,-,-,-,-,YAMATO HOLDINGS CO. LTD.,-,9064 JP,-,,"6,214","$126,690",0.01%,
LISTED EQUITY,-,-,-,-,UNILEVER PLC,-,ULVR LN,-,,"1,336","$123,642",0.01%,
LISTED EQUITY,-,-,-,-,MONOTARO CO. LTD.,-,3064 JP,-,,"4,111","$123,545",0.01%,
LISTED EQUITY,-,-,-,-,INSULET CORP.,-,PODD US,-,,255,"$122,184",0.01%,
LISTED EQUITY,-,-,-,-,"HUMANA, INC.",-,HUM US,-,,327,"$121,896",0.01%,
LISTED EQUITY,-,-,-,-,IPSEN SA,-,IPN FP,-,,625,"$113,253",0.01%,
LISTED EQUITY,-,-,-,-,ADAIRS LTD.,-,ADH AU,-,,"54,163","$113,201",0.01%,
LISTED EQUITY,-,-,-,-,WESTERN DIGITAL CORP.,-,WDC US,-,,"1,149","$112,144",0.01%,
LISTED EQUITY,-,-,-,-,EBOS GROUP LTD.,-,EBO AU,-,,"3,094","$110,115",0.01%,
LISTED EQUITY,-,-,-,-,INPOST SA,-,INPST NA,-,,"4,164","$105,156",0.01%,
LISTED EQUITY,-,-,-,-,"IGM FINANCIAL, INC.",-,IGM CN,-,,"2,180","$104,859",0.01%,
LISTED EQUITY,-,-,-,-,HANNOVER RUECK SE,-,HNR1 GR,-,,210,"$100,658",0.01%,
LISTED EQUITY,-,-,-,-,TYRO PAYMENTS LTD.,-,TYR AU,-,,"113,831","$100,171",0.01%,
LISTED EQUITY,-,-,-,-,COGNIZANT TECHNOLOGY SOLUTIONS CORP.,-,CTSH US,-,,797,"$94,862",0.01%,
LISTED EQUITY,-,-,-,-,SVENSKA HANDELSBANKEN AB,-,SHBA SS,-,,"4,478","$90,664",0.01%,
LISTED EQUITY,-,-,-,-,"VERISK ANALYTICS, INC.",-,VRSK US,-,,186,"$88,425",0.01%,
LISTED EQUITY,-,-,-,-,HEALIUS LTD.,-,HLS AU,-,,"109,509","$85,965",0.01%,
LISTED EQUITY,-,-,-,-,SHERWIN-WILLIAMS CO.,-,SHW US,-,,164,"$85,849",0.01%,
LISTED EQUITY,-,-,-,-,CARVANA CO.,-,CVNA US,-,,153,"$78,842",0.01%,
LISTED EQUITY,-,-,-,-,CIGNA GROUP,-,CI US,-,,150,"$75,420",0.01%,
LISTED EQUITY,-,-,-,-,G8 EDUCATION LTD.,-,GEM AU,-,,"63,120","$74,482",0.01%,
LISTED EQUITY,-,-,-,-,"MOLINA HEALTHCARE, INC.",-,MOH US,-,,162,"$73,788",0.01%,
LISTED EQUITY,-,-,-,-,HELVETIA HOLDING AG,-,HELN SW,-,,206,"$73,529",0.01%,
LISTED EQUITY,-,-,-,-,MA FINANCIAL GROUP LTD.,-,MAF AU,-,,"9,420","$71,500",0.01%,
LISTED EQUITY,-,-,-,-,BARRICK MINING CORP.,-,ABX CN,-,,"2,218","$70,314",0.01%,
LISTED EQUITY,-,-,-,-,JAPAN AIRLINES CO. LTD.,-,9201 JP,-,,"2,027","$62,976",0.01%,
LISTED EQUITY,-,-,-,-,OTIS WORLDWIDE CORP.,-,OTIS US,-,,415,"$62,689",0.01%,
LISTED EQUITY,-,-,-,-,VOLKSWAGEN AG,-,VOW3 GR,-,,380,"$60,923",0.01%,
LISTED EQUITY,-,-,-,-,TELEFONAKTIEBOLAGET LM ERICSSON,-,ERICB SS,-,,"4,659","$60,380",0.01%,
LISTED EQUITY,-,-,-,-,"CARLISLE COS., INC.",-,CSL US,-,,102,"$58,282",0.01%,
LISTED EQUITY,-,-,-,-,KBC GROUP NV,-,KBC BB,-,,360,"$56,529",0.01%,
LISTED EQUITY,-,-,-,-,AENA SME SA,-,AENA SM,-,,"1,371","$55,641",0.01%,
LISTED EQUITY,-,-,-,-,SWISS RE AG,-,SREN SW,-,,209,"$54,993",0.01%,
LISTED EQUITY,-,-,-,-,BANK LEUMI LE-ISRAEL BM,-,LUMI IT,-,,"1,858","$52,727",0.01%,
LISTED EQUITY,-,-,-,-,ELISA OYJ,-,ELISA FH,-,,614,"$51,740",0.01%,
LISTED EQUITY,-,-,-,-,NATIONAL BANK OF CANADA,-,NA CN,-,,325,"$51,076",0.01%,
LISTED EQUITY,-,-,-,-,BOLIDEN AB,-,BOL SS,-,,"1,053","$49,766",0.01%,
LISTED EQUITY,-,-,-,-,"MONOLITHIC POWER SYSTEMS, INC.",-,MPWR US,-,,45,"$49,717",0.01%,
LISTED EQUITY,-,-,-,-,"CBOE GLOBAL MARKETS, INC.",-,CBOE US,-,,138,"$49,260",0.01%,
LISTED EQUITY,-,-,-,-,"LUNDIN GOLD, INC.",-,LUG CN,-,,612,"$49,194",0.01%,
LISTED EQUITY,-,-,-,-,PAN AMERICAN SILVER CORP.,-,PAAS CN,-,,"1,090","$47,092",0.01%,
LISTED EQUITY,-,-,-,-,LLOYDS BANKING GROUP PLC,-,LLOY LN,-,,"29,292","$46,979",0.01%,
LISTED EQUITY,-,-,-,-,"MONGODB, INC.",-,MDB US,-,,146,"$46,744",0.00%,
LISTED EQUITY,-,-,-,-,AGNICO EAGLE MINES LTD.,-,AEM CN,-,,249,"$45,095",0.00%,
LISTED EQUITY,-,-,-,-,UBS GROUP AG,-,UBSG SW,-,,845,"$43,507",0.00%,
LISTED EQUITY,-,-,-,-,MIZRAHI TEFAHOT BANK LTD.,-,MZTF IT,-,,433,"$43,092",0.00%,
LISTED EQUITY,-,-,-,-,SCREEN HOLDINGS CO. LTD.,-,7735 JP,-,,344,"$42,755",0.00%,
LISTED EQUITY,-,-,-,-,DANSKE BANK AS,-,DANSKE DC,-,,686,"$42,530",0.00%,
LISTED EQUITY,-,-,-,-,KINGFISHER PLC,-,KGF LN,-,,"6,674","$40,584",0.00%,
LISTED EQUITY,-,-,-,-,"PURE STORAGE, INC.",-,PSTG US,-,,458,"$40,283",0.00%,
LISTED EQUITY,-,-,-,-,"CME GROUP, INC.",-,CME US,-,,96,"$40,206",0.00%,
LISTED EQUITY,-,-,-,-,SMARTGROUP CORP. LTD.,-,SIQ AU,-,,"5,392","$39,736",0.00%,
LISTED EQUITY,-,-,-,-,DEUTSCHE BANK AG,-,DBK GR,-,,855,"$38,539",0.00%,
LISTED EQUITY,-,-,-,-,SITC INTERNATIONAL HOLDINGS CO. LTD.,-,1308 HK,-,,"7,839","$38,323",0.00%,
LISTED EQUITY,-,-,-,-,L'OREAL SA,-,OR FP,-,,58,"$37,678",0.00%,
LISTED EQUITY,-,-,-,-,JAPAN POST HOLDINGS CO. LTD.,-,6178 JP,-,,"2,658","$37,494",0.00%,
LISTED EQUITY,-,-,-,-,"JACK HENRY & ASSOCIATES, INC.",-,JKHY US,-,,135,"$37,163",0.00%,
SUB TOTAL LISTED EQUITY,,,,,,,,,,,"$590,507,607",63.16%,
UNLISTED EQUITY,INTERNALLY,-,-,-,FSSSP FINANCIAL SERVICES PTY LTD,-,-,-,100%,,,,
UNLISTED EQUITY,INTERNALLY,-,-,-,RUMIN8 PTY LTD,-,-,-,4%,,,,
SUB TOTAL UNLISTED EQUITY INTERNALLY,,,,,,,,,,,"$51,007",0.01%,
UNLISTED EQUITY,EXTERNALLY,-,-,BLACKBIRD VENTURES PTY LTD,-,-,-,-,,,"$11,120,333",1.19%,
UNLISTED EQUITY,EXTERNALLY,-,-,STEPSTONE GROUP LP,-,-,-,-,,,"$8,874,312",0.95%,
UNLISTED EQUITY,EXTERNALLY,-,-,"UPDATA MANAGEMENT, LLC",-,-,-,-,,,"$5,150,260",0.55%,
UNLISTED EQUITY,EXTERNALLY,-,-,GHO CAPITAL MANAGEMENT LIMITED,-,-,-,-,,,"$4,403,546",0.47%,
UNLISTED EQUITY,EXTERNALLY,-,-,CASTIK CAPITAL S.Ŕ.R.L.,-,-,-,-,,,"$4,067,679",0.44%,
UNLISTED EQUITY,EXTERNALLY,-,-,"WEBSTER EQUITY PARTNERS, LLC",-,-,-,-,,,"$3,779,614",0.40%,
UNLISTED EQUITY,EXTERNALLY,-,-,CINVEN LIMITED,-,-,-,-,,,"$3,292,439",0.35%,
UNLISTED EQUITY,EXTERNALLY,-,-,"AE INDUSTRIAL PARTNERS, LLC",-,-,-,-,,,"$2,243,921",0.24%,
UNLISTED EQUITY,EXTERNALLY,-,-,NEXUS POINT MANAGEMENT LIMITED,-,-,-,-,,,"$2,195,430",0.23%,
UNLISTED EQUITY,EXTERNALLY,-,-,ADAMANTEM CAPITAL PTY LTD,-,-,-,-,,,"$2,158,286",0.23%,
UNLISTED EQUITY,EXTERNALLY,-,-,INTEGRUM HOLDINGS LP,-,-,-,-,,,"$1,925,750",0.21%,
UNLISTED EQUITY,EXTERNALLY,-,-,"NEW 2ND CAPITAL ADVISORS, L.P.",-,-,-,-,,,"$1,870,895",0.20%,
UNLISTED EQUITY,EXTERNALLY,-,-,POTENTIA CAPITAL MANAGEMENT PTY LTD,-,-,-,-,,,"$1,859,474",0.20%,
UNLISTED EQUITY,EXTERNALLY,-,-,"TPG CAPITAL ADVISORS, LLC",-,-,-,-,,,"$1,553,962",0.17%,
UNLISTED EQUITY,EXTERNALLY,-,-,"FTV MANAGEMENT COMPANY, L.P.",-,-,-,-,,,"$1,414,769",0.15%,
UNLISTED EQUITY,EXTERNALLY,-,-,WARBURG PINCUS LLC,-,-,-,-,,,"$1,257,217",0.13%,
UNLISTED EQUITY,EXTERNALLY,-,-,ROC CAPITAL PTY LTD,-,-,-,-,,,"$1,065,475",0.11%,
UNLISTED EQUITY,EXTERNALLY,-,-,OPENSPACE VENTURES PTE LTD,-,-,-,-,,,"$954,247",0.10%,
UNLISTED EQUITY,EXTERNALLY,-,-,"SOLACE CAPITAL PARTNERS, LLC",-,-,-,-,,,"$953,266",0.10%,
UNLISTED EQUITY,EXTERNALLY,-,-,"POTENTUM PARTNERS, L.P.",-,-,-,-,,,"$912,574",0.10%,
UNLISTED EQUITY,EXTERNALLY,-,-,"STG PARTNERS, LLC",-,-,-,-,,,"$890,816",0.10%,
UNLISTED EQUITY,EXTERNALLY,-,-,BANSK GROUP LLC,-,-,-,-,,,"$855,723",0.09%,
UNLISTED EQUITY,EXTERNALLY,-,-,"FOUNDRY GROUP, LLC",-,-,-,-,,,"$746,694",0.08%,
UNLISTED EQUITY,EXTERNALLY,-,-,"WM PARTNERS, LP",-,-,-,-,,,"$639,896",0.07%,
UNLISTED EQUITY,EXTERNALLY,-,-,MACQUARIE INFRASTRUCTURE AND REAL ASSETS (EUROPE) S.Ŕ.R.L,-,-,-,-,,,"$597,955",0.06%,
UNLISTED EQUITY,EXTERNALLY,-,-,GREENBELT CAPITAL MANAGEMENT L.P.,-,-,-,-,,,"$564,252",0.06%,
UNLISTED EQUITY,EXTERNALLY,-,-,GENERATION INVESTMENT MANAGEMENT LLP,-,-,-,-,,,"$538,130",0.06%,
UNLISTED EQUITY,EXTERNALLY,-,-,"MOTIVE CAPITAL MANAGEMENT, LLC",-,-,-,-,,,"$505,904",0.05%,
UNLISTED EQUITY,EXTERNALLY,-,-,FIVE V CAPITAL PTY LTD,-,-,-,-,,,"$502,568",0.05%,
UNLISTED EQUITY,EXTERNALLY,-,-,"SER CAPITAL PARTNERS, LLC",-,-,-,-,,,"$492,504",0.05%,
UNLISTED EQUITY,EXTERNALLY,-,-,LYFE CAPITAL INVESTMENT MANAGEMENT LIMITED,-,-,-,-,,,"$460,961",0.05%,
UNLISTED EQUITY,EXTERNALLY,-,-,TOURING CAPITAL LLC,-,-,-,-,,,"$373,875",0.04%,
UNLISTED EQUITY,EXTERNALLY,-,-,EPIRIS LLP,-,-,-,-,,,"$348,893",0.04%,
UNLISTED EQUITY,EXTERNALLY,-,-,HEADLINE GROWTH MANAGEMENT LLC,-,-,-,-,,,"$312,814",0.03%,
UNLISTED EQUITY,EXTERNALLY,-,-,KKR AUSTRALIA INVESTMENT MANAGEMENT PTY LTD,-,-,-,-,,,"$300,645",0.03%,
UNLISTED EQUITY,EXTERNALLY,-,-,"HILDRED CAPITAL MANAGEMENT, LLC",-,-,-,-,,,"$283,411",0.03%,
UNLISTED EQUITY,EXTERNALLY,-,-,FITZWALTER CAPITAL (US) LLC,-,-,-,-,,,"$263,748",0.03%,
UNLISTED EQUITY,EXTERNALLY,-,-,"ARCTOS PARTNERS, LP",-,-,-,-,,,"$163,064",0.02%,
UNLISTED EQUITY,EXTERNALLY,-,-,IMPILO AB,-,-,-,-,,,"$98,865",0.01%,
UNLISTED EQUITY,EXTERNALLY,-,-,WILSHIRE AUSTRALIA PTY LTD,-,-,-,-,,,"$63,856",0.01%,
UNLISTED EQUITY,EXTERNALLY,-,-,"NORTHLANE CAPITAL PARTNERS, LLC",-,-,-,-,,,"$26,542",0.00%,
UNLISTED EQUITY,EXTERNALLY,-,-,"STERLING FUND MANAGEMENT, LLC",-,-,-,-,,,"$2,735",0.00%,
UNLISTED EQUITY,EXTERNALLY,-,-,"EMERALD TECHNOLOGY VENTURES AG, ZURICH",-,-,-,-,,,"$2,201",0.00%,
SUB TOTAL UNLISTED EQUITY EXTERNALLY,,,,,,,,,,,"$70,089,501",7.50%,
LISTED PROPERTY,-,-,-,-,GOODMAN GROUP,-,GMG AU,-,,"106,046","$3,631,008",0.39%,
LISTED PROPERTY,-,-,-,-,VICINITY LTD.,-,VCX AU,-,,"1,141,624","$2,819,813",0.30%,
LISTED PROPERTY,-,-,-,-,GPT GROUP,-,GPT AU,-,,"505,402","$2,446,148",0.26%,
LISTED PROPERTY,-,-,-,-,AMERICAN TOWER CORP.,-,AMT US,-,,"6,512","$2,196,120",0.23%,
LISTED PROPERTY,-,-,-,-,KLEPIERRE SA,-,LI FP,-,,"26,311","$1,575,965",0.17%,
LISTED PROPERTY,-,-,-,-,LENDLEASE GROUP,-,LLC AU,-,,"229,811","$1,236,382",0.13%,
LISTED PROPERTY,-,-,-,-,PUBLIC STORAGE,-,PSA US,-,,"2,122","$950,292",0.10%,
LISTED PROPERTY,-,-,-,-,"SIMON PROPERTY GROUP, INC.",-,SPG US,-,,"3,246","$796,240",0.09%,
LISTED PROPERTY,-,-,-,-,WEYERHAEUSER CO.,-,WY US,-,,"18,993","$744,542",0.08%,
LISTED PROPERTY,-,-,-,-,STOCKLAND,-,SGP AU,-,,"125,795","$674,262",0.07%,
LISTED PROPERTY,-,-,-,-,SCENTRE GROUP,-,SCG AU,-,,"188,719","$671,841",0.07%,
LISTED PROPERTY,-,-,-,-,CHARTER HALL GROUP,-,CHC AU,-,,"28,796","$552,604",0.06%,
LISTED PROPERTY,-,-,-,-,BWP TRUST,-,BWP AU,-,,"151,470","$533,176",0.06%,
LISTED PROPERTY,-,-,-,-,"EQUINIX, INC.",-,EQIX US,-,,323,"$392,440",0.04%,
LISTED PROPERTY,-,-,-,-,REGENCY CENTERS CORP.,-,REG US,-,,"2,532","$275,204",0.03%,
LISTED PROPERTY,-,-,-,-,LAND SECURITIES GROUP PLC,-,LAND LN,-,,"20,763","$273,958",0.03%,
LISTED PROPERTY,-,-,-,-,LENDLEASE CORP. LTD.,-,LLC AU,-,,"49,318","$265,331",0.03%,
LISTED PROPERTY,-,-,-,-,COVIVIO SA,-,COV FP,-,,"2,257","$216,529",0.02%,
LISTED PROPERTY,-,-,-,-,HMC CAPITAL LTD.,-,HMC AU,-,,"42,423","$216,357",0.02%,
LISTED PROPERTY,-,-,-,-,NATIONAL STORAGE REIT,-,NSR AU,-,,"55,007","$126,515",0.01%,
LISTED PROPERTY,-,-,-,-,DEXUS,-,DXS AU,-,,"16,087","$106,977",0.01%,
LISTED PROPERTY,-,-,-,-,CDL HOSPITALITY TRUSTS,-,CDREIT SP,-,,"6,919","$6,507",0.00%,
SUB TOTAL LISTED PROPERTY,,,,,,,,,,,"$20,708,211",2.21%,
UNLISTED PROPERTY,INTERNALLY,-,-,-,ALTIS REAL ESTATE TRUST,-,-,"""BANKSTOWN COMPASS CENTRE"", 83-99 NORTH TERRACE, BANKSTOWN,NSW",100%,,,,
UNLISTED PROPERTY,INTERNALLY,-,-,-,ALTIS REAL ESTATE TRUST,-,-,"""DICKSON VILLAGE"" (BTR), CORNER OF ANTILL STREET AND BRADHAM STREET, DICKSON,ACT",100%,,,,
UNLISTED PROPERTY,INTERNALLY,-,-,-,ALTIS REAL ESTATE TRUST,-,-,"""DICKSON VILLAGE"" (RETAIL), CORNER OF ANTILL STREET AND BRADHAM STREET, DICKSON,ACT",100%,,,,
UNLISTED PROPERTY,INTERNALLY,-,-,-,ALTIS REAL ESTATE TRUST,-,-,"""FIRST ESTATE"", 2-19 DISTRIBUTION DRIVE AND 579 MAMRE ROAD, ORCHARD HILLS,NSW",100%,,,,
UNLISTED PROPERTY,INTERNALLY,-,-,-,ALTIS REAL ESTATE TRUST,-,-,"""FOCUS AT MASON SQ"", 39-51 HOMER STREET, MOONEE PONDS (105 LOTS),VIC",100%,,,,
UNLISTED PROPERTY,INTERNALLY,-,-,-,ALTIS REAL ESTATE TRUST,-,-,"""METROPOL"" 81 COOYONG STREET, REID,ACT",100%,,,,
UNLISTED PROPERTY,INTERNALLY,-,-,-,ALTIS REAL ESTATE TRUST,-,-,"""SPACE 207"", 207 PACIFIC HIGHWAY, ST LEONARDS,NSW",100%,,,,
UNLISTED PROPERTY,INTERNALLY,-,-,-,ALTIS REAL ESTATE TRUST,-,-,"""THE FINERY"", GADIGAL AVENUE, WATERLOO,NSW",100%,,,,
UNLISTED PROPERTY,INTERNALLY,-,-,-,ALTIS REAL ESTATE TRUST,-,-,"""THE YARDS"", 657 MAMRE ROAD, KEMPS CREEK,NSW",50%,,,,
UNLISTED PROPERTY,INTERNALLY,-,-,-,ALTIS REAL ESTATE TRUST,-,-,"""WATERLOO MASTERY"", 44-48 O'DEA AVENUE, WATERLOO,NSW",100%,,,,
UNLISTED PROPERTY,INTERNALLY,-,-,-,ALTIS REAL ESTATE TRUST,-,-,"1-5 TREACY STREET, HURSTVILLE (53 LOTS),NSW",100%,,,,
UNLISTED PROPERTY,INTERNALLY,-,-,-,ALTIS REAL ESTATE TRUST,-,-,"11 PINNACLE STREET, MIRANDA (51 LOTS),NSW",100%,,,,
UNLISTED PROPERTY,INTERNALLY,-,-,-,ALTIS REAL ESTATE TRUST,-,-,"11-19 HOLDSWORTH AVE AND 12-20 BERRY ROAD, ST LEONARDS,NSW",100%,,,,
UNLISTED PROPERTY,INTERNALLY,-,-,-,ALTIS REAL ESTATE TRUST,-,-,"145 ANN STREET, BRISBANE,QLD",100%,,,,
UNLISTED PROPERTY,INTERNALLY,-,-,-,ALTIS REAL ESTATE TRUST,-,-,"2289-2309 ELIZABETH DRIVE, LUDDENHAM,NSW",100%,,,,
UNLISTED PROPERTY,INTERNALLY,-,-,-,ALTIS REAL ESTATE TRUST,-,-,"28 ELIZABETH STREET, LIVERPOOL,NSW",100%,,,,
UNLISTED PROPERTY,INTERNALLY,-,-,-,ALTIS REAL ESTATE TRUST,-,-,"33-35 ASHFORD AVE AND 11-13 PARTRIDGE STREET, CASTLE HILL,NSW",100%,,,,
UNLISTED PROPERTY,INTERNALLY,-,-,-,ALTIS REAL ESTATE TRUST,-,-,"50-52 QUEENS ROAD, MELBOURNE,VIC",100%,,,,
UNLISTED PROPERTY,INTERNALLY,-,-,-,ALTIS REAL ESTATE TRUST,-,-,"6-34 HIGH STREET, PRESTON,VIC",100%,,,,
UNLISTED PROPERTY,INTERNALLY,-,-,-,ALTIS REAL ESTATE TRUST,-,-,"8 GRAYLANDS ROAD, CLAREMONT,WA",100%,,,,
UNLISTED PROPERTY,INTERNALLY,-,-,-,ALTIS REAL ESTATE TRUST,-,-,"859 MAMRE ROAD, KEMPS CREEK,NSW",100%,,,,
UNLISTED PROPERTY,INTERNALLY,-,-,-,ALTIS REAL ESTATE TRUST,-,-,"890-898 BOURKE STREET, ZETLAND,NSW",100%,,,,
UNLISTED PROPERTY,INTERNALLY,-,-,-,ALTIS REAL ESTATE TRUST,-,-,"EUMEMMERRING BUSINESS PARK, 10-36 ABBOTTS ROAD, DANDENONG SOUTH,VIC",100%,,,,
UNLISTED PROPERTY,INTERNALLY,-,-,-,ALTIS REAL ESTATE TRUST,-,-,"PART 1 CLIFF ROAD, EPPING (61 LOTS),NSW",100%,,,,
UNLISTED PROPERTY,INTERNALLY,-,-,-,ALTIS REAL ESTATE TRUST,-,-,"PART 37-43 AND 53-59 BALMORAL ROAD, NORTHMEAD (35 LOTS),NSW",100%,,,,
UNLISTED PROPERTY,INTERNALLY,-,-,-,ALTIS REAL ESTATE TRUST,-,-,"PART 626 HEIDELBERG ROAD, ALPHINGTON (100 LOTS),VIC",100%,,,,
UNLISTED PROPERTY,INTERNALLY,-,-,-,ALTIS REAL ESTATE TRUST,-,-,"SOMERTON BUSINESS PARK, 5-161 HUME HWY, SOMERTON VIC 3062,VIC",100%,,,,
UNLISTED PROPERTY,INTERNALLY,-,-,-,ALTIS REAL ESTATE TRUST,-,-,"SUNSHINE MARKETPLACE, 80 HARVESTOR ROAD, SUNSHINE,VIC",50%,,,,
UNLISTED PROPERTY,INTERNALLY,-,-,-,AWARE REAL ESTATE MANAGEMENT PTY LTD,-,-,HTTPS://AWAREREALESTATE.COM.AU/,100%,,,,
UNLISTED PROPERTY,INTERNALLY,-,-,-,AWARE SUPER ELG FINCO PTY LTD,-,-,NO PROPERTY HELD,100%,,,,
UNLISTED PROPERTY,INTERNALLY,-,-,-,BANKSTOWN AIRPORT LIMITED,-,-,"3 AVRO ST, BANKSTOWN NSW 2200, AUSTRALIA",100%,,,,
UNLISTED PROPERTY,INTERNALLY,-,-,-,CAMDEN AIRPORT LIMITED,-,-,"AERODROME RD, COBBITTY NSW 2570, AUSTRALIA",100%,,,,
UNLISTED PROPERTY,INTERNALLY,-,-,-,DARE PROPERTY HOLDINGS LIMITED,-,-,"11-12 HANOVER SQUARE, MAYFAIR, LONDON.",99%,,,,
UNLISTED PROPERTY,INTERNALLY,-,-,-,DARE PROPERTY HOLDINGS LIMITED,-,-,"20 MANCHESTER SQUARE, MARYLEBONE, LONDON.",99%,,,,
UNLISTED PROPERTY,INTERNALLY,-,-,-,GET LIVING PLC,-,-,HTTPS://WWW.GETLIVING.COM/,22%,,,,
UNLISTED PROPERTY,INTERNALLY,-,-,-,KEYTON HOLDING PTY LTD,-,-,HTTPS://KEYTON.COM.AU,50%,,,,
UNLISTED PROPERTY,INTERNALLY,-,-,-,OAKTREE RETIREMENT VILLAGES,-,-,HTTPS://WWW.OAKTREEGROUP.COM.AU/,100%,,,,
UNLISTED PROPERTY,INTERNALLY,-,-,-,THE JULY B.V.,-,-,HTTPS://WWW.THEJULY.COM,99%,,,,
UNLISTED PROPERTY,INTERNALLY,-,-,-,"VIVENIO RESIDENCIAL SOCIMI, SA",-,-,HTTPS://VIVENIO.COM/,49%,,,,
SUB TOTAL UNLISTED PROPERTY INTERNALLY,,,,,,,,,,,"$38,398,000",4.11%,
UNLISTED PROPERTY,EXTERNALLY,-,-,GOODMAN FUNDS MANAGEMENT AUSTRALIA LIMITED,-,-,-,-,,,"$5,313,484",0.57%,
UNLISTED PROPERTY,EXTERNALLY,-,-,LENDLEASE (US) INVESTMENT MANAGEMENT LLC,-,-,-,-,,,"$5,186,428",0.55%,
UNLISTED PROPERTY,EXTERNALLY,-,-,LENDLEASE REAL ESTATE INVESTMENTS LIMITED,-,-,-,-,,,"$5,130,636",0.55%,
UNLISTED PROPERTY,EXTERNALLY,-,-,LENDLEASE INVESTMENT MANAGEMENT (AUSTRALIA) PTY LIMITED,-,-,-,-,,,"$1,528,652",0.16%,
UNLISTED PROPERTY,EXTERNALLY,-,-,DEXUS WHOLESALE PROPERTY LIMITED,-,-,-,-,,,"$1,269,468",0.14%,
UNLISTED PROPERTY,EXTERNALLY,-,-,GPT FUNDS MANAGEMENT LIMITED,-,-,-,-,,,"$1,139,322",0.12%,
UNLISTED PROPERTY,EXTERNALLY,-,-,STRIDE INVESTMENT MANAGEMENT LIMITED,-,-,-,-,,,"$470,236",0.05%,
UNLISTED PROPERTY,EXTERNALLY,-,-,HILLWOOD INVESTMENT PROPERTIES,-,-,-,-,,,"$414,719",0.04%,
UNLISTED PROPERTY,EXTERNALLY,-,-,"GOODMAN CONSULTORIA, PARTICIPAÇŐES E ADMINISTRAÇĂO DE VALORES MOBILIÁRIOS LTDA",-,-,-,-,,,"$142,034",0.02%,
UNLISTED PROPERTY,EXTERNALLY,-,-,BLACKOAK CAPITAL PTY LTD,-,-,-,-,,,"$54,573",0.01%,
UNLISTED PROPERTY,EXTERNALLY,-,-,EG FUNDS MANAGEMENT PTY LTD,-,-,-,-,,,"$35,012",0.00%,
UNLISTED PROPERTY,EXTERNALLY,-,-,SATTERLEY PROPERTY GROUP PTY LTD,-,-,-,-,,,$354,0.00%,
SUB TOTAL UNLISTED PROPERTY EXTERNALLY,,,,,,,,,,,"$20,684,918",2.21%,
LISTED INFRASTRUCTURE,-,-,-,-,TRANSURBAN GROUP,-,TCL AU,-,,"225,556","$3,153,271",0.34%,
SUB TOTAL LISTED INFRASTRUCTURE,,,,,,,,,,,"$3,153,271",0.34%,
UNLISTED INFRASTRUCTURE,INTERNALLY,-,-,-,AUSTRALIAN REGISTRY HOLDING TRUST,-,-,-,38%,,,,
UNLISTED INFRASTRUCTURE,INTERNALLY,-,-,-,AWARE SUPER ELG FINCO PTY LTD,-,-,-,100%,,,,
UNLISTED INFRASTRUCTURE,INTERNALLY,-,-,-,AWARE SUPER ITC PLATFORM TRUST,-,-,-,100%,,,,
UNLISTED INFRASTRUCTURE,INTERNALLY,-,-,-,BIRDWOOD DG PTY LTD,-,-,-,87%,,,,
UNLISTED INFRASTRUCTURE,INTERNALLY,-,-,-,FSS NSW ALMOND ORCHARDS TRUST,-,-,-,100%,,,,
UNLISTED INFRASTRUCTURE,INTERNALLY,-,-,-,FSS SA ALMOND ORCHARDS TRUST,-,-,-,100%,,,,
UNLISTED INFRASTRUCTURE,INTERNALLY,-,-,-,FSS VIC ALMOND ORCHARDS TRUST,-,-,-,100%,,,,
UNLISTED INFRASTRUCTURE,INTERNALLY,-,-,-,VICTORIAN LAND REGISTRY SERVICES TRUST,-,-,-,100%,,,,
UNLISTED INFRASTRUCTURE,INTERNALLY,-,-,-,VOLTAIRE HOLDING PTY LIMITED,-,-,-,50%,,,,
UNLISTED INFRASTRUCTURE,INTERNALLY,-,-,-,VOYAGE AUSTRALIA HOLDINGS PTY LIMITED,-,-,-,50%,,,,
SUB TOTAL UNLISTED INFRASTRUCTURE INTERNALLY,,,,,,,,,,,"$59,937,767",6.41%,
UNLISTED INFRASTRUCTURE,EXTERNALLY,-,-,"DIGITALBRIDGE INVESTMENT MANAGEMENT, LLC",-,-,-,-,,,"$9,948,879",1.06%,
UNLISTED INFRASTRUCTURE,EXTERNALLY,-,-,QIC LIMITED,-,-,-,-,,,"$9,804,438",1.05%,
UNLISTED INFRASTRUCTURE,EXTERNALLY,-,-,STONEPEAK PARTNERS LP,-,-,-,-,,,"$5,140,257",0.55%,
UNLISTED INFRASTRUCTURE,EXTERNALLY,-,-,ARGYLE CAPITAL PARTNERS PTY LTD,-,-,-,-,,,"$4,771,686",0.51%,
UNLISTED INFRASTRUCTURE,EXTERNALLY,-,-,ROC CAPITAL PTY LTD,-,-,-,-,,,"$4,600,327",0.49%,
UNLISTED INFRASTRUCTURE,EXTERNALLY,-,-,IGNEO INFRASTRUCTURE PARTNERS,-,-,-,-,,,"$3,450,515",0.37%,
UNLISTED INFRASTRUCTURE,EXTERNALLY,-,-,PALISADE INVESTMENT PARTNERS LIMITED,-,-,-,-,,,"$2,532,922",0.27%,
UNLISTED INFRASTRUCTURE,EXTERNALLY,-,-,LENDLEASE INFRASTRUCTURE INVESTMENT MANAGEMENT PTY LIMITED,-,-,-,-,,,"$2,117,829",0.23%,
UNLISTED INFRASTRUCTURE,EXTERNALLY,-,-,"CAMPBELL GLOBAL, LLC",-,-,-,-,,,"$1,003,312",0.11%,
UNLISTED INFRASTRUCTURE,EXTERNALLY,-,-,"DARBY SERVTEC ENERGIA GP, LLC",-,-,-,-,,,"$989,054",0.11%,
UNLISTED INFRASTRUCTURE,EXTERNALLY,-,-,STAFFORD CAPITAL PARTNERS LIMITED,-,-,-,-,,,"$878,475",0.09%,
UNLISTED INFRASTRUCTURE,EXTERNALLY,-,-,LIGHTHOUSE INFRASTRUCTURE FUNDS MANAGEMENT PTY LTD,-,-,-,-,,,"$184,553",0.02%,
UNLISTED INFRASTRUCTURE,EXTERNALLY,-,-,CAPELLA CAPITAL INVESTMENTS PTY LIMITED,-,-,-,-,,,"$2,381",0.00%,
UNLISTED INFRASTRUCTURE,EXTERNALLY,-,-,KILTER PTY LTD (KILTER RURAL),-,-,-,-,,,$722,0.00%,
SUB TOTAL UNLISTED INFRASTRUCTURE EXTERNALLY,,,,,,,,,,,"$45,425,350",4.86%,
SUB TOTAL LISTED ALTERNATIVES,,,,,,,,,,,$0,0.00%,
SUB TOTAL UNLISTED ALTERNATIVES INTERNALLY,,,,,,,,,,,$0,0.00%,
SUB TOTAL UNLISTED ALTERNATIVES EXTERNALLY,,,,,,,,,,,$0,0.00%,
TOTAL INVESTMENT ITEMS,,,,,,,,,,,"$926,711,616",99.12%,
,,,,,,,,,,,,,
,,,,,,,,,,,,,
PHD SCHEDULE 8D TABLE 2 - PORTFOLIO HOLDINGS INFORMATION FOR INVESTMENT OPTION [AWAREACCHGSC] - DERIVATIVES - 2025-06-30,,,,,,,,,,,,,
KIND OF DERIVATIVE,VALUE,WEIGHTING,,,,,,,,,,,
SWAPS,$0.00,0.00%,,,,,,,,,,,
FORWARDS,"$8,176,571.00",0.87%,,,,,,,,,,,
FUTURES,"$105,271.00",0.01%,,,,,,,,,,,
OPTIONS,$0.00,0.00%,,,,,,,,,,,
OTHERS,$0.00,0.00%,,,,,,,,,,,
TOTAL,"$8,281,842.00",0.88%,,,,,,,,,,,
PHD SCHEDULE 8D TABLE 2 - PORTFOLIO HOLDINGS INFORMATION FOR INVESTMENT OPTION [AWAREACCHGSC] - DERIVATIVES - 2025-06-30,,,,,,,,,,,,,
KIND OF DERIVATIVE,VALUE,WEIGHTING,,,,,,,,,,,
SWAPS,$0.00,0.00%,,,,,,,,,,,
FORWARDS,"$8,176,571.00",0.87%,,,,,,,,,,,
FUTURES,"$105,271.00",0.01%,,,,,,,,,,,
OPTIONS,$0.00,0.00%,,,,,,,,,,,
OTHERS,$0.00,0.00%,,,,,,,,,,,
TOTAL,"$8,281,842.00",0.88%,,,,,,,,,,,
,,,,,,,,,,,,,
,,,,,,,,,,,,,
PHD SCHEDULE 8D TABLE 3 - PORTFOLIO HOLDINGS INFORMATION FOR INVESTMENT OPTION [AWAREACCHGSC] - DERIVATIVES BY ASSET CLASS - 2025-06-30,,,,,,,,,,,,,
ASSET CLASS,ACTUAL ASSET ALLOCATION (% OF ASSETS (INCLUDING DERIVATIVES) IN THE INVESTMENT OPTION),EFFECT OF DERIVATIVES EXPOSURE (% OF ASSETS (INCLUDING DERIVATIVES) IN THE INVESTMENT OPTION),,,,,,,,,,,
CASH,3%,-2%,,,,,,,,,,,
FIXED INCOME,7%,+2%,,,,,,,,,,,
EQUITIES,69%,0%,,,,,,,,,,,
PROPERTY,9%,0%,,,,,,,,,,,
INFRASTRUCTURE,12%,0%,,,,,,,,,,,
ALTERNATIVES,0%,0%,,,,,,,,,,,
TOTAL,100%,,,,,,,,,,,,
,,,,,,,,,,,,,
,,,,,,,,,,,,,
PHD SCHEDULE 8D TABLE 4 - PORTFOLIO HOLDINGS INFORMATION FOR INVESTMENT OPTION [AWAREACCHGSC] - DERIVATIVES BY CURRENCY - 2025-06-30,,,,,,,,,,,,,
CURRENCY EXPOSURE,ACTUAL CURRENCY EXPOSURE (% OF ASSETS (INCLUDING DERIVATIVES) IN THE INVESTMENT OPTION),EFFECT OF DERIVATIVES EXPOSURE (% OF ASSETS (INCLUDING DERIVATIVES) IN THE INVESTMENT OPTION),,,,,,,,,,,
AUD,47%,+27%,,,,,,,,,,,
USD,39%,-19%,,,,,,,,,,,
CURRENCIES OF OTHER DEVELOPED MARKETS,14%,-8%,,,,,,,,,,,
CURRENCIES OF EMERGING MARKETS,0%,0%,,,,,,,,,,,
,,,,,,,,,,,,,
,,,,,,,,,,,,,
,,,,,,,,,,,,,
,,,,,,,,,,,,,
,,,,,,,,,,,,,
,,,,,,,,,,,,,
,,,,,,,,,,,,,
,,,,,,,,,,,,,
,,,,,,,,,,,,,
,,,,,,,,,,,,,
,,,,,,,,,,,,,
,,,,,,,,,,,,,
,,,,,,,,,,,,,
,,,,,,,,,,,,,
,,,,,,,,,,,,,
