PHD SCHEDULE 8D TABLE 1 - PORTFOLIO HOLDINGS INFORMATION FOR INVESTMENT OPTION [VSACCSOCCN] - ASSETS - 2025-06-30,,,,,,,,,,,,,
ASSET CLASS,INTERNALLY MANAGED OR EXTERNALLY MANAGED,NAME OF INSTITUTION,NAME OF ISSUER / COUNTERPARTY,NAME OF FUND MANAGER,NAME / KIND OF INVESTMENT ITEM,CURRENCY,SECURITY IDENTIFIER,ADDRESS,% OWNERSHIP / PROPERTY HELD,UNITS HELD,VALUE(AUD),WEIGHTING(%),
CASH,-,COMMONWEALTH BANK OF AUSTRALIA,-,-,-,AUD,-,-,,,"$21,831,945",0.80%,
CASH,-,NATIONAL AUSTRALIA BANK LIMITED,-,-,-,AUD,-,-,,,"$11,069,588",0.41%,
CASH,-,STATE STREET BANK AND TRUST,-,-,-,AUD,-,-,,,"$4,898,353",0.18%,
CASH,-,STATE STREET BANK AND TRUST,-,-,-,USD,-,-,,,"$4,222,809",0.16%,
CASH,-,MUFG BANK LTD.,-,-,-,USD,-,-,,,"$1,279,073",0.05%,
CASH,-,MORGAN STANLEY & CO. INTERNATIONAL PLC,-,-,-,AUD,-,-,,,"$561,777",0.02%,
CASH,-,AUSTRALIA AND NEW ZEALAND BANKING GROUP LIMITED,-,-,-,AUD,-,-,,,"$502,981",0.02%,
CASH,-,MORGAN STANLEY & CO. INTERNATIONAL PLC,-,-,-,NZD,-,-,,,"$483,881",0.02%,
CASH,-,STATE STREET BANK AND TRUST,-,-,-,JPY,-,-,,,"$391,527",0.01%,
CASH,-,STATE STREET BANK AND TRUST,-,-,-,NZD,-,-,,,"$337,915",0.01%,
CASH,-,MORGAN STANLEY,-,-,-,EUR,-,-,,,"$262,288",0.01%,
CASH,-,J.P. MORGAN SECURITIES LLC,-,-,-,USD,-,-,,,"$242,123",0.01%,
CASH,-,MORGAN STANLEY,-,-,-,CHF,-,-,,,"$231,467",0.01%,
CASH,-,MORGAN STANLEY & CO. INTERNATIONAL PLC,-,-,-,JPY,-,-,,,"$181,177",0.01%,
CASH,-,STATE STREET BANK AND TRUST,-,-,-,GBP,-,-,,,"$179,656",0.01%,
CASH,-,JPMORGAN CHASE & CO,-,-,-,USD,-,-,,,"$174,286",0.01%,
CASH,-,STATE STREET BANK AND TRUST,-,-,-,HKD,-,-,,,"$160,794",0.01%,
CASH,-,"CITIGROUP, INC.",-,-,-,EUR,-,-,,,"$147,698",0.01%,
CASH,-,STATE STREET BANK AND TRUST,-,-,-,CAD,-,-,,,"$131,182",0.00%,
CASH,-,"CITIGROUP, INC.",-,-,-,GBP,-,-,,,"$95,724",0.00%,
CASH,-,"CITIGROUP, INC.",-,-,-,USD,-,-,,,"$94,194",0.00%,
CASH,-,STATE STREET BANK AND TRUST,-,-,-,EUR,-,-,,,"$88,795",0.00%,
CASH,-,STATE STREET BANK AND TRUST,-,-,-,SGD,-,-,,,"$76,079",0.00%,
CASH,-,STATE STREET BANK AND TRUST,-,-,-,DKK,-,-,,,"$73,840",0.00%,
CASH,-,STATE STREET BANK AND TRUST,-,-,-,NOK,-,-,,,"$64,104",0.00%,
CASH,-,MORGAN STANLEY & CO. INTERNATIONAL PLC,-,-,-,USD,-,-,,,"$50,261",0.00%,
CASH,-,STATE STREET BANK AND TRUST,-,-,-,SEK,-,-,,,"$37,347",0.00%,
CASH,-,STATE STREET BANK AND TRUST,-,-,-,CHF,-,-,,,"$27,240",0.00%,
CASH,-,"CITIGROUP, INC.",-,-,-,JPY,-,-,,,"$17,458",0.00%,
CASH,-,MORGAN STANLEY,-,-,-,AUD,-,-,,,"$10,922",0.00%,
CASH,-,STATE STREET BANK AND TRUST,-,-,-,ILS,-,-,,,"$9,864",0.00%,
CASH,-,UBS AG,-,-,-,AUD,-,-,,,$12,0.00%,
CASH,-,"BANK OF AMERICA, N.A.",-,-,-,USD,-,-,,,"-$15,005",0.00%,
CASH,-,MORGAN STANLEY,-,-,-,SEK,-,-,,,"-$26,586",0.00%,
CASH,-,"WELLS FARGO BANK, N.A.",-,-,-,USD,-,-,,,"-$79,798",0.00%,
CASH,-,MORGAN STANLEY,-,-,-,GBP,-,-,,,"-$87,283",0.00%,
CASH,-,WESTPAC BANKING CORPORATION,-,-,-,USD,-,-,,,"-$96,167",0.00%,
CASH,-,BARCLAYS BANK PLC,-,-,-,USD,-,-,,,"-$121,402",0.00%,
CASH,-,MORGAN STANLEY,-,-,-,HKD,-,-,,,"-$165,148",-0.01%,
CASH,-,"CITIGROUP, INC.",-,-,-,AUD,-,-,,,"-$185,161",-0.01%,
CASH,-,MORGAN STANLEY,-,-,-,USD,-,-,,,"-$191,978",-0.01%,
CASH,-,MORGAN STANLEY,-,-,-,CAD,-,-,,,"-$345,944",-0.01%,
CASH,-,MORGAN STANLEY,-,-,-,JPY,-,-,,,"-$820,018",-0.03%,
SUB TOTAL CASH,,,,,,,,,,,"$45,801,870",1.69%,
FIXED INCOME,INTERNALLY,-,WESTPAC BANKING CORPORATION,-,-,-,-,-,,,"$49,260,359",1.81%,
FIXED INCOME,INTERNALLY,-,AUSTRALIA AND NEW ZEALAND BANKING GROUP LIMITED,-,-,-,-,-,,,"$13,403,013",0.49%,
FIXED INCOME,INTERNALLY,-,COMMONWEALTH BANK OF AUSTRALIA,-,-,-,-,-,,,"$9,198,901",0.34%,
FIXED INCOME,INTERNALLY,-,UNITED STATES TREASURY,-,-,-,-,-,,,"$6,312,522",0.23%,
FIXED INCOME,INTERNALLY,-,NATIONAL AUSTRALIA BANK LIMITED,-,-,-,-,-,,,"$3,719,835",0.14%,
FIXED INCOME,INTERNALLY,-,STANDARD CHARTERED BANK,-,-,-,-,-,,,"$3,465,605",0.13%,
FIXED INCOME,INTERNALLY,-,CANADIAN IMPERIAL BANK OF COMMERCE,-,-,-,-,-,,,"$3,132,882",0.12%,
FIXED INCOME,INTERNALLY,-,NBN CO. LTD.,-,-,-,-,-,,,"$2,851,965",0.10%,
FIXED INCOME,INTERNALLY,-,UNITED OVERSEAS BANK LTD.,-,-,-,-,-,,,"$2,316,223",0.09%,
FIXED INCOME,INTERNALLY,-,LENDLEASE FINANCE LTD.,-,-,-,-,-,,,"$2,289,123",0.08%,
FIXED INCOME,INTERNALLY,-,COOPERATIEVE RABOBANK UA,-,-,-,-,-,,,"$2,077,484",0.08%,
FIXED INCOME,INTERNALLY,-,OVERSEA-CHINESE BANKING CORP. LTD.,-,-,-,-,-,,,"$1,714,558",0.06%,
FIXED INCOME,INTERNALLY,-,CREDIT AGRICOLE CORPORATE & INVESTMENT BANK,-,-,-,-,-,,,"$1,699,068",0.06%,
FIXED INCOME,INTERNALLY,-,BENDIGO & ADELAIDE BANK LTD.,-,-,-,-,-,,,"$1,527,330",0.06%,
FIXED INCOME,INTERNALLY,-,SUMITOMO MITSUI BANKING CORP.,-,-,-,-,-,,,"$1,440,004",0.05%,
FIXED INCOME,INTERNALLY,-,MIZUHO BANK LTD.,-,-,-,-,-,,,"$1,152,398",0.04%,
FIXED INCOME,INTERNALLY,-,THE BANK OF NOVA SCOTIA,-,-,-,-,-,,,"$1,137,889",0.04%,
FIXED INCOME,INTERNALLY,-,DBS BANK LTD.,-,-,-,-,-,,,"$1,120,517",0.04%,
FIXED INCOME,INTERNALLY,-,KIWIBANK LTD.,-,-,-,-,-,,,"$303,727",0.01%,
FIXED INCOME,INTERNALLY,-,SCT LOGISTICS,-,-,-,-,-,,,"$265,138",0.01%,
FIXED INCOME,INTERNALLY,-,BANK OF QUEENSLAND LTD.,-,-,-,-,-,,,"$253,595",0.01%,
FIXED INCOME,INTERNALLY,-,NORFINA LTD.,-,-,-,-,-,,,"$179,122",0.01%,
FIXED INCOME,INTERNALLY,-,TORONTO-DOMINION BANK,-,-,-,-,-,,,"$112,054",0.00%,
FIXED INCOME,INTERNALLY,-,SCENTRE GROUP TRUST 1,-,-,-,-,-,,,"$81,329",0.00%,
FIXED INCOME,INTERNALLY,-,VOLKSWAGEN FINANCIAL SERVICES AUSTRALIA PTY LTD,-,-,-,-,-,,,"$60,516",0.00%,
FIXED INCOME,INTERNALLY,-,SCENTRE GROUP TRUST 2,-,-,-,-,-,,,"$53,962",0.00%,
FIXED INCOME,INTERNALLY,-,UBS AG,-,-,-,-,-,,,"$39,226",0.00%,
SUB TOTAL FIXED INCOME INTERNALLY,,,,,,,,,,,"$109,168,345.00",4.05%,
FIXED INCOME (PRIVATE DEBT),INTERNALLY,-,ANCORA BIDCO B PTY LTD,-,-,-,-,-,,,,,
FIXED INCOME (PRIVATE DEBT),INTERNALLY,-,ANDANTE FINANCE COMPANY PTY LIMITED,-,-,-,-,-,,,,,
FIXED INCOME (PRIVATE DEBT),INTERNALLY,-,APOG BIDCO PTY LTD,-,-,-,-,-,,,,,
FIXED INCOME (PRIVATE DEBT),INTERNALLY,-,AUSTRALIAN SALES FINANCE AND CREDIT CARDS TRUST NO. 3,-,-,-,-,-,,,,,
FIXED INCOME (PRIVATE DEBT),INTERNALLY,-,BLANALKO PTY LTD AS TRUSTEE FOR THE BLANALKO SCT PROPERTY TRUST,-,-,-,-,-,,,,,
FIXED INCOME (PRIVATE DEBT),INTERNALLY,-,CIRRUS HOLDINGS 2 PTY LTD,-,-,-,-,-,,,,,
FIXED INCOME (PRIVATE DEBT),INTERNALLY,-,CREDABL WAREHOUSE TRUST NO.1,-,-,-,-,-,,,,,
FIXED INCOME (PRIVATE DEBT),INTERNALLY,-,CREDABL WAREHOUSE TRUST NO.2,-,-,-,-,-,,,,,
FIXED INCOME (PRIVATE DEBT),INTERNALLY,-,CX BIDCO PTY LTD,-,-,-,-,-,,,,,
FIXED INCOME (PRIVATE DEBT),INTERNALLY,-,DBG CONSOLIDATED HOLDINGS PTY LTD,-,-,-,-,-,,,,,
FIXED INCOME (PRIVATE DEBT),INTERNALLY,-,DEVICE TECHNOLOGIES AUSTRALIA PTY LTD,-,-,-,-,-,,,,,
FIXED INCOME (PRIVATE DEBT),INTERNALLY,-,ENWERD PTY LTD AS TRUSTEE FOR THE N & W WERDIGER FAMILY TRUST,-,-,-,-,-,,,,,
FIXED INCOME (PRIVATE DEBT),INTERNALLY,-,FP TURBO WAREHOUSE TRUST 2021-1,-,-,-,-,-,,,,,
FIXED INCOME (PRIVATE DEBT),INTERNALLY,-,HARRIS FARM MARKETS FINANCE PTY LTD,-,-,-,-,-,,,,,
FIXED INCOME (PRIVATE DEBT),INTERNALLY,-,HIREPOOL FINANCE LIMITED,-,-,-,-,-,,,,,
FIXED INCOME (PRIVATE DEBT),INTERNALLY,-,JAYBRO GROUP,-,-,-,-,-,,,,,
FIXED INCOME (PRIVATE DEBT),INTERNALLY,-,JNZ FINCO LIMITED,-,-,-,-,-,,,,,
FIXED INCOME (PRIVATE DEBT),INTERNALLY,-,KINETIC HOLDING COMPANY PTY LTD,-,-,-,-,-,,,,,
FIXED INCOME (PRIVATE DEBT),INTERNALLY,-,KINETIC NZ HOLDINGS LIMITED,-,-,-,-,-,,,,,
FIXED INCOME (PRIVATE DEBT),INTERNALLY,-,LEGAL SOFTWARE PTY LTD,-,-,-,-,-,,,,,
FIXED INCOME (PRIVATE DEBT),INTERNALLY,-,METRO FINANCE PTY LTD,-,-,-,-,-,,,,,
FIXED INCOME (PRIVATE DEBT),INTERNALLY,-,MOTORONE BIDCO PTY LTD,-,-,-,-,-,,,,,
FIXED INCOME (PRIVATE DEBT),INTERNALLY,-,NEWCOLD FINANCING PTY LTD,-,-,-,-,-,,,,,
FIXED INCOME (PRIVATE DEBT),INTERNALLY,-,NZ HEALTHCARE INVESTMENTS LIMITED,-,-,-,-,-,,,,,
FIXED INCOME (PRIVATE DEBT),INTERNALLY,-,PAGAC CHICKEN TENDERS HOLDINGS I PTY LTD,-,-,-,-,-,,,,,
FIXED INCOME (PRIVATE DEBT),INTERNALLY,-,PEPPER MONEY LIMITED,-,-,-,-,-,,,,,
FIXED INCOME (PRIVATE DEBT),INTERNALLY,-,PIRANHA BIDCO PTY LTD,-,-,-,-,-,,,,,
FIXED INCOME (PRIVATE DEBT),INTERNALLY,-,PLENTI FINANCE PTY LTD,-,-,-,-,-,,,,,
FIXED INCOME (PRIVATE DEBT),INTERNALLY,-,ROME NZ BIDCO LIMITED (RITCHIES TRANSPORT HOLDINGS LTD),-,-,-,-,-,,,,,
FIXED INCOME (PRIVATE DEBT),INTERNALLY,-,TEEG BIDCO PTY LTD,-,-,-,-,-,,,,,
FIXED INCOME (PRIVATE DEBT),INTERNALLY,-,VELOCITY FREQUENT FLYER PTY LTD,-,-,-,-,-,,,,,
FIXED INCOME (PRIVATE DEBT),INTERNALLY,-,VESTONE CAPITAL PTY LIMITED,-,-,-,-,-,,,,,
FIXED INCOME (PRIVATE DEBT),INTERNALLY,-,VISY PACKAGING PROPERTIES PTY LTD,-,-,-,-,-,,,,,
FIXED INCOME (PRIVATE DEBT),INTERNALLY,-,YHA PTY LTD,-,-,-,-,-,,,,,
FIXED INCOME (PRIVATE DEBT),INTERNALLY,-,ZEUSS CHILDCARE III PTY LTD,-,-,-,-,-,,,,,
SUB TOTAL FIXED INCOME (PRIVATE DEBT) INTERNALLY,,,,,,,,,,,"$78,838,104.00",2.92%,
FIXED INCOME,EXTERNALLY,-,-,BLACKROCK INVESTMENT MANAGEMENT (AUSTRALIA) LIMITED,-,-,-,-,,,"$251,154,299",9.24%,
FIXED INCOME,EXTERNALLY,-,-,PACIFIC INVESTMENT MANAGEMENT COMPANY LLC,-,-,-,-,,,"$32,845,584",1.21%,
FIXED INCOME,EXTERNALLY,-,-,"BAIN CAPITAL CREDIT, LP",-,-,-,-,,,"$19,282,143",0.71%,
SUB TOTAL FIXED INCOME EXTERNALLY,,,,,,,,,,,"$303,282,026",11.16%,
LISTED EQUITY,-,-,-,-,COMMONWEALTH BANK OF AUSTRALIA,-,CBA AU,-,,"393,450","$72,689,761",2.67%,
LISTED EQUITY,-,-,-,-,NVIDIA CORP.,-,NVDA US,-,,"239,256","$57,679,250",2.12%,
LISTED EQUITY,-,-,-,-,MICROSOFT CORP.,-,MSFT US,-,,"66,611","$50,557,587",1.86%,
LISTED EQUITY,-,-,-,-,"APPLE, INC.",-,AAPL US,-,,"150,379","$47,079,153",1.73%,
LISTED EQUITY,-,-,-,-,WESTPAC BANKING CORP.,-,WBC AU,-,,"1,068,122","$36,166,617",1.33%,
LISTED EQUITY,-,-,-,-,CSL LTD.,-,CSL AU,-,,"134,074","$32,108,184",1.18%,
LISTED EQUITY,-,-,-,-,"AMAZON.COM, INC.",-,AMZN US,-,,"90,186","$30,191,523",1.11%,
LISTED EQUITY,-,-,-,-,"ALPHABET, INC.",-,GOOGL US,-,,"84,688","$22,773,436",0.84%,
LISTED EQUITY,-,-,-,-,NATIONAL AUSTRALIA BANK LTD.,-,NAB AU,-,,"569,492","$22,415,192",0.82%,
LISTED EQUITY,-,-,-,-,COLES GROUP LTD.,-,COL AU,-,,"1,055,029","$21,986,799",0.81%,
LISTED EQUITY,-,-,-,-,"BROADCOM, INC.",-,AVGO US,-,,"42,392","$17,830,576",0.66%,
LISTED EQUITY,-,-,-,-,BRAMBLES LTD.,-,BXB AU,-,,"733,037","$17,167,717",0.63%,
LISTED EQUITY,-,-,-,-,ANZ GROUP HOLDINGS LTD.,-,ANZ AU,-,,"588,386","$17,157,324",0.63%,
LISTED EQUITY,-,-,-,-,WESFARMERS LTD.,-,WES AU,-,,"186,063","$15,768,777",0.58%,
LISTED EQUITY,-,-,-,-,"NETFLIX, INC.",-,NFLX US,-,,"7,471","$15,267,335",0.56%,
LISTED EQUITY,-,-,-,-,"VISA, INC.",-,V US,-,,"27,610","$14,958,359",0.55%,
LISTED EQUITY,-,-,-,-,"META PLATFORMS, INC.",-,META US,-,,"12,555","$14,139,938",0.52%,
LISTED EQUITY,-,-,-,-,FORTESCUE LTD.,-,FMG AU,-,,"821,042","$12,545,531",0.46%,
LISTED EQUITY,-,-,-,-,SUNCORP GROUP LTD.,-,SUN AU,-,,"555,410","$12,002,412",0.44%,
LISTED EQUITY,-,-,-,-,QBE INSURANCE GROUP LTD.,-,QBE AU,-,,"510,070","$11,930,539",0.44%,
LISTED EQUITY,-,-,-,-,TELSTRA GROUP LTD.,-,TLS AU,-,,"2,443,029","$11,824,258",0.44%,
LISTED EQUITY,-,-,-,-,MACQUARIE GROUP LTD.,-,MQG AU,-,,"48,874","$11,178,868",0.41%,
LISTED EQUITY,-,-,-,-,ELI LILLY & CO.,-,LLY US,-,,"9,385","$11,163,510",0.41%,
LISTED EQUITY,-,-,-,-,TECHNOLOGY ONE LTD.,-,TNE AU,-,,"260,798","$10,695,342",0.39%,
LISTED EQUITY,-,-,-,-,INSURANCE AUSTRALIA GROUP LTD.,-,IAG AU,-,,"1,171,696","$10,580,416",0.39%,
LISTED EQUITY,-,-,-,-,JPMORGAN CHASE & CO.,-,JPM US,-,,"23,870","$10,559,366",0.39%,
LISTED EQUITY,-,-,-,-,SANDFIRE RESOURCES LTD.,-,SFR AU,-,,"938,124","$10,525,751",0.39%,
LISTED EQUITY,-,-,-,-,"MASTERCARD, INC.",-,MA US,-,,"10,892","$9,339,154",0.34%,
LISTED EQUITY,-,-,-,-,XERO LTD.,-,XRO AU,-,,"51,107","$9,188,985",0.34%,
LISTED EQUITY,-,-,-,-,"ALPHABET, INC.",-,GOOG US,-,,"33,889","$9,173,051",0.34%,
LISTED EQUITY,-,-,-,-,ASML HOLDING NV,-,ASML NA,-,,"7,125","$8,647,671",0.32%,
LISTED EQUITY,-,-,-,-,PRO MEDICUS LTD.,-,PME AU,-,,"29,676","$8,460,069",0.31%,
LISTED EQUITY,-,-,-,-,"RESMED, INC.",-,RMD AU,-,,"210,615","$8,287,695",0.30%,
LISTED EQUITY,-,-,-,-,JB HI-FI LTD.,-,JBH AU,-,,"71,599","$7,900,900",0.29%,
LISTED EQUITY,-,-,-,-,"HOME DEPOT, INC.",-,HD US,-,,"13,839","$7,742,127",0.28%,
LISTED EQUITY,-,-,-,-,QANTAS AIRWAYS LTD.,-,QAN AU,-,,"719,099","$7,723,129",0.28%,
LISTED EQUITY,-,-,-,-,BANK OF AMERICA CORP.,-,BAC US,-,,"106,247","$7,671,647",0.28%,
LISTED EQUITY,-,-,-,-,WALT DISNEY CO.,-,DIS US,-,,"39,368","$7,449,467",0.27%,
LISTED EQUITY,-,-,-,-,IGO LTD.,-,IGO AU,-,,"1,715,003","$7,151,562",0.26%,
LISTED EQUITY,-,-,-,-,PERSEUS MINING LTD.,-,PRU AU,-,,"2,080,963","$7,075,275",0.26%,
LISTED EQUITY,-,-,-,-,"VERIZON COMMUNICATIONS, INC.",-,VZ US,-,,"100,705","$6,649,145",0.24%,
LISTED EQUITY,-,-,-,-,CAPITAL ONE FINANCIAL CORP.,-,COF US,-,,"19,986","$6,488,452",0.24%,
LISTED EQUITY,-,-,-,-,"IDEXX LABORATORIES, INC.",-,IDXX US,-,,"7,314","$5,985,640",0.22%,
LISTED EQUITY,-,-,-,-,MEDIBANK PVT LTD.,-,MPL AU,-,,"1,180,466","$5,961,354",0.22%,
LISTED EQUITY,-,-,-,-,EVOLUTION MINING LTD.,-,EVN AU,-,,"764,777","$5,957,612",0.22%,
LISTED EQUITY,-,-,-,-,DEUTSCHE TELEKOM AG,-,DTE GR,-,,"107,015","$5,936,405",0.22%,
LISTED EQUITY,-,-,-,-,NOVARTIS AG,-,NOVN SW,-,,"32,185","$5,933,470",0.22%,
LISTED EQUITY,-,-,-,-,REA GROUP LTD.,-,REA AU,-,,"24,590","$5,913,635",0.22%,
LISTED EQUITY,-,-,-,-,HITACHI LTD.,-,6501 JP,-,,"129,858","$5,768,448",0.21%,
LISTED EQUITY,-,-,-,-,FISHER & PAYKEL HEALTHCARE CORP. LTD.,-,FPH AU,-,,"170,232","$5,724,906",0.21%,
LISTED EQUITY,-,-,-,-,DETERRA ROYALTIES LTD.,-,DRR AU,-,,"1,518,039","$5,707,827",0.21%,
LISTED EQUITY,-,-,-,-,WOOLWORTHS GROUP LTD.,-,WOW AU,-,,"181,053","$5,632,558",0.21%,
LISTED EQUITY,-,-,-,-,"F5, INC.",-,FFIV US,-,,"12,407","$5,572,058",0.21%,
LISTED EQUITY,-,-,-,-,SAP SE,-,SAP GR,-,,"11,958","$5,529,515",0.20%,
LISTED EQUITY,-,-,-,-,"SUMITOMO MITSUI FINANCIAL GROUP, INC.",-,8316 JP,-,,"142,015","$5,451,817",0.20%,
LISTED EQUITY,-,-,-,-,"MSCI, INC.",-,MSCI US,-,,"6,023","$5,300,828",0.20%,
LISTED EQUITY,-,-,-,-,"SALESFORCE, INC.",-,CRM US,-,,"12,620","$5,251,028",0.19%,
LISTED EQUITY,-,-,-,-,PRYSMIAN SPA,-,PRY IM,-,,"48,449","$5,210,308",0.19%,
LISTED EQUITY,-,-,-,-,"ABBVIE, INC.",-,ABBV US,-,,"18,172","$5,146,871",0.19%,
LISTED EQUITY,-,-,-,-,"TJX COS., INC.",-,TJX US,-,,"27,118","$5,109,875",0.19%,
LISTED EQUITY,-,-,-,-,CHALLENGER LTD.,-,CGF AU,-,,"631,928","$5,105,980",0.19%,
LISTED EQUITY,-,-,-,-,AMCOR PLC,-,AMC AU,-,,"357,950","$5,082,897",0.19%,
LISTED EQUITY,-,-,-,-,NORTHERN STAR RESOURCES LTD.,-,NST AU,-,,"272,532","$5,055,464",0.19%,
LISTED EQUITY,-,-,-,-,UNICREDIT SPA,-,UCG IM,-,,"48,759","$4,970,271",0.18%,
LISTED EQUITY,-,-,-,-,TRANE TECHNOLOGIES PLC,-,TT US,-,,"7,268","$4,851,020",0.18%,
LISTED EQUITY,-,-,-,-,BOSTON SCIENTIFIC CORP.,-,BSX US,-,,"29,453","$4,827,276",0.18%,
LISTED EQUITY,-,-,-,-,"BOOKING HOLDINGS, INC.",-,BKNG US,-,,537,"$4,746,067",0.17%,
LISTED EQUITY,-,-,-,-,LAM RESEARCH CORP.,-,LRCX US,-,,"31,771","$4,718,971",0.17%,
LISTED EQUITY,-,-,-,-,"PALO ALTO NETWORKS, INC.",-,PANW US,-,,"14,710","$4,593,383",0.17%,
LISTED EQUITY,-,-,-,-,"QUALCOMM, INC.",-,QCOM US,-,,"18,404","$4,472,495",0.16%,
LISTED EQUITY,-,-,-,-,"ZOETIS, INC.",-,ZTS US,-,,"18,666","$4,441,821",0.16%,
LISTED EQUITY,-,-,-,-,"PFIZER, INC.",-,PFE US,-,,"119,853","$4,433,095",0.16%,
LISTED EQUITY,-,-,-,-,"GENERAL MILLS, INC.",-,GIS US,-,,"55,832","$4,413,932",0.16%,
LISTED EQUITY,-,-,-,-,ROCHE HOLDING AG,-,ROG SW,-,,"8,902","$4,409,424",0.16%,
LISTED EQUITY,-,-,-,-,AIA GROUP LTD.,-,1299 HK,-,,"321,079","$4,393,810",0.16%,
LISTED EQUITY,-,-,-,-,INTESA SANPAOLO SPA,-,ISP IM,-,,"500,580","$4,385,861",0.16%,
LISTED EQUITY,-,-,-,-,"CITIGROUP, INC.",-,C US,-,,"33,747","$4,383,207",0.16%,
LISTED EQUITY,-,-,-,-,"TRAVELERS COS., INC.",-,TRV US,-,,"10,729","$4,379,819",0.16%,
LISTED EQUITY,-,-,-,-,PROCTER & GAMBLE CO.,-,PG US,-,,"17,999","$4,375,787",0.16%,
LISTED EQUITY,-,-,-,-,FLEX LTD.,-,FLEX US,-,,"57,119","$4,350,959",0.16%,
LISTED EQUITY,-,-,-,-,ASTRAZENECA PLC,-,AZN LN,-,,"20,437","$4,324,777",0.16%,
LISTED EQUITY,-,-,-,-,AMP LTD.,-,AMP AU,-,,"3,335,380","$4,202,579",0.15%,
LISTED EQUITY,-,-,-,-,SIMS LTD.,-,SGM AU,-,,"272,183","$4,175,278",0.15%,
LISTED EQUITY,-,-,-,-,COLGATE-PALMOLIVE CO.,-,CL US,-,,"29,707","$4,120,518",0.15%,
LISTED EQUITY,-,-,-,-,CINTAS CORP.,-,CTAS US,-,,"12,097","$4,113,989",0.15%,
LISTED EQUITY,-,-,-,-,"HUDBAY MINERALS, INC.",-,HBM CN,-,,"253,947","$4,103,596",0.15%,
LISTED EQUITY,-,-,-,-,REGIS RESOURCES LTD.,-,RRL AU,-,,"925,964","$4,064,981",0.15%,
LISTED EQUITY,-,-,-,-,ALS LTD.,-,ALQ AU,-,,"237,691","$4,064,505",0.15%,
LISTED EQUITY,-,-,-,-,SCHNEIDER ELECTRIC SE,-,SU FP,-,,"10,019","$4,052,050",0.15%,
LISTED EQUITY,-,-,-,-,BANCO BILBAO VIZCAYA ARGENTARIA SA,-,BBVA SM,-,,"173,114","$4,048,060",0.15%,
LISTED EQUITY,-,-,-,-,GEBERIT AG,-,GEBN SW,-,,"3,311","$3,960,337",0.15%,
LISTED EQUITY,-,-,-,-,SINGAPORE EXCHANGE LTD.,-,SGX SP,-,,"222,055","$3,958,592",0.15%,
LISTED EQUITY,-,-,-,-,"ELECTRONIC ARTS, INC.",-,EA US,-,,"16,114","$3,926,772",0.14%,
LISTED EQUITY,-,-,-,-,ABBOTT LABORATORIES,-,ABT US,-,,"18,678","$3,876,356",0.14%,
LISTED EQUITY,-,-,-,-,COMPUTERSHARE LTD.,-,CPU AU,-,,"95,669","$3,816,232",0.14%,
LISTED EQUITY,-,-,-,-,AMERICAN EXPRESS CO.,-,AXP US,-,,"7,828","$3,810,464",0.14%,
LISTED EQUITY,-,-,-,-,NOVO NORDISK AS,-,NOVOB DC,-,,"35,988","$3,798,090",0.14%,
LISTED EQUITY,-,-,-,-,NETWEALTH GROUP LTD.,-,NWL AU,-,,"112,575","$3,781,398",0.14%,
LISTED EQUITY,-,-,-,-,CHAMPION IRON LTD.,-,CIA AU,-,,"895,301","$3,733,405",0.14%,
LISTED EQUITY,-,-,-,-,"INTUIT, INC.",-,INTU US,-,,"3,096","$3,720,685",0.14%,
LISTED EQUITY,-,-,-,-,CLEANAWAY WASTE MANAGEMENT LTD.,-,CWY AU,-,,"1,364,541","$3,711,550",0.14%,
LISTED EQUITY,-,-,-,-,RAMSAY HEALTH CARE LTD.,-,RHC AU,-,,"100,045","$3,670,660",0.14%,
LISTED EQUITY,-,-,-,-,ALCOA CORP.,-,AAI AU,-,,"81,383","$3,662,210",0.13%,
LISTED EQUITY,-,-,-,-,RAMELIUS RESOURCES LTD.,-,RMS AU,-,,"1,449,151","$3,651,859",0.13%,
LISTED EQUITY,-,-,-,-,CODAN LTD.,-,CDA AU,-,,"178,283","$3,585,280",0.13%,
LISTED EQUITY,-,-,-,-,SONIC HEALTHCARE LTD.,-,SHL AU,-,,"133,795","$3,584,369",0.13%,
LISTED EQUITY,-,-,-,-,ILUKA RESOURCES LTD.,-,ILU AU,-,,"941,254","$3,576,765",0.13%,
LISTED EQUITY,-,-,-,-,MOODY'S CORP.,-,MCO US,-,,"4,648","$3,557,475",0.13%,
LISTED EQUITY,-,-,-,-,"EBAY, INC.",-,EBAY US,-,,"31,151","$3,539,299",0.13%,
LISTED EQUITY,-,-,-,-,DAITO TRUST CONSTRUCTION CO. LTD.,-,1878 JP,-,,"21,119","$3,497,012",0.13%,
LISTED EQUITY,-,-,-,-,RIDLEY CORP. LTD.,-,RIC AU,-,,"1,183,025","$3,478,092",0.13%,
LISTED EQUITY,-,-,-,-,BLUESCOPE STEEL LTD.,-,BSL AU,-,,"146,316","$3,381,373",0.12%,
LISTED EQUITY,-,-,-,-,"MERCK & CO., INC.",-,MRK US,-,,"27,951","$3,376,263",0.12%,
LISTED EQUITY,-,-,-,-,SEEK LTD.,-,SEK AU,-,,"137,257","$3,301,022",0.12%,
LISTED EQUITY,-,-,-,-,"METTLER-TOLEDO INTERNATIONAL, INC.",-,MTD US,-,,"1,840","$3,298,451",0.12%,
LISTED EQUITY,-,-,-,-,"VERISIGN, INC.",-,VRSN US,-,,"7,476","$3,294,691",0.12%,
LISTED EQUITY,-,-,-,-,NESTLE SA,-,NESN SW,-,,"21,795","$3,293,545",0.12%,
LISTED EQUITY,-,-,-,-,HUB24 LTD.,-,HUB AU,-,,"35,348","$3,151,953",0.12%,
LISTED EQUITY,-,-,-,-,"SERVICENOW, INC.",-,NOW US,-,,"1,996","$3,130,506",0.12%,
LISTED EQUITY,-,-,-,-,ASX LTD.,-,ASX AU,-,,"44,161","$3,080,628",0.11%,
LISTED EQUITY,-,-,-,-,VOLVO AB,-,VOLVB SS,-,,"72,093","$3,063,447",0.11%,
LISTED EQUITY,-,-,-,-,KONINKLIJKE AHOLD DELHAIZE NV,-,AD NA,-,,"47,941","$3,048,428",0.11%,
LISTED EQUITY,-,-,-,-,CHUBB LTD.,-,CB US,-,,"6,886","$3,044,068",0.11%,
LISTED EQUITY,-,-,-,-,CLOROX CO.,-,CLX US,-,,"16,514","$3,025,700",0.11%,
LISTED EQUITY,-,-,-,-,"EXPEDIA GROUP, INC.",-,EXPE US,-,,"11,704","$3,012,459",0.11%,
LISTED EQUITY,-,-,-,-,"ADVANCED MICRO DEVICES, INC.",-,AMD US,-,,"13,572","$2,938,720",0.11%,
LISTED EQUITY,-,-,-,-,NEC CORP.,-,6701 JP,-,,"64,834","$2,889,577",0.11%,
LISTED EQUITY,-,-,-,-,NEWS CORP.,-,NWS AU,-,,"55,524","$2,881,693",0.11%,
LISTED EQUITY,-,-,-,-,ZURICH INSURANCE GROUP AG,-,ZURN SW,-,,"2,674","$2,843,269",0.10%,
LISTED EQUITY,-,-,-,-,SERVICE STREAM LTD.,-,SSM AU,-,,"1,430,569","$2,839,680",0.10%,
LISTED EQUITY,-,-,-,-,"PNC FINANCIAL SERVICES GROUP, INC.",-,PNC US,-,,"9,974","$2,837,162",0.10%,
LISTED EQUITY,-,-,-,-,"AUTODESK, INC.",-,ADSK US,-,,"5,918","$2,795,497",0.10%,
LISTED EQUITY,-,-,-,-,"PAYPAL HOLDINGS, INC.",-,PYPL US,-,,"24,626","$2,792,693",0.10%,
LISTED EQUITY,-,-,-,-,"INTUITIVE SURGICAL, INC.",-,ISRG US,-,,"3,366","$2,790,749",0.10%,
LISTED EQUITY,-,-,-,-,WOLTERS KLUWER NV,-,WKL NA,-,,"10,939","$2,781,270",0.10%,
LISTED EQUITY,-,-,-,-,"NETAPP, INC.",-,NTAP US,-,,"17,073","$2,775,764",0.10%,
LISTED EQUITY,-,-,-,-,TOYOTA MOTOR CORP.,-,7203 JP,-,,"104,830","$2,760,790",0.10%,
LISTED EQUITY,-,-,-,-,SYNCHRONY FINANCIAL,-,SYF US,-,,"26,900","$2,739,438",0.10%,
LISTED EQUITY,-,-,-,-,"DELL TECHNOLOGIES, INC.",-,DELL US,-,,"14,429","$2,699,281",0.10%,
LISTED EQUITY,-,-,-,-,JOHNSON & JOHNSON,-,JNJ US,-,,"11,497","$2,679,741",0.10%,
LISTED EQUITY,-,-,-,-,ALLSTATE CORP.,-,ALL US,-,,"8,716","$2,677,472",0.10%,
LISTED EQUITY,-,-,-,-,FAIR ISAAC CORP.,-,FICO US,-,,948,"$2,644,782",0.10%,
LISTED EQUITY,-,-,-,-,"CENCORA, INC.",-,COR US,-,,"5,775","$2,642,505",0.10%,
LISTED EQUITY,-,-,-,-,"O'REILLY AUTOMOTIVE, INC.",-,ORLY US,-,,"19,128","$2,630,709",0.10%,
LISTED EQUITY,-,-,-,-,"SNAP-ON, INC.",-,SNA US,-,,"5,533","$2,627,363",0.10%,
LISTED EQUITY,-,-,-,-,BANK OF QUEENSLAND LTD.,-,BOQ AU,-,,"333,452","$2,594,254",0.10%,
LISTED EQUITY,-,-,-,-,MONSTER BEVERAGE CORP.,-,MNST US,-,,"26,921","$2,573,153",0.09%,
LISTED EQUITY,-,-,-,-,"CROWN HOLDINGS, INC.",-,CCK US,-,,"16,345","$2,568,373",0.09%,
LISTED EQUITY,-,-,-,-,"ARISTA NETWORKS, INC.",-,ANET US,-,,"16,327","$2,548,909",0.09%,
LISTED EQUITY,-,-,-,-,VINCI SA,-,DG FP,-,,"11,217","$2,513,507",0.09%,
LISTED EQUITY,-,-,-,-,RELX PLC,-,REL LN,-,,"30,095","$2,477,502",0.09%,
LISTED EQUITY,-,-,-,-,"AUTOMATIC DATA PROCESSING, INC.",-,ADP US,-,,"5,163","$2,429,805",0.09%,
LISTED EQUITY,-,-,-,-,BNP PARIBAS SA,-,BNP FP,-,,"17,707","$2,420,562",0.09%,
LISTED EQUITY,-,-,-,-,"RPM INTERNATIONAL, INC.",-,RPM US,-,,"14,329","$2,401,646",0.09%,
LISTED EQUITY,-,-,-,-,NEXT PLC,-,NXT LN,-,,"9,220","$2,398,261",0.09%,
LISTED EQUITY,-,-,-,-,HSBC HOLDINGS PLC,-,HSBA LN,-,,"128,714","$2,373,305",0.09%,
LISTED EQUITY,-,-,-,-,JAMES HARDIE INDUSTRIES PLC,-,JHX AU,-,,"56,746","$2,366,319",0.09%,
LISTED EQUITY,-,-,-,-,"DOCUSIGN, INC.",-,DOCU US,-,,"19,756","$2,348,012",0.09%,
LISTED EQUITY,-,-,-,-,"APPLIED MATERIALS, INC.",-,AMAT US,-,,"8,391","$2,343,921",0.09%,
LISTED EQUITY,-,-,-,-,A2 MILK CO. LTD.,-,A2M AU,-,,"291,788","$2,337,221",0.09%,
LISTED EQUITY,-,-,-,-,M&T BANK CORP.,-,MTB US,-,,"7,832","$2,318,208",0.09%,
LISTED EQUITY,-,-,-,-,"PPG INDUSTRIES, INC.",-,PPG US,-,,"13,315","$2,311,057",0.09%,
LISTED EQUITY,-,-,-,-,"VERTEX PHARMACEUTICALS, INC.",-,VRTX US,-,,"3,386","$2,300,305",0.08%,
LISTED EQUITY,-,-,-,-,NICKEL INDUSTRIES LTD.,-,NIC AU,-,,"3,307,108","$2,298,440",0.08%,
LISTED EQUITY,-,-,-,-,"AMERICAN WATER WORKS CO., INC.",-,AWK US,-,,"10,797","$2,291,799",0.08%,
LISTED EQUITY,-,-,-,-,"AMERICAN INTERNATIONAL GROUP, INC.",-,AIG US,-,,"17,420","$2,275,179",0.08%,
LISTED EQUITY,-,-,-,-,"GILEAD SCIENCES, INC.",-,GILD US,-,,"13,412","$2,268,997",0.08%,
LISTED EQUITY,-,-,-,-,ACCENTURE PLC,-,ACN US,-,,"4,958","$2,260,953",0.08%,
LISTED EQUITY,-,-,-,-,ESSILORLUXOTTICA SA,-,EL FP,-,,"5,392","$2,249,424",0.08%,
LISTED EQUITY,-,-,-,-,KINROSS GOLD CORP.,-,K CN,-,,"93,770","$2,231,469",0.08%,
LISTED EQUITY,-,-,-,-,ASICS CORP.,-,7936 JP,-,,"57,349","$2,229,459",0.08%,
LISTED EQUITY,-,-,-,-,STERIS PLC,-,STE US,-,,"6,069","$2,224,467",0.08%,
LISTED EQUITY,-,-,-,-,"AMGEN, INC.",-,AMGN US,-,,"5,216","$2,222,368",0.08%,
LISTED EQUITY,-,-,-,-,"ANALOG DEVICES, INC.",-,ADI US,-,,"6,117","$2,221,582",0.08%,
LISTED EQUITY,-,-,-,-,"T. ROWE PRICE GROUP, INC.",-,TROW US,-,,"14,724","$2,168,090",0.08%,
LISTED EQUITY,-,-,-,-,"JABIL, INC.",-,JBL US,-,,"6,480","$2,156,391",0.08%,
LISTED EQUITY,-,-,-,-,NEWMONT CORP.,-,NEM AU,-,,"24,532","$2,141,903",0.08%,
LISTED EQUITY,-,-,-,-,"GARTNER, INC.",-,IT US,-,,"3,465","$2,137,082",0.08%,
LISTED EQUITY,-,-,-,-,IMDEX LTD.,-,IMD AU,-,,"785,615","$2,136,873",0.08%,
LISTED EQUITY,-,-,-,-,"PRUDENTIAL FINANCIAL, INC.",-,PRU US,-,,"13,030","$2,136,199",0.08%,
LISTED EQUITY,-,-,-,-,CRH PLC,-,CRH US,-,,"15,149","$2,121,993",0.08%,
LISTED EQUITY,-,-,-,-,RECRUIT HOLDINGS CO. LTD.,-,6098 JP,-,,"23,407","$2,110,430",0.08%,
LISTED EQUITY,-,-,-,-,INCYTE CORP.,-,INCY US,-,,"20,188","$2,097,771",0.08%,
LISTED EQUITY,-,-,-,-,ORACLE CORP.,-,ORCL US,-,,"6,238","$2,081,158",0.08%,
LISTED EQUITY,-,-,-,-,"THERMO FISHER SCIENTIFIC, INC.",-,TMO US,-,,"3,359","$2,078,455",0.08%,
LISTED EQUITY,-,-,-,-,"PALANTIR TECHNOLOGIES, INC.",-,PLTR US,-,,"9,803","$2,039,180",0.08%,
LISTED EQUITY,-,-,-,-,"LIFE360, INC.",-,360 AU,-,,"62,681","$2,017,059",0.07%,
LISTED EQUITY,-,-,-,-,ING GROEP NV,-,INGA NA,-,,"60,440","$2,016,422",0.07%,
LISTED EQUITY,-,-,-,-,"TOKIO MARINE HOLDINGS, INC.",-,8766 JP,-,,"31,177","$2,012,685",0.07%,
LISTED EQUITY,-,-,-,-,"SUMITOMO MITSUI TRUST GROUP, INC.",-,8309 JP,-,,"49,388","$2,002,921",0.07%,
LISTED EQUITY,-,-,-,-,UCB SA,-,UCB BB,-,,"6,674","$1,995,792",0.07%,
LISTED EQUITY,-,-,-,-,FEDEX CORP.,-,FDX US,-,,"5,751","$1,994,630",0.07%,
LISTED EQUITY,-,-,-,-,"MOTOROLA SOLUTIONS, INC.",-,MSI US,-,,"3,092","$1,983,458",0.07%,
LISTED EQUITY,-,-,-,-,BANCO BPM SPA,-,BAMI IM,-,,"110,448","$1,960,921",0.07%,
LISTED EQUITY,-,-,-,-,DNB BANK ASA,-,DNB NO,-,,"46,646","$1,959,559",0.07%,
LISTED EQUITY,-,-,-,-,"BORGWARNER, INC.",-,BWA US,-,,"38,345","$1,958,930",0.07%,
LISTED EQUITY,-,-,-,-,WATERS CORP.,-,WAT US,-,,"3,672","$1,955,796",0.07%,
LISTED EQUITY,-,-,-,-,ALLEGION PLC,-,ALLE US,-,,"8,837","$1,943,355",0.07%,
LISTED EQUITY,-,-,-,-,AXIS CAPITAL HOLDINGS LTD.,-,AXS US,-,,"12,236","$1,938,405",0.07%,
LISTED EQUITY,-,-,-,-,NORSK HYDRO ASA,-,NHY NO,-,,"222,939","$1,934,262",0.07%,
LISTED EQUITY,-,-,-,-,NINE ENTERTAINMENT CO. HOLDINGS LTD.,-,NEC AU,-,,"1,186,856","$1,928,640",0.07%,
LISTED EQUITY,-,-,-,-,TRACTOR SUPPLY CO.,-,TSCO US,-,,"23,826","$1,918,544",0.07%,
LISTED EQUITY,-,-,-,-,PROSUS NV,-,PRX NA,-,,"22,343","$1,899,750",0.07%,
LISTED EQUITY,-,-,-,-,"CF INDUSTRIES HOLDINGS, INC.",-,CF US,-,,"13,526","$1,898,810",0.07%,
LISTED EQUITY,-,-,-,-,ROYAL CARIBBEAN CRUISES LTD.,-,RCL US,-,,"3,948","$1,886,295",0.07%,
LISTED EQUITY,-,-,-,-,REECE LTD.,-,REH AU,-,,"129,866","$1,863,581",0.07%,
LISTED EQUITY,-,-,-,-,BEGA CHEESE LTD.,-,BGA AU,-,,"340,898","$1,861,306",0.07%,
LISTED EQUITY,-,-,-,-,"ILLINOIS TOOL WORKS, INC.",-,ITW US,-,,"4,922","$1,857,012",0.07%,
LISTED EQUITY,-,-,-,-,"TWILIO, INC.",-,TWLO US,-,,"9,407","$1,785,008",0.07%,
LISTED EQUITY,-,-,-,-,EXPERIAN PLC,-,EXPN LN,-,,"22,591","$1,772,356",0.07%,
LISTED EQUITY,-,-,-,-,ADIDAS AG,-,ADS GR,-,,"4,984","$1,767,009",0.07%,
LISTED EQUITY,-,-,-,-,UNIBAIL-RODAMCO-WESTFIELD,-,URW AU,-,,"246,772","$1,766,887",0.07%,
LISTED EQUITY,-,-,-,-,"ADOBE, INC.",-,ADBE US,-,,"2,991","$1,765,950",0.06%,
LISTED EQUITY,-,-,-,-,BRISTOL-MYERS SQUIBB CO.,-,BMY US,-,,"24,930","$1,760,871",0.06%,
LISTED EQUITY,-,-,-,-,"WALMART, INC.",-,WMT US,-,,"11,692","$1,744,405",0.06%,
LISTED EQUITY,-,-,-,-,"AUTOZONE, INC.",-,AZO US,-,,306,"$1,733,637",0.06%,
LISTED EQUITY,-,-,-,-,"DOLLARAMA, INC.",-,DOL CN,-,,"7,723","$1,657,055",0.06%,
LISTED EQUITY,-,-,-,-,"METLIFE, INC.",-,MET US,-,,"13,498","$1,656,356",0.06%,
LISTED EQUITY,-,-,-,-,"CBRE GROUP, INC.",-,CBRE US,-,,"7,739","$1,654,680",0.06%,
LISTED EQUITY,-,-,-,-,PRUDENTIAL PLC,-,PRU LN,-,,"86,111","$1,643,217",0.06%,
LISTED EQUITY,-,-,-,-,"GODADDY, INC.",-,GDDY US,-,,"5,944","$1,633,061",0.06%,
LISTED EQUITY,-,-,-,-,ASAHI KASEI CORP.,-,3407 JP,-,,"150,500","$1,632,792",0.06%,
LISTED EQUITY,-,-,-,-,KAO CORP.,-,4452 JP,-,,"23,693","$1,616,118",0.06%,
LISTED EQUITY,-,-,-,-,WISETECH GLOBAL LTD.,-,WTC AU,-,,"14,766","$1,609,943",0.06%,
LISTED EQUITY,-,-,-,-,SVENSKA CELLULOSA AB SCA,-,SCAB SS,-,,"81,647","$1,607,908",0.06%,
LISTED EQUITY,-,-,-,-,"WILLIAMS-SONOMA, INC.",-,WSM US,-,,"6,437","$1,604,689",0.06%,
LISTED EQUITY,-,-,-,-,GEA GROUP AG,-,G1A GR,-,,"15,064","$1,602,731",0.06%,
LISTED EQUITY,-,-,-,-,JUDO CAPITAL HOLDINGS LTD.,-,JDO AU,-,,"1,018,578","$1,594,074",0.06%,
LISTED EQUITY,-,-,-,-,FISHER & PAYKEL HEALTHCARE CORP. LTD.,-,FPH NZ,-,,"46,926","$1,567,011",0.06%,
LISTED EQUITY,-,-,-,-,NUCOR CORP.,-,NUE US,-,,"7,902","$1,561,873",0.06%,
LISTED EQUITY,-,-,-,-,FASTENAL CO.,-,FAST US,-,,"24,292","$1,556,831",0.06%,
LISTED EQUITY,-,-,-,-,RELIANCE WORLDWIDE CORP. LTD.,-,RWC AU,-,,"379,530","$1,556,075",0.06%,
LISTED EQUITY,-,-,-,-,"CITIZENS FINANCIAL GROUP, INC.",-,CFG US,-,,"22,430","$1,531,585",0.06%,
LISTED EQUITY,-,-,-,-,"ZOZO, INC.",-,3092 JP,-,,"92,912","$1,528,222",0.06%,
LISTED EQUITY,-,-,-,-,"AMERIPRISE FINANCIAL, INC.",-,AMP US,-,,"1,865","$1,519,217",0.06%,
LISTED EQUITY,-,-,-,-,ORION OYJ,-,ORNBV FH,-,,"13,254","$1,515,785",0.06%,
LISTED EQUITY,-,-,-,-,REGIS HEALTHCARE LTD.,-,REG AU,-,,"193,114","$1,514,017",0.06%,
LISTED EQUITY,-,-,-,-,STEADFAST GROUP LTD.,-,SDF AU,-,,"247,451","$1,487,179",0.05%,
LISTED EQUITY,-,-,-,-,"HUBBELL, INC.",-,HUBB US,-,,"2,358","$1,469,693",0.05%,
LISTED EQUITY,-,-,-,-,TELIX PHARMACEUTICALS LTD.,-,TLX AU,-,,"59,798","$1,460,269",0.05%,
LISTED EQUITY,-,-,-,-,AMCOR PLC,-,AMCR US,-,,"102,136","$1,432,256",0.05%,
LISTED EQUITY,-,-,-,-,NITTO DENKO CORP.,-,6988 JP,-,,"48,149","$1,419,858",0.05%,
LISTED EQUITY,-,-,-,-,"FORTUNE BRANDS INNOVATIONS, INC.",-,FBIN US,-,,"17,967","$1,411,335",0.05%,
LISTED EQUITY,-,-,-,-,PERPETUAL LTD.,-,PPT AU,-,,"77,508","$1,399,793",0.05%,
LISTED EQUITY,-,-,-,-,AIB GROUP PLC,-,AIBG ID,-,,"111,453","$1,394,430",0.05%,
LISTED EQUITY,-,-,-,-,SEKISUI CHEMICAL CO. LTD.,-,4204 JP,-,,"50,484","$1,393,012",0.05%,
LISTED EQUITY,-,-,-,-,ANSELL LTD.,-,ANN AU,-,,"45,732","$1,385,224",0.05%,
LISTED EQUITY,-,-,-,-,"TOAST, INC.",-,TOST US,-,,"20,474","$1,383,652",0.05%,
LISTED EQUITY,-,-,-,-,FINECOBANK BANCA FINECO SPA,-,FBK IM,-,,"40,399","$1,362,952",0.05%,
LISTED EQUITY,-,-,-,-,"FORTINET, INC.",-,FTNT US,-,,"8,378","$1,351,577",0.05%,
LISTED EQUITY,-,-,-,-,DEVELOP GLOBAL LTD.,-,DVP AU,-,,"275,050","$1,347,744",0.05%,
LISTED EQUITY,-,-,-,-,CHORUS LTD.,-,CNU AU,-,,"169,861","$1,326,618",0.05%,
LISTED EQUITY,-,-,-,-,ARCH CAPITAL GROUP LTD.,-,ACGL US,-,,"9,513","$1,321,661",0.05%,
LISTED EQUITY,-,-,-,-,TALANX AG,-,TLX GR,-,,"6,671","$1,313,135",0.05%,
LISTED EQUITY,-,-,-,-,NATWEST GROUP PLC,-,NWG LN,-,,"121,655","$1,300,910",0.05%,
LISTED EQUITY,-,-,-,-,CENTENE CORP.,-,CNC US,-,,"15,531","$1,286,410",0.05%,
LISTED EQUITY,-,-,-,-,SMITH & NEPHEW PLC,-,SN LN,-,,"54,732","$1,273,791",0.05%,
LISTED EQUITY,-,-,-,-,ADMIRAL GROUP PLC,-,ADM LN,-,,"18,305","$1,251,630",0.05%,
LISTED EQUITY,-,-,-,-,"APTARGROUP, INC.",-,ATR US,-,,"5,242","$1,251,134",0.05%,
LISTED EQUITY,-,-,-,-,SUPER RETAIL GROUP LTD.,-,SUL AU,-,,"87,507","$1,246,105",0.05%,
LISTED EQUITY,-,-,-,-,RATIONAL AG,-,RAA GR,-,,977,"$1,245,727",0.05%,
LISTED EQUITY,-,-,-,-,"MS&AD INSURANCE GROUP HOLDINGS, INC.",-,8725 JP,-,,"36,231","$1,236,238",0.05%,
LISTED EQUITY,-,-,-,-,FAST RETAILING CO. LTD.,-,9983 JP,-,,"2,336","$1,221,976",0.04%,
LISTED EQUITY,-,-,-,-,"HUBSPOT, INC.",-,HUBS US,-,,"1,437","$1,220,389",0.04%,
LISTED EQUITY,-,-,-,-,"CUMMINS, INC.",-,CMI US,-,,"2,410","$1,204,500",0.04%,
LISTED EQUITY,-,-,-,-,TEMPLE & WEBSTER GROUP LTD.,-,TPW AU,-,,"55,782","$1,189,276",0.04%,
LISTED EQUITY,-,-,-,-,"SPROUTS FARMERS MARKET, INC.",-,SFM US,-,,"4,705","$1,181,944",0.04%,
LISTED EQUITY,-,-,-,-,PANDORA AS,-,PNDORA DC,-,,"4,407","$1,176,475",0.04%,
LISTED EQUITY,-,-,-,-,LOGITECH INTERNATIONAL SA,-,LOGN SW,-,,"8,569","$1,173,442",0.04%,
LISTED EQUITY,-,-,-,-,AUTO TRADER GROUP PLC,-,AUTO LN,-,,"68,014","$1,172,456",0.04%,
LISTED EQUITY,-,-,-,-,"SAMSARA, INC.",-,IOT US,-,,"19,186","$1,164,598",0.04%,
LISTED EQUITY,-,-,-,-,VALEO SE,-,FR FP,-,,"69,892","$1,163,009",0.04%,
LISTED EQUITY,-,-,-,-,STORA ENSO OYJ,-,STERV FH,-,,"70,273","$1,161,040",0.04%,
LISTED EQUITY,-,-,-,-,KURITA WATER INDUSTRIES LTD.,-,6370 JP,-,,"19,116","$1,150,675",0.04%,
LISTED EQUITY,-,-,-,-,TECHTRONIC INDUSTRIES CO. LTD.,-,669 HK,-,,"68,409","$1,147,576",0.04%,
LISTED EQUITY,-,-,-,-,MEIJI HOLDINGS CO. LTD.,-,2269 JP,-,,"33,895","$1,141,136",0.04%,
LISTED EQUITY,-,-,-,-,BUNGE GLOBAL SA,-,BG US,-,,"9,220","$1,129,470",0.04%,
LISTED EQUITY,-,-,-,-,"T&D HOLDINGS, INC.",-,8795 JP,-,,"33,609","$1,125,471",0.04%,
LISTED EQUITY,-,-,-,-,ATLASSIAN CORP.,-,TEAM US,-,,"3,620","$1,121,735",0.04%,
LISTED EQUITY,-,-,-,-,U.S. FOODS HOLDING CORP.,-,USFD US,-,,"9,412","$1,105,984",0.04%,
LISTED EQUITY,-,-,-,-,GENMAB AS,-,GMAB DC,-,,"3,481","$1,098,819",0.04%,
LISTED EQUITY,-,-,-,-,"DAVITA, INC.",-,DVA US,-,,"5,033","$1,093,935",0.04%,
LISTED EQUITY,-,-,-,-,NEWMONT CORP.,-,NEM US,-,,"12,193","$1,083,990",0.04%,
LISTED EQUITY,-,-,-,-,METSO OYJ,-,METSO FH,-,,"55,106","$1,083,773",0.04%,
LISTED EQUITY,-,-,-,-,MITSUBISHI CHEMICAL GROUP CORP.,-,4188 JP,-,,"134,959","$1,080,675",0.04%,
LISTED EQUITY,-,-,-,-,"VEEVA SYSTEMS, INC.",-,VEEV US,-,,"2,427","$1,066,483",0.04%,
LISTED EQUITY,-,-,-,-,ERSTE GROUP BANK AG,-,EBS AV,-,,"8,227","$1,065,380",0.04%,
LISTED EQUITY,-,-,-,-,ROCHE HOLDING AG,-,RO SW,-,,"1,996","$1,051,979",0.04%,
LISTED EQUITY,-,-,-,-,"MERCADOLIBRE, INC.",-,MELI US,-,,261,"$1,039,968",0.04%,
LISTED EQUITY,-,-,-,-,"MAGNA INTERNATIONAL, INC.",-,MG CN,-,,"17,595","$1,035,769",0.04%,
LISTED EQUITY,-,-,-,-,"DOMINO'S PIZZA, INC.",-,DPZ US,-,,"1,505","$1,034,795",0.04%,
LISTED EQUITY,-,-,-,-,"AT&T, INC.",-,T US,-,,"22,761","$1,005,134",0.04%,
LISTED EQUITY,-,-,-,-,MOSAIC CO.,-,MOS US,-,,"18,017","$1,002,919",0.04%,
LISTED EQUITY,-,-,-,-,AUSTRALIAN CLINICAL LABS LTD.,-,ACL AU,-,,"359,632","$999,776",0.04%,
LISTED EQUITY,-,-,-,-,KELSIAN GROUP LTD.,-,KLS AU,-,,"262,499","$994,869",0.04%,
LISTED EQUITY,-,-,-,-,"TOREX GOLD RESOURCES, INC.",-,TXG CN,-,,"20,022","$994,587",0.04%,
LISTED EQUITY,-,-,-,-,MAGELLAN FINANCIAL GROUP LTD.,-,MFG AU,-,,"116,187","$994,564",0.04%,
LISTED EQUITY,-,-,-,-,"PULTEGROUP, INC.",-,PHM US,-,,"6,157","$990,765",0.04%,
LISTED EQUITY,-,-,-,-,KLA CORP.,-,KLAC US,-,,717,"$980,634",0.04%,
LISTED EQUITY,-,-,-,-,WIX.COM LTD.,-,WIX US,-,,"4,051","$979,431",0.04%,
LISTED EQUITY,-,-,-,-,FLETCHER BUILDING LTD.,-,FBU AU,-,,"351,090","$947,942",0.03%,
LISTED EQUITY,-,-,-,-,"T-MOBILE U.S., INC.",-,TMUS US,-,,"2,604","$946,654",0.03%,
LISTED EQUITY,-,-,-,-,NANOSONICS LTD.,-,NAN AU,-,,"231,050","$935,754",0.03%,
LISTED EQUITY,-,-,-,-,KIMBERLY-CLARK CORP.,-,KMB US,-,,"4,756","$935,640",0.03%,
LISTED EQUITY,-,-,-,-,ONO PHARMACEUTICAL CO. LTD.,-,4528 JP,-,,"56,491","$930,359",0.03%,
LISTED EQUITY,-,-,-,-,HELIA GROUP LTD.,-,HLI AU,-,,"162,986","$917,610",0.03%,
LISTED EQUITY,-,-,-,-,"RELIANCE, INC.",-,RS US,-,,"1,894","$907,190",0.03%,
LISTED EQUITY,-,-,-,-,YOKOHAMA RUBBER CO. LTD.,-,5101 JP,-,,"21,595","$906,136",0.03%,
LISTED EQUITY,-,-,-,-,"ZOOM COMMUNICATIONS, INC.",-,ZM US,-,,"7,569","$900,617",0.03%,
LISTED EQUITY,-,-,-,-,CHALICE MINING LTD.,-,CHN AU,-,,"531,826","$896,128",0.03%,
LISTED EQUITY,-,-,-,-,FIRSTSERVICE CORP.,-,FSV CN,-,,"3,337","$886,776",0.03%,
LISTED EQUITY,-,-,-,-,INGHAMS GROUP LTD.,-,ING AU,-,,"248,763","$883,109",0.03%,
LISTED EQUITY,-,-,-,-,MANULIFE FINANCIAL CORP.,-,MFC CN,-,,"17,936","$873,310",0.03%,
LISTED EQUITY,-,-,-,-,"UBER TECHNOLOGIES, INC.",-,UBER US,-,,"6,120","$871,299",0.03%,
LISTED EQUITY,-,-,-,-,CAPSTONE COPPER CORP.,-,CSC AU,-,,"91,869","$865,402",0.03%,
LISTED EQUITY,-,-,-,-,COCA-COLA HBC AG,-,CCH LN,-,,"10,803","$859,327",0.03%,
LISTED EQUITY,-,-,-,-,JAPAN POST INSURANCE CO. LTD.,-,7181 JP,-,,"24,742","$852,323",0.03%,
LISTED EQUITY,-,-,-,-,SUPERLOOP LTD.,-,SLC AU,-,,"278,978","$839,725",0.03%,
LISTED EQUITY,-,-,-,-,BEIERSDORF AG,-,BEI GR,-,,"4,395","$839,154",0.03%,
LISTED EQUITY,-,-,-,-,"NEXTRACKER, INC.",-,NXT US,-,,"9,949","$825,411",0.03%,
LISTED EQUITY,-,-,-,-,PERENTI LTD.,-,PRN AU,-,,"509,234","$824,959",0.03%,
LISTED EQUITY,-,-,-,-,"PHINIA, INC.",-,PHIN US,-,,"12,131","$823,513",0.03%,
LISTED EQUITY,-,-,-,-,"WORKDAY, INC.",-,WDAY US,-,,"2,236","$818,790",0.03%,
LISTED EQUITY,-,-,-,-,CREDIT CORP. GROUP LTD.,-,CCP AU,-,,"59,577","$806,079",0.03%,
LISTED EQUITY,-,-,-,-,HEWLETT PACKARD ENTERPRISE CO.,-,HPE US,-,,"24,919","$777,575",0.03%,
LISTED EQUITY,-,-,-,-,APPLOVIN CORP.,-,APP US,-,,"1,452","$775,431",0.03%,
LISTED EQUITY,-,-,-,-,DAIICHI SANKYO CO. LTD.,-,4568 JP,-,,"21,691","$771,050",0.03%,
LISTED EQUITY,-,-,-,-,"MIZUHO FINANCIAL GROUP, INC.",-,8411 JP,-,,"18,068","$762,122",0.03%,
LISTED EQUITY,-,-,-,-,SPARK NEW ZEALAND LTD.,-,SPK AU,-,,"337,777","$759,998",0.03%,
LISTED EQUITY,-,-,-,-,HONDA MOTOR CO. LTD.,-,7267 JP,-,,"50,770","$747,918",0.03%,
LISTED EQUITY,-,-,-,-,"CHARTER COMMUNICATIONS, INC.",-,CHTR US,-,,"1,199","$747,907",0.03%,
LISTED EQUITY,-,-,-,-,"NUTANIX, INC.",-,NTNX US,-,,"6,337","$739,149",0.03%,
LISTED EQUITY,-,-,-,-,"METRO, INC.",-,MRU CN,-,,"6,102","$729,939",0.03%,
LISTED EQUITY,-,-,-,-,MYER HOLDINGS LTD.,-,MYR AU,-,,"1,166,814","$705,922",0.03%,
LISTED EQUITY,-,-,-,-,DUERR AG,-,DUE GR,-,,"17,391","$703,986",0.03%,
LISTED EQUITY,-,-,-,-,"CARDINAL HEALTH, INC.",-,CAH US,-,,"2,687","$688,883",0.03%,
LISTED EQUITY,-,-,-,-,"DOORDASH, INC.",-,DASH US,-,,"1,766","$664,192",0.02%,
LISTED EQUITY,-,-,-,-,NIPPON TELEGRAPH & TELEPHONE CORP.,-,9432 JP,-,,"405,385","$659,496",0.02%,
LISTED EQUITY,-,-,-,-,OOH!MEDIA LTD.,-,OML AU,-,,"376,985","$650,300",0.02%,
LISTED EQUITY,-,-,-,-,"CLEAN HARBORS, INC.",-,CLH US,-,,"1,837","$648,112",0.02%,
LISTED EQUITY,-,-,-,-,IRESS LTD.,-,IRE AU,-,,"80,728","$645,822",0.02%,
LISTED EQUITY,-,-,-,-,VERBUND AG,-,VER AV,-,,"5,247","$612,328",0.02%,
LISTED EQUITY,-,-,-,-,HANG SENG BANK LTD.,-,11 HK,-,,"26,649","$609,169",0.02%,
LISTED EQUITY,-,-,-,-,YAOKO CO. LTD.,-,8279 JP,-,,"5,856","$588,138",0.02%,
LISTED EQUITY,-,-,-,-,EMERALD RESOURCES NL,-,EMR AU,-,,"148,568","$582,386",0.02%,
LISTED EQUITY,-,-,-,-,FIFTH THIRD BANCORP,-,FITB US,-,,"9,080","$569,837",0.02%,
LISTED EQUITY,-,-,-,-,VONOVIA SE,-,VNA GR,-,,"10,569","$566,217",0.02%,
LISTED EQUITY,-,-,-,-,"WW GRAINGER, INC.",-,GWW US,-,,356,"$564,496",0.02%,
LISTED EQUITY,-,-,-,-,LOVISA HOLDINGS LTD.,-,LOV AU,-,,"17,799","$563,878",0.02%,
LISTED EQUITY,-,-,-,-,FRESENIUS MEDICAL CARE AG,-,FME GR,-,,"6,225","$542,451",0.02%,
LISTED EQUITY,-,-,-,-,LOBLAW COS. LTD.,-,L CN,-,,"2,145","$540,371",0.02%,
LISTED EQUITY,-,-,-,-,IDP EDUCATION LTD.,-,IEL AU,-,,"147,181","$540,153",0.02%,
LISTED EQUITY,-,-,-,-,CHECK POINT SOFTWARE TECHNOLOGIES LTD.,-,CHKP US,-,,"1,586","$535,296",0.02%,
LISTED EQUITY,-,-,-,-,VERTIV HOLDINGS CO.,-,VRT US,-,,"2,653","$519,819",0.02%,
LISTED EQUITY,-,-,-,-,RESOLUTE MINING LTD.,-,RSG AU,-,,"837,928","$511,136",0.02%,
LISTED EQUITY,-,-,-,-,"BCE, INC.",-,BCE CN,-,,"14,349","$484,605",0.02%,
LISTED EQUITY,-,-,-,-,"PINTEREST, INC.",-,PINS US,-,,"8,803","$481,694",0.02%,
LISTED EQUITY,-,-,-,-,U.S. BANCORP,-,USB US,-,,"6,687","$461,746",0.02%,
LISTED EQUITY,-,-,-,-,"CARLYLE GROUP, INC.",-,CG US,-,,"5,559","$435,963",0.02%,
LISTED EQUITY,-,-,-,-,"TREND MICRO, INC.",-,4704 JP,-,,"4,100","$432,100",0.02%,
LISTED EQUITY,-,-,-,-,CAR GROUP LTD.,-,CAR AU,-,,"11,497","$430,231",0.02%,
LISTED EQUITY,-,-,-,-,CATALYST METALS LTD.,-,CYL AU,-,,"81,490","$425,375",0.02%,
LISTED EQUITY,-,-,-,-,"BEST BUY CO., INC.",-,BBY US,-,,"4,144","$424,448",0.02%,
LISTED EQUITY,-,-,-,-,TOKYO ELECTRON LTD.,-,8035 JP,-,,"1,430","$418,190",0.02%,
LISTED EQUITY,-,-,-,-,"MARVELL TECHNOLOGY, INC.",-,MRVL US,-,,"3,508","$414,275",0.02%,
LISTED EQUITY,-,-,-,-,BPER BANCA SPA,-,BPE IM,-,,"29,825","$412,209",0.02%,
LISTED EQUITY,-,-,-,-,INTACT FINANCIAL CORP.,-,IFC CN,-,,"1,144","$405,140",0.01%,
LISTED EQUITY,-,-,-,-,"REDDIT, INC.",-,RDDT US,-,,"1,724","$396,164",0.01%,
LISTED EQUITY,-,-,-,-,BANCO DE SABADELL SA,-,SAB SM,-,,"79,400","$384,419",0.01%,
LISTED EQUITY,-,-,-,-,RYANAIR HOLDINGS PLC,-,RYA ID,-,,"8,820","$379,463",0.01%,
LISTED EQUITY,-,-,-,-,KONE OYJ,-,KNEBV FH,-,,"3,764","$376,712",0.01%,
LISTED EQUITY,-,-,-,-,"LENNOX INTERNATIONAL, INC.",-,LII US,-,,423,"$370,286",0.01%,
LISTED EQUITY,-,-,-,-,SEA LTD.,-,SE US,-,,"1,443","$352,058",0.01%,
LISTED EQUITY,-,-,-,-,"CELESTICA, INC.",-,CLS CN,-,,"1,430","$340,272",0.01%,
LISTED EQUITY,-,-,-,-,EDENRED SE,-,EDEN FP,-,,"7,046","$331,814",0.01%,
LISTED EQUITY,-,-,-,-,YAMATO HOLDINGS CO. LTD.,-,9064 JP,-,,"15,493","$315,883",0.01%,
LISTED EQUITY,-,-,-,-,UNILEVER PLC,-,ULVR LN,-,,"3,332","$308,282",0.01%,
LISTED EQUITY,-,-,-,-,MONOTARO CO. LTD.,-,3064 JP,-,,"10,249","$308,040",0.01%,
LISTED EQUITY,-,-,-,-,INSULET CORP.,-,PODD US,-,,635,"$304,647",0.01%,
LISTED EQUITY,-,-,-,-,"HUMANA, INC.",-,HUM US,-,,815,"$303,930",0.01%,
LISTED EQUITY,-,-,-,-,IPSEN SA,-,IPN FP,-,,"1,559","$282,379",0.01%,
LISTED EQUITY,-,-,-,-,ADAIRS LTD.,-,ADH AU,-,,"134,238","$280,557",0.01%,
LISTED EQUITY,-,-,-,-,WESTERN DIGITAL CORP.,-,WDC US,-,,"2,864","$279,613",0.01%,
LISTED EQUITY,-,-,-,-,EBOS GROUP LTD.,-,EBO AU,-,,"7,668","$272,910",0.01%,
LISTED EQUITY,-,-,-,-,INPOST SA,-,INPST NA,-,,"10,381","$262,191",0.01%,
LISTED EQUITY,-,-,-,-,"IGM FINANCIAL, INC.",-,IGM CN,-,,"5,435","$261,451",0.01%,
LISTED EQUITY,-,-,-,-,HANNOVER RUECK SE,-,HNR1 GR,-,,524,"$250,975",0.01%,
LISTED EQUITY,-,-,-,-,TYRO PAYMENTS LTD.,-,TYR AU,-,,"282,119","$248,265",0.01%,
LISTED EQUITY,-,-,-,-,COGNIZANT TECHNOLOGY SOLUTIONS CORP.,-,CTSH US,-,,"1,986","$236,523",0.01%,
LISTED EQUITY,-,-,-,-,SVENSKA HANDELSBANKEN AB,-,SHBA SS,-,,"11,166","$226,058",0.01%,
LISTED EQUITY,-,-,-,-,"VERISK ANALYTICS, INC.",-,VRSK US,-,,464,"$220,475",0.01%,
LISTED EQUITY,-,-,-,-,SHERWIN-WILLIAMS CO.,-,SHW US,-,,409,"$214,052",0.01%,
LISTED EQUITY,-,-,-,-,HEALIUS LTD.,-,HLS AU,-,,"271,408","$213,055",0.01%,
LISTED EQUITY,-,-,-,-,CARVANA CO.,-,CVNA US,-,,382,"$196,581",0.01%,
LISTED EQUITY,-,-,-,-,CIGNA GROUP,-,CI US,-,,373,"$188,049",0.01%,
LISTED EQUITY,-,-,-,-,G8 EDUCATION LTD.,-,GEM AU,-,,"156,437","$184,596",0.01%,
LISTED EQUITY,-,-,-,-,"MOLINA HEALTHCARE, INC.",-,MOH US,-,,405,"$183,978",0.01%,
LISTED EQUITY,-,-,-,-,HELVETIA HOLDING AG,-,HELN SW,-,,514,"$183,333",0.01%,
LISTED EQUITY,-,-,-,-,MA FINANCIAL GROUP LTD.,-,MAF AU,-,,"23,347","$177,205",0.01%,
LISTED EQUITY,-,-,-,-,BARRICK MINING CORP.,-,ABX CN,-,,"5,530","$175,318",0.01%,
LISTED EQUITY,-,-,-,-,JAPAN AIRLINES CO. LTD.,-,9201 JP,-,,"5,053","$157,022",0.01%,
LISTED EQUITY,-,-,-,-,OTIS WORLDWIDE CORP.,-,OTIS US,-,,"1,034","$156,304",0.01%,
LISTED EQUITY,-,-,-,-,VOLKSWAGEN AG,-,VOW3 GR,-,,946,"$151,903",0.01%,
LISTED EQUITY,-,-,-,-,TELEFONAKTIEBOLAGET LM ERICSSON,-,ERICB SS,-,,"11,617","$150,549",0.01%,
LISTED EQUITY,-,-,-,-,"CARLISLE COS., INC.",-,CSL US,-,,255,"$145,317",0.01%,
LISTED EQUITY,-,-,-,-,KBC GROUP NV,-,KBC BB,-,,898,"$140,946",0.01%,
LISTED EQUITY,-,-,-,-,AENA SME SA,-,AENA SM,-,,"3,418","$138,733",0.01%,
LISTED EQUITY,-,-,-,-,SWISS RE AG,-,SREN SW,-,,522,"$137,116",0.01%,
LISTED EQUITY,-,-,-,-,BANK LEUMI LE-ISRAEL BM,-,LUMI IT,-,,"4,633","$131,467",0.00%,
LISTED EQUITY,-,-,-,-,ELISA OYJ,-,ELISA FH,-,,"1,530","$129,005",0.00%,
LISTED EQUITY,-,-,-,-,NATIONAL BANK OF CANADA,-,NA CN,-,,810,"$127,351",0.00%,
LISTED EQUITY,-,-,-,-,BOLIDEN AB,-,BOL SS,-,,"2,626","$124,085",0.00%,
LISTED EQUITY,-,-,-,-,"MONOLITHIC POWER SYSTEMS, INC.",-,MPWR US,-,,111,"$123,962",0.00%,
LISTED EQUITY,-,-,-,-,"CBOE GLOBAL MARKETS, INC.",-,CBOE US,-,,345,"$122,821",0.00%,
LISTED EQUITY,-,-,-,-,"LUNDIN GOLD, INC.",-,LUG CN,-,,"1,525","$122,657",0.00%,
LISTED EQUITY,-,-,-,-,PAN AMERICAN SILVER CORP.,-,PAAS CN,-,,"2,717","$117,416",0.00%,
LISTED EQUITY,-,-,-,-,LLOYDS BANKING GROUP PLC,-,LLOY LN,-,,"73,035","$117,134",0.00%,
LISTED EQUITY,-,-,-,-,"MONGODB, INC.",-,MDB US,-,,364,"$116,550",0.00%,
LISTED EQUITY,-,-,-,-,AGNICO EAGLE MINES LTD.,-,AEM CN,-,,620,"$112,439",0.00%,
LISTED EQUITY,-,-,-,-,UBS GROUP AG,-,UBSG SW,-,,"2,108","$108,478",0.00%,
LISTED EQUITY,-,-,-,-,MIZRAHI TEFAHOT BANK LTD.,-,MZTF IT,-,,"1,080","$107,442",0.00%,
LISTED EQUITY,-,-,-,-,SCREEN HOLDINGS CO. LTD.,-,7735 JP,-,,858,"$106,602",0.00%,
LISTED EQUITY,-,-,-,-,DANSKE BANK AS,-,DANSKE DC,-,,"1,710","$106,041",0.00%,
LISTED EQUITY,-,-,-,-,KINGFISHER PLC,-,KGF LN,-,,"16,641","$101,190",0.00%,
LISTED EQUITY,-,-,-,-,"PURE STORAGE, INC.",-,PSTG US,-,,"1,143","$100,441",0.00%,
LISTED EQUITY,-,-,-,-,"CME GROUP, INC.",-,CME US,-,,238,"$100,246",0.00%,
LISTED EQUITY,-,-,-,-,SMARTGROUP CORP. LTD.,-,SIQ AU,-,,"13,362","$98,481",0.00%,
LISTED EQUITY,-,-,-,-,DEUTSCHE BANK AG,-,DBK GR,-,,"2,131","$96,092",0.00%,
LISTED EQUITY,-,-,-,-,SITC INTERNATIONAL HOLDINGS CO. LTD.,-,1308 HK,-,,"19,545","$95,552",0.00%,
LISTED EQUITY,-,-,-,-,L'OREAL SA,-,OR FP,-,,144,"$93,944",0.00%,
LISTED EQUITY,-,-,-,-,JAPAN POST HOLDINGS CO. LTD.,-,6178 JP,-,,"6,626","$93,486",0.00%,
LISTED EQUITY,-,-,-,-,"JACK HENRY & ASSOCIATES, INC.",-,JKHY US,-,,337,"$92,660",0.00%,
SUB TOTAL LISTED EQUITY,,,,,,,,,,,"$1,468,924,302",54.06%,
UNLISTED EQUITY,INTERNALLY,-,-,-,FSSSP FINANCIAL SERVICES PTY LTD,-,-,-,100%,,,,
UNLISTED EQUITY,INTERNALLY,-,-,-,RUMIN8 PTY LTD,-,-,-,4%,,,,
SUB TOTAL UNLISTED EQUITY INTERNALLY,,,,,,,,,,,"$112,134",0.00%,
UNLISTED EQUITY,EXTERNALLY,-,-,BLACKBIRD VENTURES PTY LTD,-,-,-,-,,,"$24,447,551",0.90%,
UNLISTED EQUITY,EXTERNALLY,-,-,STEPSTONE GROUP LP,-,-,-,-,,,"$19,509,774",0.72%,
UNLISTED EQUITY,EXTERNALLY,-,-,"UPDATA MANAGEMENT, LLC",-,-,-,-,,,"$11,322,613",0.42%,
UNLISTED EQUITY,EXTERNALLY,-,-,GHO CAPITAL MANAGEMENT LIMITED,-,-,-,-,,,"$9,680,995",0.36%,
UNLISTED EQUITY,EXTERNALLY,-,-,CASTIK CAPITAL S.Ŕ.R.L.,-,-,-,-,,,"$8,942,608",0.33%,
UNLISTED EQUITY,EXTERNALLY,-,-,"WEBSTER EQUITY PARTNERS, LLC",-,-,-,-,,,"$8,309,310",0.31%,
UNLISTED EQUITY,EXTERNALLY,-,-,CINVEN LIMITED,-,-,-,-,,,"$7,238,279",0.27%,
UNLISTED EQUITY,EXTERNALLY,-,-,"AE INDUSTRIAL PARTNERS, LLC",-,-,-,-,,,"$4,933,160",0.18%,
UNLISTED EQUITY,EXTERNALLY,-,-,NEXUS POINT MANAGEMENT LIMITED,-,-,-,-,,,"$4,826,555",0.18%,
UNLISTED EQUITY,EXTERNALLY,-,-,ADAMANTEM CAPITAL PTY LTD,-,-,-,-,,,"$4,744,893",0.17%,
UNLISTED EQUITY,EXTERNALLY,-,-,INTEGRUM HOLDINGS LP,-,-,-,-,,,"$4,233,675",0.16%,
UNLISTED EQUITY,EXTERNALLY,-,-,"NEW 2ND CAPITAL ADVISORS, L.P.",-,-,-,-,,,"$4,113,078",0.15%,
UNLISTED EQUITY,EXTERNALLY,-,-,POTENTIA CAPITAL MANAGEMENT PTY LTD,-,-,-,-,,,"$4,087,971",0.15%,
UNLISTED EQUITY,EXTERNALLY,-,-,"TPG CAPITAL ADVISORS, LLC",-,-,-,-,,,"$3,416,314",0.13%,
UNLISTED EQUITY,EXTERNALLY,-,-,"FTV MANAGEMENT COMPANY, L.P.",-,-,-,-,,,"$3,110,306",0.11%,
UNLISTED EQUITY,EXTERNALLY,-,-,WARBURG PINCUS LLC,-,-,-,-,,,"$2,763,934",0.10%,
UNLISTED EQUITY,EXTERNALLY,-,-,ROC CAPITAL PTY LTD,-,-,-,-,,,"$2,342,397",0.09%,
UNLISTED EQUITY,EXTERNALLY,-,-,OPENSPACE VENTURES PTE LTD,-,-,-,-,,,"$2,097,868",0.08%,
UNLISTED EQUITY,EXTERNALLY,-,-,"SOLACE CAPITAL PARTNERS, LLC",-,-,-,-,,,"$2,095,711",0.08%,
UNLISTED EQUITY,EXTERNALLY,-,-,"POTENTUM PARTNERS, L.P.",-,-,-,-,,,"$2,006,253",0.07%,
UNLISTED EQUITY,EXTERNALLY,-,-,"STG PARTNERS, LLC",-,-,-,-,,,"$1,958,419",0.07%,
UNLISTED EQUITY,EXTERNALLY,-,-,BANSK GROUP LLC,-,-,-,-,,,"$1,881,269",0.07%,
UNLISTED EQUITY,EXTERNALLY,-,-,"FOUNDRY GROUP, LLC",-,-,-,-,,,"$1,641,572",0.06%,
UNLISTED EQUITY,EXTERNALLY,-,-,"WM PARTNERS, LP",-,-,-,-,,,"$1,406,782",0.05%,
UNLISTED EQUITY,EXTERNALLY,-,-,MACQUARIE INFRASTRUCTURE AND REAL ASSETS (EUROPE) S.Ŕ.R.L,-,-,-,-,,,"$1,314,578",0.05%,
UNLISTED EQUITY,EXTERNALLY,-,-,GREENBELT CAPITAL MANAGEMENT L.P.,-,-,-,-,,,"$1,240,482",0.05%,
UNLISTED EQUITY,EXTERNALLY,-,-,GENERATION INVESTMENT MANAGEMENT LLP,-,-,-,-,,,"$1,183,056",0.04%,
UNLISTED EQUITY,EXTERNALLY,-,-,"MOTIVE CAPITAL MANAGEMENT, LLC",-,-,-,-,,,"$1,112,207",0.04%,
UNLISTED EQUITY,EXTERNALLY,-,-,FIVE V CAPITAL PTY LTD,-,-,-,-,,,"$1,104,873",0.04%,
UNLISTED EQUITY,EXTERNALLY,-,-,"SER CAPITAL PARTNERS, LLC",-,-,-,-,,,"$1,082,747",0.04%,
UNLISTED EQUITY,EXTERNALLY,-,-,LYFE CAPITAL INVESTMENT MANAGEMENT LIMITED,-,-,-,-,,,"$1,013,402",0.04%,
UNLISTED EQUITY,EXTERNALLY,-,-,TOURING CAPITAL LLC,-,-,-,-,,,"$821,947",0.03%,
UNLISTED EQUITY,EXTERNALLY,-,-,EPIRIS LLP,-,-,-,-,,,"$767,026",0.03%,
UNLISTED EQUITY,EXTERNALLY,-,-,HEADLINE GROWTH MANAGEMENT LLC,-,-,-,-,,,"$687,706",0.03%,
UNLISTED EQUITY,EXTERNALLY,-,-,KKR AUSTRALIA INVESTMENT MANAGEMENT PTY LTD,-,-,-,-,,,"$660,955",0.02%,
UNLISTED EQUITY,EXTERNALLY,-,-,"HILDRED CAPITAL MANAGEMENT, LLC",-,-,-,-,,,"$623,066",0.02%,
UNLISTED EQUITY,EXTERNALLY,-,-,FITZWALTER CAPITAL (US) LLC,-,-,-,-,,,"$579,838",0.02%,
UNLISTED EQUITY,EXTERNALLY,-,-,"ARCTOS PARTNERS, LP",-,-,-,-,,,"$358,488",0.01%,
UNLISTED EQUITY,EXTERNALLY,-,-,IMPILO AB,-,-,-,-,,,"$217,350",0.01%,
UNLISTED EQUITY,EXTERNALLY,-,-,WILSHIRE AUSTRALIA PTY LTD,-,-,-,-,,,"$140,385",0.01%,
UNLISTED EQUITY,EXTERNALLY,-,-,"NORTHLANE CAPITAL PARTNERS, LLC",-,-,-,-,,,"$58,351",0.00%,
UNLISTED EQUITY,EXTERNALLY,-,-,"STERLING FUND MANAGEMENT, LLC",-,-,-,-,,,"$6,014",0.00%,
UNLISTED EQUITY,EXTERNALLY,-,-,"EMERALD TECHNOLOGY VENTURES AG, ZURICH",-,-,-,-,,,"$4,838",0.00%,
SUB TOTAL UNLISTED EQUITY EXTERNALLY,,,,,,,,,,,"$154,088,596",5.67%,
LISTED PROPERTY,-,-,-,-,GOODMAN GROUP,-,GMG AU,-,,"262,824","$8,999,105",0.33%,
LISTED PROPERTY,-,-,-,-,VICINITY LTD.,-,VCX AU,-,,"2,829,407","$6,988,635",0.26%,
LISTED PROPERTY,-,-,-,-,GPT GROUP,-,GPT AU,-,,"1,252,591","$6,062,542",0.22%,
LISTED PROPERTY,-,-,-,-,AMERICAN TOWER CORP.,-,AMT US,-,,"16,236","$5,475,693",0.20%,
LISTED PROPERTY,-,-,-,-,KLEPIERRE SA,-,LI FP,-,,"65,603","$3,929,431",0.14%,
LISTED PROPERTY,-,-,-,-,LENDLEASE GROUP,-,LLC AU,-,,"670,050","$3,604,872",0.13%,
LISTED PROPERTY,-,-,-,-,PUBLIC STORAGE,-,PSA US,-,,"5,292","$2,369,410",0.09%,
LISTED PROPERTY,-,-,-,-,"SIMON PROPERTY GROUP, INC.",-,SPG US,-,,"8,093","$1,985,305",0.07%,
LISTED PROPERTY,-,-,-,-,WEYERHAEUSER CO.,-,WY US,-,,"47,357","$1,856,403",0.07%,
LISTED PROPERTY,-,-,-,-,STOCKLAND,-,SGP AU,-,,"311,771","$1,671,094",0.06%,
LISTED PROPERTY,-,-,-,-,SCENTRE GROUP,-,SCG AU,-,,"467,723","$1,665,093",0.06%,
LISTED PROPERTY,-,-,-,-,CHARTER HALL GROUP,-,CHC AU,-,,"71,369","$1,369,575",0.05%,
LISTED PROPERTY,-,-,-,-,BWP TRUST,-,BWP AU,-,,"375,405","$1,321,425",0.05%,
LISTED PROPERTY,-,-,-,-,"EQUINIX, INC.",-,EQIX US,-,,806,"$978,489",0.04%,
LISTED PROPERTY,-,-,-,-,REGENCY CENTERS CORP.,-,REG US,-,,"6,313","$686,179",0.03%,
LISTED PROPERTY,-,-,-,-,LAND SECURITIES GROUP PLC,-,LAND LN,-,,"51,770","$683,073",0.03%,
LISTED PROPERTY,-,-,-,-,LENDLEASE CORP. LTD.,-,LLC AU,-,,"122,230","$657,598",0.02%,
LISTED PROPERTY,-,-,-,-,COVIVIO SA,-,COV FP,-,,"5,629","$539,883",0.02%,
LISTED PROPERTY,-,-,-,-,HMC CAPITAL LTD.,-,HMC AU,-,,"105,141","$536,220",0.02%,
LISTED PROPERTY,-,-,-,-,NATIONAL STORAGE REIT,-,NSR AU,-,,"136,329","$313,556",0.01%,
LISTED PROPERTY,-,-,-,-,DEXUS,-,DXS AU,-,,"39,869","$265,131",0.01%,
LISTED PROPERTY,-,-,-,-,CDL HOSPITALITY TRUSTS,-,CDREIT SP,-,,"17,251","$16,225",0.00%,
SUB TOTAL LISTED PROPERTY,,,,,,,,,,,"$51,974,937",1.91%,
UNLISTED PROPERTY,INTERNALLY,-,-,-,ALTIS REAL ESTATE TRUST,-,-,"""BANKSTOWN COMPASS CENTRE"", 83-99 NORTH TERRACE, BANKSTOWN,NSW",100%,,,,
UNLISTED PROPERTY,INTERNALLY,-,-,-,ALTIS REAL ESTATE TRUST,-,-,"""DICKSON VILLAGE"" (BTR), CORNER OF ANTILL STREET AND BRADHAM STREET, DICKSON,ACT",100%,,,,
UNLISTED PROPERTY,INTERNALLY,-,-,-,ALTIS REAL ESTATE TRUST,-,-,"""DICKSON VILLAGE"" (RETAIL), CORNER OF ANTILL STREET AND BRADHAM STREET, DICKSON,ACT",100%,,,,
UNLISTED PROPERTY,INTERNALLY,-,-,-,ALTIS REAL ESTATE TRUST,-,-,"""FIRST ESTATE"", 2-19 DISTRIBUTION DRIVE AND 579 MAMRE ROAD, ORCHARD HILLS,NSW",100%,,,,
UNLISTED PROPERTY,INTERNALLY,-,-,-,ALTIS REAL ESTATE TRUST,-,-,"""FOCUS AT MASON SQ"", 39-51 HOMER STREET, MOONEE PONDS (105 LOTS),VIC",100%,,,,
UNLISTED PROPERTY,INTERNALLY,-,-,-,ALTIS REAL ESTATE TRUST,-,-,"""METROPOL"" 81 COOYONG STREET, REID,ACT",100%,,,,
UNLISTED PROPERTY,INTERNALLY,-,-,-,ALTIS REAL ESTATE TRUST,-,-,"""SPACE 207"", 207 PACIFIC HIGHWAY, ST LEONARDS,NSW",100%,,,,
UNLISTED PROPERTY,INTERNALLY,-,-,-,ALTIS REAL ESTATE TRUST,-,-,"""THE FINERY"", GADIGAL AVENUE, WATERLOO,NSW",100%,,,,
UNLISTED PROPERTY,INTERNALLY,-,-,-,ALTIS REAL ESTATE TRUST,-,-,"""THE YARDS"", 657 MAMRE ROAD, KEMPS CREEK,NSW",50%,,,,
UNLISTED PROPERTY,INTERNALLY,-,-,-,ALTIS REAL ESTATE TRUST,-,-,"""WATERLOO MASTERY"", 44-48 O'DEA AVENUE, WATERLOO,NSW",100%,,,,
UNLISTED PROPERTY,INTERNALLY,-,-,-,ALTIS REAL ESTATE TRUST,-,-,"1-5 TREACY STREET, HURSTVILLE (53 LOTS),NSW",100%,,,,
UNLISTED PROPERTY,INTERNALLY,-,-,-,ALTIS REAL ESTATE TRUST,-,-,"11 PINNACLE STREET, MIRANDA (51 LOTS),NSW",100%,,,,
UNLISTED PROPERTY,INTERNALLY,-,-,-,ALTIS REAL ESTATE TRUST,-,-,"11-19 HOLDSWORTH AVE AND 12-20 BERRY ROAD, ST LEONARDS,NSW",100%,,,,
UNLISTED PROPERTY,INTERNALLY,-,-,-,ALTIS REAL ESTATE TRUST,-,-,"145 ANN STREET, BRISBANE,QLD",100%,,,,
UNLISTED PROPERTY,INTERNALLY,-,-,-,ALTIS REAL ESTATE TRUST,-,-,"2289-2309 ELIZABETH DRIVE, LUDDENHAM,NSW",100%,,,,
UNLISTED PROPERTY,INTERNALLY,-,-,-,ALTIS REAL ESTATE TRUST,-,-,"28 ELIZABETH STREET, LIVERPOOL,NSW",100%,,,,
UNLISTED PROPERTY,INTERNALLY,-,-,-,ALTIS REAL ESTATE TRUST,-,-,"33-35 ASHFORD AVE AND 11-13 PARTRIDGE STREET, CASTLE HILL,NSW",100%,,,,
UNLISTED PROPERTY,INTERNALLY,-,-,-,ALTIS REAL ESTATE TRUST,-,-,"50-52 QUEENS ROAD, MELBOURNE,VIC",100%,,,,
UNLISTED PROPERTY,INTERNALLY,-,-,-,ALTIS REAL ESTATE TRUST,-,-,"6-34 HIGH STREET, PRESTON,VIC",100%,,,,
UNLISTED PROPERTY,INTERNALLY,-,-,-,ALTIS REAL ESTATE TRUST,-,-,"8 GRAYLANDS ROAD, CLAREMONT,WA",100%,,,,
UNLISTED PROPERTY,INTERNALLY,-,-,-,ALTIS REAL ESTATE TRUST,-,-,"859 MAMRE ROAD, KEMPS CREEK,NSW",100%,,,,
UNLISTED PROPERTY,INTERNALLY,-,-,-,ALTIS REAL ESTATE TRUST,-,-,"890-898 BOURKE STREET, ZETLAND,NSW",100%,,,,
UNLISTED PROPERTY,INTERNALLY,-,-,-,ALTIS REAL ESTATE TRUST,-,-,"EUMEMMERRING BUSINESS PARK, 10-36 ABBOTTS ROAD, DANDENONG SOUTH,VIC",100%,,,,
UNLISTED PROPERTY,INTERNALLY,-,-,-,ALTIS REAL ESTATE TRUST,-,-,"PART 1 CLIFF ROAD, EPPING (61 LOTS),NSW",100%,,,,
UNLISTED PROPERTY,INTERNALLY,-,-,-,ALTIS REAL ESTATE TRUST,-,-,"PART 37-43 AND 53-59 BALMORAL ROAD, NORTHMEAD (35 LOTS),NSW",100%,,,,
UNLISTED PROPERTY,INTERNALLY,-,-,-,ALTIS REAL ESTATE TRUST,-,-,"PART 626 HEIDELBERG ROAD, ALPHINGTON (100 LOTS),VIC",100%,,,,
UNLISTED PROPERTY,INTERNALLY,-,-,-,ALTIS REAL ESTATE TRUST,-,-,"SOMERTON BUSINESS PARK, 5-161 HUME HWY, SOMERTON VIC 3062,VIC",100%,,,,
UNLISTED PROPERTY,INTERNALLY,-,-,-,ALTIS REAL ESTATE TRUST,-,-,"SUNSHINE MARKETPLACE, 80 HARVESTOR ROAD, SUNSHINE,VIC",50%,,,,
UNLISTED PROPERTY,INTERNALLY,-,-,-,AWARE REAL ESTATE MANAGEMENT PTY LTD,-,-,HTTPS://AWAREREALESTATE.COM.AU/,100%,,,,
UNLISTED PROPERTY,INTERNALLY,-,-,-,AWARE SUPER ELG FINCO PTY LTD,-,-,NO PROPERTY HELD,100%,,,,
UNLISTED PROPERTY,INTERNALLY,-,-,-,BANKSTOWN AIRPORT LIMITED,-,-,"3 AVRO ST, BANKSTOWN NSW 2200, AUSTRALIA",100%,,,,
UNLISTED PROPERTY,INTERNALLY,-,-,-,CAMDEN AIRPORT LIMITED,-,-,"AERODROME RD, COBBITTY NSW 2570, AUSTRALIA",100%,,,,
UNLISTED PROPERTY,INTERNALLY,-,-,-,DARE PROPERTY HOLDINGS LIMITED,-,-,"11-12 HANOVER SQUARE, MAYFAIR, LONDON.",99%,,,,
UNLISTED PROPERTY,INTERNALLY,-,-,-,DARE PROPERTY HOLDINGS LIMITED,-,-,"20 MANCHESTER SQUARE, MARYLEBONE, LONDON.",99%,,,,
UNLISTED PROPERTY,INTERNALLY,-,-,-,GET LIVING PLC,-,-,HTTPS://WWW.GETLIVING.COM/,22%,,,,
UNLISTED PROPERTY,INTERNALLY,-,-,-,KEYTON HOLDING PTY LTD,-,-,HTTPS://KEYTON.COM.AU,50%,,,,
UNLISTED PROPERTY,INTERNALLY,-,-,-,OAKTREE RETIREMENT VILLAGES,-,-,HTTPS://WWW.OAKTREEGROUP.COM.AU/,100%,,,,
UNLISTED PROPERTY,INTERNALLY,-,-,-,THE JULY B.V.,-,-,HTTPS://WWW.THEJULY.COM,99%,,,,
UNLISTED PROPERTY,INTERNALLY,-,-,-,"VIVENIO RESIDENCIAL SOCIMI, SA",-,-,HTTPS://VIVENIO.COM/,49%,,,,
SUB TOTAL UNLISTED PROPERTY INTERNALLY,,,,,,,,,,,"$111,955,590",4.12%,
UNLISTED PROPERTY,EXTERNALLY,-,-,GOODMAN FUNDS MANAGEMENT AUSTRALIA LIMITED,-,-,-,-,,,"$15,492,327",0.57%,
UNLISTED PROPERTY,EXTERNALLY,-,-,LENDLEASE (US) INVESTMENT MANAGEMENT LLC,-,-,-,-,,,"$15,121,874",0.56%,
UNLISTED PROPERTY,EXTERNALLY,-,-,LENDLEASE REAL ESTATE INVESTMENTS LIMITED,-,-,-,-,,,"$14,959,206",0.55%,
UNLISTED PROPERTY,EXTERNALLY,-,-,LENDLEASE INVESTMENT MANAGEMENT (AUSTRALIA) PTY LIMITED,-,-,-,-,,,"$4,457,035",0.16%,
UNLISTED PROPERTY,EXTERNALLY,-,-,DEXUS WHOLESALE PROPERTY LIMITED,-,-,-,-,,,"$3,701,341",0.14%,
UNLISTED PROPERTY,EXTERNALLY,-,-,GPT FUNDS MANAGEMENT LIMITED,-,-,-,-,,,"$3,321,880",0.12%,
UNLISTED PROPERTY,EXTERNALLY,-,-,STRIDE INVESTMENT MANAGEMENT LIMITED,-,-,-,-,,,"$1,371,050",0.05%,
UNLISTED PROPERTY,EXTERNALLY,-,-,HILLWOOD INVESTMENT PROPERTIES,-,-,-,-,,,"$1,209,182",0.04%,
UNLISTED PROPERTY,EXTERNALLY,-,-,"GOODMAN CONSULTORIA, PARTICIPAÇŐES E ADMINISTRAÇĂO DE VALORES MOBILIÁRIOS LTDA",-,-,-,-,,,"$414,123",0.02%,
UNLISTED PROPERTY,EXTERNALLY,-,-,BLACKOAK CAPITAL PTY LTD,-,-,-,-,,,"$159,114",0.01%,
UNLISTED PROPERTY,EXTERNALLY,-,-,EG FUNDS MANAGEMENT PTY LTD,-,-,-,-,,,"$102,082",0.00%,
UNLISTED PROPERTY,EXTERNALLY,-,-,SATTERLEY PROPERTY GROUP PTY LTD,-,-,-,-,,,"$1,033",0.00%,
SUB TOTAL UNLISTED PROPERTY EXTERNALLY,,,,,,,,,,,"$60,310,247",2.22%,
LISTED INFRASTRUCTURE,-,-,-,-,TRANSURBAN GROUP,-,TCL AU,-,,"559,018","$7,815,077",0.29%,
SUB TOTAL LISTED INFRASTRUCTURE,,,,,,,,,,,"$7,815,077",0.29%,
UNLISTED INFRASTRUCTURE,INTERNALLY,-,-,-,AUSTRALIAN REGISTRY HOLDING TRUST,-,-,-,38%,,,,
UNLISTED INFRASTRUCTURE,INTERNALLY,-,-,-,AWARE SUPER ELG FINCO PTY LTD,-,-,-,100%,,,,
UNLISTED INFRASTRUCTURE,INTERNALLY,-,-,-,AWARE SUPER ITC PLATFORM TRUST,-,-,-,100%,,,,
UNLISTED INFRASTRUCTURE,INTERNALLY,-,-,-,BIRDWOOD DG PTY LTD,-,-,-,87%,,,,
UNLISTED INFRASTRUCTURE,INTERNALLY,-,-,-,FSS NSW ALMOND ORCHARDS TRUST,-,-,-,100%,,,,
UNLISTED INFRASTRUCTURE,INTERNALLY,-,-,-,FSS SA ALMOND ORCHARDS TRUST,-,-,-,100%,,,,
UNLISTED INFRASTRUCTURE,INTERNALLY,-,-,-,FSS VIC ALMOND ORCHARDS TRUST,-,-,-,100%,,,,
UNLISTED INFRASTRUCTURE,INTERNALLY,-,-,-,VICTORIAN LAND REGISTRY SERVICES TRUST,-,-,-,100%,,,,
UNLISTED INFRASTRUCTURE,INTERNALLY,-,-,-,VOLTAIRE HOLDING PTY LIMITED,-,-,-,50%,,,,
UNLISTED INFRASTRUCTURE,INTERNALLY,-,-,-,VOYAGE AUSTRALIA HOLDINGS PTY LIMITED,-,-,-,50%,,,,
SUB TOTAL UNLISTED INFRASTRUCTURE INTERNALLY,,,,,,,,,,,"$173,746,139",6.39%,
UNLISTED INFRASTRUCTURE,EXTERNALLY,-,-,"DIGITALBRIDGE INVESTMENT MANAGEMENT, LLC",-,-,-,-,,,"$28,839,569",1.06%,
UNLISTED INFRASTRUCTURE,EXTERNALLY,-,-,QIC LIMITED,-,-,-,-,,,"$28,420,866",1.05%,
UNLISTED INFRASTRUCTURE,EXTERNALLY,-,-,STONEPEAK PARTNERS LP,-,-,-,-,,,"$14,900,451",0.55%,
UNLISTED INFRASTRUCTURE,EXTERNALLY,-,-,ARGYLE CAPITAL PARTNERS PTY LTD,-,-,-,-,,,"$13,832,083",0.51%,
UNLISTED INFRASTRUCTURE,EXTERNALLY,-,-,ROC CAPITAL PTY LTD,-,-,-,-,,,"$13,335,317",0.49%,
UNLISTED INFRASTRUCTURE,EXTERNALLY,-,-,IGNEO INFRASTRUCTURE PARTNERS,-,-,-,-,,,"$10,002,270",0.37%,
UNLISTED INFRASTRUCTURE,EXTERNALLY,-,-,PALISADE INVESTMENT PARTNERS LIMITED,-,-,-,-,,,"$7,342,373",0.27%,
UNLISTED INFRASTRUCTURE,EXTERNALLY,-,-,LENDLEASE INFRASTRUCTURE INVESTMENT MANAGEMENT PTY LIMITED,-,-,-,-,,,"$6,139,112",0.23%,
UNLISTED INFRASTRUCTURE,EXTERNALLY,-,-,"CAMPBELL GLOBAL, LLC",-,-,-,-,,,"$2,908,377",0.11%,
UNLISTED INFRASTRUCTURE,EXTERNALLY,-,-,"DARBY SERVTEC ENERGIA GP, LLC",-,-,-,-,,,"$2,867,044",0.11%,
UNLISTED INFRASTRUCTURE,EXTERNALLY,-,-,STAFFORD CAPITAL PARTNERS LIMITED,-,-,-,-,,,"$2,546,505",0.09%,
UNLISTED INFRASTRUCTURE,EXTERNALLY,-,-,LIGHTHOUSE INFRASTRUCTURE FUNDS MANAGEMENT PTY LTD,-,-,-,-,,,"$534,978",0.02%,
UNLISTED INFRASTRUCTURE,EXTERNALLY,-,-,CAPELLA CAPITAL INVESTMENTS PTY LIMITED,-,-,-,-,,,"$6,903",0.00%,
UNLISTED INFRASTRUCTURE,EXTERNALLY,-,-,KILTER PTY LTD (KILTER RURAL),-,-,-,-,,,"$2,094",0.00%,
SUB TOTAL UNLISTED INFRASTRUCTURE EXTERNALLY,,,,,,,,,,,"$131,677,942",4.85%,
SUB TOTAL LISTED ALTERNATIVES,,,,,,,,,,,$0,0.00%,
SUB TOTAL UNLISTED ALTERNATIVES INTERNALLY,,,,,,,,,,,$0,0.00%,
SUB TOTAL UNLISTED ALTERNATIVES EXTERNALLY,,,,,,,,,,,$0,0.00%,
TOTAL INVESTMENT ITEMS,,,,,,,,,,,"$2,697,695,309",99.28%,
,,,,,,,,,,,,,
,,,,,,,,,,,,,
PHD SCHEDULE 8D TABLE 2 - PORTFOLIO HOLDINGS INFORMATION FOR INVESTMENT OPTION [VSACCSOCCN] - DERIVATIVES - 2025-06-30,,,,,,,,,,,,,
KIND OF DERIVATIVE,VALUE,WEIGHTING,,,,,,,,,,,
SWAPS,"-$63,024.00",0.00%,,,,,,,,,,,
FORWARDS,"$19,649,863.00",0.72%,,,,,,,,,,,
FUTURES,"$102,863.00",0.00%,,,,,,,,,,,
OPTIONS,$0.00,0.00%,,,,,,,,,,,
OTHERS,$0.00,0.00%,,,,,,,,,,,
TOTAL,"$19,689,702.00",0.72%,,,,,,,,,,,
PHD SCHEDULE 8D TABLE 2 - PORTFOLIO HOLDINGS INFORMATION FOR INVESTMENT OPTION [VSACCSOCCN] - DERIVATIVES - 2025-06-30,,,,,,,,,,,,,
KIND OF DERIVATIVE,VALUE,WEIGHTING,,,,,,,,,,,
SWAPS,"-$63,024.00",0.00%,,,,,,,,,,,
FORWARDS,"$19,649,863.00",0.72%,,,,,,,,,,,
FUTURES,"$102,863.00",0.00%,,,,,,,,,,,
OPTIONS,$0.00,0.00%,,,,,,,,,,,
OTHERS,$0.00,0.00%,,,,,,,,,,,
TOTAL,"$19,689,702.00",0.72%,,,,,,,,,,,
,,,,,,,,,,,,,
,,,,,,,,,,,,,
PHD SCHEDULE 8D TABLE 3 - PORTFOLIO HOLDINGS INFORMATION FOR INVESTMENT OPTION [VSACCSOCCN] - DERIVATIVES BY ASSET CLASS - 2025-06-30,,,,,,,,,,,,,
ASSET CLASS,ACTUAL ASSET ALLOCATION (% OF ASSETS (INCLUDING DERIVATIVES) IN THE INVESTMENT OPTION),EFFECT OF DERIVATIVES EXPOSURE (% OF ASSETS (INCLUDING DERIVATIVES) IN THE INVESTMENT OPTION),,,,,,,,,,,
CASH,2%,-1%,,,,,,,,,,,
FIXED INCOME,18%,+2%,,,,,,,,,,,
EQUITIES,60%,-1%,,,,,,,,,,,
PROPERTY,8%,0%,,,,,,,,,,,
INFRASTRUCTURE,12%,0%,,,,,,,,,,,
ALTERNATIVES,0%,0%,,,,,,,,,,,
TOTAL,100%,,,,,,,,,,,,
,,,,,,,,,,,,,
,,,,,,,,,,,,,
PHD SCHEDULE 8D TABLE 4 - PORTFOLIO HOLDINGS INFORMATION FOR INVESTMENT OPTION [VSACCSOCCN] - DERIVATIVES BY CURRENCY - 2025-06-30,,,,,,,,,,,,,
CURRENCY EXPOSURE,ACTUAL CURRENCY EXPOSURE (% OF ASSETS (INCLUDING DERIVATIVES) IN THE INVESTMENT OPTION),EFFECT OF DERIVATIVES EXPOSURE (% OF ASSETS (INCLUDING DERIVATIVES) IN THE INVESTMENT OPTION),,,,,,,,,,,
AUD,53%,+24%,,,,,,,,,,,
USD,34%,-17%,,,,,,,,,,,
CURRENCIES OF OTHER DEVELOPED MARKETS,13%,-7%,,,,,,,,,,,
CURRENCIES OF EMERGING MARKETS,0%,0%,,,,,,,,,,,
,,,,,,,,,,,,,
,,,,,,,,,,,,,
,,,,,,,,,,,,,
,,,,,,,,,,,,,
,,,,,,,,,,,,,
,,,,,,,,,,,,,
,,,,,,,,,,,,,
,,,,,,,,,,,,,
,,,,,,,,,,,,,
,,,,,,,,,,,,,
,,,,,,,,,,,,,
,,,,,,,,,,,,,
,,,,,,,,,,,,,
,,,,,,,,,,,,,
,,,,,,,,,,,,,
